id,release_date,movie,production_budget,domestic_gross,worldwide_gross,year_x,studio_bom,domestic_gross_y,foreign_gross_bom,year_y,movie_clean,profit,ROI,movie_id,primary_title,original_title,start_year,runtime_minutes,genres,averagerating,numvotes,main_genres,clean_title
1,2009-12-18,avatar,425000000.0,760507625.0,,2009,unknown,,,,avatar,,,tt1775309,Avatar,Abatâ,2011,93,Horror,6.1,43,Horror,avatar
2,2011-05-20,pirates of the caribbean: on stranger tides,410600000.0,241063875.0,1045663875.0,2011,BV,241100000.0,804600000.0,2011.0,pirates of the caribbean: on stranger tides,635063875.0,1.5466728567949342,tt1298650,Pirates of the Caribbean: On Stranger Tides,Pirates of the Caribbean: On Stranger Tides,2011,136,"Action,Adventure,Fantasy",6.6,447624,Action,pirates of the caribbean: on stranger tides
3,2019-06-07,dark phoenix,350000000.0,42762350.0,,2019,unknown,,,,dark phoenix,,,tt6565702,Dark Phoenix,Dark Phoenix,2019,113,"Action,Adventure,Sci-Fi",6.0,24451,Action,dark phoenix
4,2015-05-01,avengers: age of ultron,330600000.0,459005868.0,1405405868.0,2015,BV,459000000.0,946400000.0,2015.0,avengers: age of ultron,1074805868.0,3.2510764307320024,tt2395427,Avengers: Age of Ultron,Avengers: Age of Ultron,2015,141,"Action,Adventure,Sci-Fi",7.3,665594,Action,avengers: age of ultron
7,2018-04-27,avengers: infinity war,300000000.0,678815482.0,,2018,unknown,,,,avengers: infinity war,,,tt4154756,Avengers: Infinity War,Avengers: Infinity War,2018,149,"Action,Adventure,Sci-Fi",8.5,670926,Action,avengers: infinity war
9,2017-11-17,justice league,300000000.0,229024295.0,657924295.0,2017,WB,229000000.0,428900000.0,2017.0,justice league,357924295.0,1.1930809833333333,tt0974015,Justice League,Justice League,2017,120,"Action,Adventure,Fantasy",6.5,329135,Action,justice league
10,2015-11-06,spectre,300000000.0,200074175.0,880674175.0,2015,Sony,200100000.0,680600000.0,2015.0,spectre,580674175.0,1.9355805833333333,tt2379713,Spectre,Spectre,2015,148,"Action,Adventure,Thriller",6.8,352504,Action,spectre
11,2012-07-20,the dark knight rises,275000000.0,448139099.0,1084939099.0,2012,WB,448100000.0,636800000.0,2012.0,the dark knight rises,809939099.0,2.9452330872727273,tt1345836,The Dark Knight Rises,The Dark Knight Rises,2012,164,"Action,Thriller",8.4,1387769,Action,the dark knight rises
12,2018-05-25,solo: a star wars story,275000000.0,213767512.0,392967512.0,2018,BV,213800000.0,179200000.0,2018.0,solo: a star wars story,117967512.0,0.4289727709090909,tt3778644,Solo: A Star Wars Story,Solo: A Star Wars Story,2018,135,"Action,Adventure,Fantasy",7.0,226243,Action,solo: a star wars story
13,2013-07-02,the lone ranger,275000000.0,89302115.0,260502115.0,2013,BV,89300000.0,171200000.0,2013.0,the lone ranger,-14497885.0,-0.052719581818181815,tt1210819,The Lone Ranger,The Lone Ranger,2013,150,"Action,Adventure,Western",6.4,208827,Action,the lone ranger
14,2012-03-09,john carter,275000000.0,73058679.0,284158679.0,2012,BV,73100000.0,211100000.0,2012.0,john carter,9158679.0,0.03330428727272727,tt0401729,John Carter,John Carter,2012,132,"Action,Adventure,Sci-Fi",6.6,241792,Action,john carter
15,2010-11-24,tangled,260000000.0,200821936.0,591821936.0,2010,BV,200800000.0,391000000.0,2010.0,tangled,331821936.0,1.2762382153846155,tt0398286,Tangled,Tangled,2010,100,"Adventure,Animation,Comedy",7.8,366366,Adventure,tangled
17,2016-05-06,captain america: civil war,250000000.0,408084349.0,1153284349.0,2016,BV,408100000.0,745200000.0,2016.0,captain america: civil war,903284349.0,3.613137396,tt3498820,Captain America: Civil War,Captain America: Civil War,2016,147,"Action,Adventure,Sci-Fi",7.8,583507,Action,captain america: civil war
18,2016-03-25,batman v superman: dawn of justice,250000000.0,330360194.0,873660194.0,2016,WB,330400000.0,543300000.0,2016.0,batman v superman: dawn of justice,623660194.0,2.494640776,tt2975590,Batman v Superman: Dawn of Justice,Batman v Superman: Dawn of Justice,2016,151,"Action,Adventure,Fantasy",6.5,576909,Action,batman v superman: dawn of justice
19,2012-12-14,the hobbit: an unexpected journey,250000000.0,303003568.0,1021103568.0,2012,WB (NL),303000000.0,718100000.0,2012.0,the hobbit: an unexpected journey,771103568.0,3.084414272,tt0903624,The Hobbit: An Unexpected Journey,The Hobbit: An Unexpected Journey,2012,169,"Adventure,Family,Fantasy",7.9,719629,Adventure,the hobbit: an unexpected journey
21,2013-12-13,the hobbit: the desolation of smaug,250000000.0,258366855.0,958366855.0,2013,WB (NL),258399999.0,700000000.0,2013.0,the hobbit: the desolation of smaug,708366855.0,2.83346742,tt1170358,The Hobbit: The Desolation of Smaug,The Hobbit: The Desolation of Smaug,2013,161,"Adventure,Fantasy",7.8,565563,Adventure,the hobbit: the desolation of smaug
22,2014-12-17,the hobbit: the battle of the five armies,250000000.0,255119788.0,956019788.0,2014,WB (NL),255100000.0,700900000.0,2014.0,the hobbit: the battle of the five armies,706019788.0,2.824079152,tt2310332,The Hobbit: The Battle of the Five Armies,The Hobbit: The Battle of the Five Armies,2014,144,"Adventure,Fantasy",7.4,438621,Adventure,the hobbit: the battle of the five armies
23,2017-04-14,the fate of the furious,250000000.0,225764765.0,,2017,unknown,,,,the fate of the furious,,,tt4630562,The Fate of the Furious,The Fate of the Furious,2017,136,"Action,Crime,Thriller",6.7,179774,Action,the fate of the furious
25,2017-05-26,pirates of the caribbean: dead men tell no tales,230000000.0,172558876.0,794858876.0,2017,BV,172600000.0,622300000.0,2017.0,pirates of the caribbean: dead men tell no tales,564858876.0,2.455908156521739,tt1790809,Pirates of the Caribbean: Dead Men Tell No Tales,Pirates of the Caribbean: Dead Men Tell No Tales,2017,129,"Action,Adventure,Fantasy",6.6,228592,Action,pirates of the caribbean: dead men tell no tales
27,2012-05-04,the avengers,225000000.0,623279547.0,,2012,unknown,,,,the avengers,,,tt0848228,The Avengers,The Avengers,2012,143,"Action,Adventure,Sci-Fi",8.1,1183655,Action,the avengers
35,1998-08-14,the avengers,60000000.0,23385416.0,,1998,unknown,,,,the avengers,,,tt0848228,The Avengers,The Avengers,2012,143,"Action,Adventure,Sci-Fi",8.1,1183655,Action,the avengers
29,2013-06-14,man of steel,225000000.0,291045518.0,668045518.0,2013,WB,291000000.0,377000000.0,2013.0,man of steel,443045518.0,1.969091191111111,tt0770828,Man of Steel,Man of Steel,2013,143,"Action,Adventure,Sci-Fi",7.1,647288,Action,man of steel
31,2012-07-03,the amazing spider-man,220000000.0,262030663.0,757930663.0,2012,Sony,262000000.0,495900000.0,2012.0,the amazing spider-man,537930663.0,2.4451393772727275,tt0948470,The Amazing Spider-Man,The Amazing Spider-Man,2012,136,"Action,Adventure,Sci-Fi",7.0,525632,Action,the amazing spider-man
32,2012-05-18,battleship,220000000.0,65233400.0,302833400.0,2012,Uni.,65400000.0,237600000.0,2012.0,battleship,82833400.0,0.37651545454545454,tt1440129,Battleship,Battleship,2012,131,"Action,Adventure,Sci-Fi",5.8,225342,Action,battleship
33,2017-06-21,transformers: the last knight,217000000.0,130168683.0,605468683.0,2017,Par.,130199999.0,475300000.0,2017.0,transformers: the last knight,388468683.0,1.790178262672811,tt3371366,Transformers: The Last Knight,Transformers: The Last Knight,2017,154,"Action,Adventure,Sci-Fi",5.2,119007,Action,transformers: the last knight
34,2015-06-12,jurassic world,215000000.0,652270625.0,,2015,unknown,,,,jurassic world,,,tt0369610,Jurassic World,Jurassic World,2015,124,"Action,Adventure,Sci-Fi",7.0,539338,Action,jurassic world
35,2012-05-25,men in black 3,215000000.0,179020854.0,,2012,unknown,,,,men in black 3,,,tt1409024,Men in Black 3,Men in Black 3,2012,106,"Action,Adventure,Comedy",6.8,309879,Action,men in black 3
37,2014-06-27,transformers: age of extinction,210000000.0,245439076.0,1104039076.0,2014,Par.,245400000.0,858600000.0,2014.0,transformers: age of extinction,894039076.0,4.2573289333333335,tt2109248,Transformers: Age of Extinction,Transformers: Age of Extinction,2014,165,"Action,Adventure,Sci-Fi",5.7,283486,Action,transformers: age of extinction
39,2010-05-14,robin hood,210000000.0,105487148.0,321887148.0,2010,Uni.,105300000.0,216400000.0,2010.0,robin hood,111887148.0,0.5327959428571428,tt0955308,Robin Hood,Robin Hood,2010,140,"Action,Adventure,Drama",6.6,239480,Action,robin hood
39,2010-05-14,robin hood,210000000.0,105487148.0,321887148.0,2010,Uni.,105300000.0,216400000.0,2010.0,robin hood,111887148.0,0.5327959428571428,tt2363363,Robin Hood,Robin Hood,2013,92,"Action,Drama",6.3,78,Action,robin hood
39,2010-05-14,robin hood,210000000.0,105487148.0,321887148.0,2010,Uni.,105300000.0,216400000.0,2010.0,robin hood,111887148.0,0.5327959428571428,tt4532826,Robin Hood,Robin Hood,2018,116,"Action,Adventure,Thriller",5.3,41588,Action,robin hood
9,2018-11-21,robin hood,99000000.0,30824628.0,247224628.0,2018,Uni.,105300000.0,216400000.0,2010.0,robin hood,148224628.0,1.4972184646464646,tt0955308,Robin Hood,Robin Hood,2010,140,"Action,Adventure,Drama",6.6,239480,Action,robin hood
9,2018-11-21,robin hood,99000000.0,30824628.0,247224628.0,2018,Uni.,105300000.0,216400000.0,2010.0,robin hood,148224628.0,1.4972184646464646,tt2363363,Robin Hood,Robin Hood,2013,92,"Action,Drama",6.3,78,Action,robin hood
9,2018-11-21,robin hood,99000000.0,30824628.0,247224628.0,2018,Uni.,105300000.0,216400000.0,2010.0,robin hood,148224628.0,1.4972184646464646,tt4532826,Robin Hood,Robin Hood,2018,116,"Action,Adventure,Thriller",5.3,41588,Action,robin hood
42,2018-02-16,black panther,200000000.0,700059566.0,1346959566.0,2018,BV,700100000.0,646900000.0,2018.0,black panther,1146959566.0,5.73479783,tt1825683,Black Panther,Black Panther,2018,134,"Action,Adventure,Sci-Fi",7.3,516148,Action,black panther
44,2018-06-15,incredibles 2,200000000.0,608581744.0,1242781744.0,2018,BV,608600000.0,634200000.0,2018.0,incredibles 2,1042781744.0,5.21390872,tt3606756,Incredibles 2,Incredibles 2,2018,118,"Action,Adventure,Animation",7.7,203510,Action,incredibles 2
45,2016-12-16,rogue one: a star wars story,200000000.0,532177324.0,1056077324.0,2016,BV,532200000.0,523900000.0,2016.0,rogue one: a star wars story,856077324.0,4.28038662,tt3748528,Rogue One: A Star Wars Story,Rogue One,2016,133,"Action,Adventure,Sci-Fi",7.8,478592,Action,rogue one: a star wars story
46,2016-06-17,finding dory,200000000.0,486295561.0,1028595561.0,2016,BV,486300000.0,542300000.0,2016.0,finding dory,828595561.0,4.142977805,tt2277860,Finding Dory,Finding Dory,2016,97,"Adventure,Animation,Comedy",7.3,213542,Adventure,finding dory
47,2010-06-18,toy story 3,200000000.0,415004880.0,1067004880.0,2010,BV,415000000.0,652000000.0,2010.0,toy story 3,867004880.0,4.3350244,tt0435761,Toy Story 3,Toy Story 3,2010,103,"Adventure,Animation,Comedy",8.3,682218,Adventure,toy story 3
48,2013-05-03,iron man 3,200000000.0,408992272.0,1214792272.0,2013,BV,409000000.0,805800000.0,2013.0,iron man 3,1014792272.0,5.07396136,tt1300854,Iron Man 3,Iron Man Three,2013,130,"Action,Adventure,Sci-Fi",7.2,692794,Action,iron man 3
51,2010-03-05,alice in wonderland,200000000.0,334191110.0,,2010,unknown,,,,alice in wonderland,,,tt1014759,Alice in Wonderland,Alice in Wonderland,2010,108,"Adventure,Family,Fantasy",6.5,358813,Adventure,alice in wonderland
51,2010-03-05,alice in wonderland,200000000.0,334191110.0,,2010,unknown,,,,alice in wonderland,,,tt2049386,Alice in Wonderland,Alice in Wonderland,2010,99,"Fantasy,Musical",6.5,6,Fantasy,alice in wonderland
60,1951-07-28,alice in wonderland,3000000.0,0.0,,1951,unknown,,,,alice in wonderland,,,tt1014759,Alice in Wonderland,Alice in Wonderland,2010,108,"Adventure,Family,Fantasy",6.5,358813,Adventure,alice in wonderland
60,1951-07-28,alice in wonderland,3000000.0,0.0,,1951,unknown,,,,alice in wonderland,,,tt2049386,Alice in Wonderland,Alice in Wonderland,2010,99,"Fantasy,Musical",6.5,6,Fantasy,alice in wonderland
52,2012-11-08,skyfall,200000000.0,304360277.0,1108560277.0,2012,Sony,304400000.0,804200000.0,2012.0,skyfall,908560277.0,4.542801385,tt1074638,Skyfall,Skyfall,2012,143,"Action,Adventure,Thriller",7.8,592221,Action,skyfall
53,2013-06-21,monsters university,200000000.0,268488329.0,744188329.0,2013,BV,268500000.0,475700000.0,2013.0,monsters university,544188329.0,2.720941645,tt1453405,Monsters University,Monsters University,2013,104,"Adventure,Animation,Comedy",7.3,291887,Adventure,monsters university
54,2013-03-08,oz the great and powerful,200000000.0,234770996.0,493170995.0,2013,BV,234900000.0,258399999.0,2013.0,oz the great and powerful,293170995.0,1.465854975,tt1623205,Oz the Great and Powerful,Oz the Great and Powerful,2013,130,"Adventure,Family,Fantasy",6.3,192045,Adventure,oz the great and powerful
55,2014-05-23,x-men: days of future past,200000000.0,233921534.0,747821534.0,2014,Fox,233900000.0,513900000.0,2014.0,x-men: days of future past,547821534.0,2.73910767,tt1877832,X-Men: Days of Future Past,X-Men: Days of Future Past,2014,132,"Action,Adventure,Sci-Fi",8.0,620079,Action,x-men: days of future past
56,2014-05-02,the amazing spider-man 2,200000000.0,202853933.0,708953933.0,2014,Sony,202900000.0,506100000.0,2014.0,the amazing spider-man 2,508953933.0,2.544769665,tt1872181,The Amazing Spider-Man 2,The Amazing Spider-Man 2,2014,142,"Action,Adventure,Sci-Fi",6.6,388363,Action,the amazing spider-man 2
57,2011-06-24,cars 2,200000000.0,191450875.0,562150875.0,2011,BV,191500000.0,370700000.0,2011.0,cars 2,362150875.0,1.810754375,tt1216475,Cars 2,Cars 2,2011,106,"Adventure,Animation,Comedy",6.2,138914,Adventure,cars 2
58,2010-12-17,tron: legacy,200000000.0,172062763.0,,2010,unknown,,,,tron: legacy,,,tt1104001,TRON: Legacy,Tron,2010,125,"Action,Adventure,Fantasy",6.8,296211,Action,tron: legacy
60,2018-11-16,fantastic beasts: the crimes of grindelwald,200000000.0,159555901.0,653655901.0,2018,WB,159600000.0,494100000.0,2018.0,fantastic beasts: the crimes of grindelwald,453655901.0,2.268279505,tt4123430,Fantastic Beasts: The Crimes of Grindelwald,Fantastic Beasts: The Crimes of Grindelwald,2018,134,"Adventure,Family,Fantasy",6.6,163151,Adventure,fantastic beasts: the crimes of grindelwald
62,2011-06-17,green lantern,200000000.0,116601172.0,219901172.0,2011,WB,116600000.0,103300000.0,2011.0,green lantern,19901172.0,0.09950586,tt1133985,Green Lantern,Green Lantern,2011,114,"Action,Adventure,Sci-Fi",5.5,252281,Action,green lantern
64,2011-06-29,transformers: dark of the moon,195000000.0,352390543.0,1123790543.0,2011,P/DW,352400000.0,771400000.0,2011.0,transformers: dark of the moon,928790543.0,4.763028425641026,tt1399103,Transformers: Dark of the Moon,Transformers: Dark of the Moon,2011,154,"Action,Adventure,Sci-Fi",6.2,366409,Action,transformers: dark of the moon
65,2017-06-09,the mummy,195000000.0,80101125.0,,2017,unknown,,,,the mummy,,,tt2345759,The Mummy,The Mummy,2017,110,"Action,Adventure,Fantasy",5.5,154345,Action,the mummy
44,1999-05-07,the mummy,80000000.0,155385488.0,,1999,unknown,,,,the mummy,,,tt2345759,The Mummy,The Mummy,2017,110,"Action,Adventure,Fantasy",5.5,154345,Action,the mummy
66,2013-03-01,jack the giant slayer,195000000.0,65187603.0,197687603.0,2013,WB (NL),65200000.0,132500000.0,2013.0,jack the giant slayer,2687603.0,0.013782579487179487,tt1351685,Jack the Giant Slayer,Jack the Giant Slayer,2013,114,"Adventure,Fantasy",6.3,123127,Adventure,jack the giant slayer
67,2015-04-03,furious 7,190000000.0,353007020.0,,2015,unknown,,,,furious 7,,,tt2820852,Furious 7,Furious Seven,2015,137,"Action,Crime,Thriller",7.2,335074,Action,furious 7
68,2013-05-16,star trek into darkness,190000000.0,228778661.0,467378661.0,2013,Par.,228800000.0,238600000.0,2013.0,star trek into darkness,277378661.0,1.4598876894736843,tt1408101,Star Trek Into Darkness,Star Trek Into Darkness,2013,132,"Action,Adventure,Sci-Fi",7.7,445535,Action,star trek into darkness
69,2013-06-21,world war z,190000000.0,202359711.0,539959711.0,2013,Par.,202400000.0,337600000.0,2013.0,world war z,349959711.0,1.8418932157894736,tt0816711,World War Z,World War Z,2013,116,"Action,Adventure,Horror",7.0,553751,Action,world war z
70,2013-05-10,the great gatsby,190000000.0,144840419.0,,2013,unknown,,,,the great gatsby,,,tt1343092,The Great Gatsby,The Great Gatsby,2013,143,"Drama,Romance",7.3,433165,Drama,the great gatsby
100,1974-03-29,the great gatsby,7000000.0,26533200.0,,1974,unknown,,,,the great gatsby,,,tt1343092,The Great Gatsby,The Great Gatsby,2013,143,"Drama,Romance",7.3,433165,Drama,the great gatsby
72,2013-07-12,pacific rim,190000000.0,101802906.0,411002906.0,2013,WB,101800000.0,309200000.0,2013.0,pacific rim,221002906.0,1.1631731894736843,tt1663662,Pacific Rim,Pacific Rim,2013,131,"Action,Adventure,Sci-Fi",6.9,443667,Action,pacific rim
73,2015-11-25,the good dinosaur,187500000.0,123087120.0,332187120.0,2015,BV,123100000.0,209100000.0,2015.0,the good dinosaur,144687120.0,0.77166464,tt1979388,The Good Dinosaur,The Good Dinosaur,2015,93,"Adventure,Animation,Comedy",6.7,91465,Adventure,the good dinosaur
74,2008-05-02,iron man,186000000.0,318604126.0,,2008,unknown,,,,iron man,,,tt3375556,Iron Man,Adam Ahani,2013,84,"Comedy,Drama,Family",5.6,14,Comedy,iron man
77,2012-06-22,brave,185000000.0,237282182.0,540482182.0,2012,BV,237300000.0,303200000.0,2012.0,brave,355482182.0,1.921525308108108,tt1217209,Brave,Brave,2012,93,"Adventure,Animation,Comedy",7.1,338728,Adventure,brave
78,2017-03-10,kong: skull island,185000000.0,168052812.0,566652812.0,2017,WB,168100000.0,398600000.0,2017.0,kong: skull island,381652812.0,2.062988172972973,tt3731562,Kong: Skull Island,Kong: Skull Island,2017,118,"Action,Adventure,Fantasy",6.6,237720,Action,kong: skull island
79,2016-07-22,star trek beyond,185000000.0,158848340.0,343448340.0,2016,Par.,158800000.0,184600000.0,2016.0,star trek beyond,158448340.0,0.8564775135135135,tt2660888,Star Trek Beyond,Star Trek Beyond,2016,122,"Action,Adventure,Sci-Fi",7.1,209844,Action,star trek beyond
80,2017-10-06,blade runner 2049,185000000.0,92054159.0,259254159.0,2017,WB,92100000.0,167200000.0,2017.0,blade runner 2049,74254159.0,0.4013738324324324,tt1856101,Blade Runner 2049,Blade Runner 2049,2017,164,"Drama,Mystery,Sci-Fi",8.0,376241,Drama,blade runner 2049
81,2019-05-24,aladdin,182000000.0,246734314.0,,2019,unknown,,,,aladdin,,,tt6139732,Aladdin,Aladdin,2019,128,"Adventure,Comedy,Family",7.4,57549,Adventure,aladdin
33,1992-11-11,aladdin,28000000.0,217350219.0,,1992,unknown,,,,aladdin,,,tt6139732,Aladdin,Aladdin,2019,128,"Adventure,Comedy,Family",7.4,57549,Adventure,aladdin
82,2017-11-03,thor: ragnarok,180000000.0,315058289.0,853958289.0,2017,BV,315100000.0,538900000.0,2017.0,thor: ragnarok,673958289.0,3.7442127166666666,tt3501632,Thor: Ragnarok,Thor: Ragnarok,2017,130,"Action,Adventure,Comedy",7.9,482995,Action,thor: ragnarok
84,2014-05-30,maleficent,180000000.0,241407328.0,758507328.0,2014,BV,241400000.0,517100000.0,2014.0,maleficent,578507328.0,3.2139296,tt1587310,Maleficent,Maleficent,2014,97,"Action,Adventure,Family",7.0,305832,Action,maleficent
85,2016-11-18,fantastic beasts and where to find them,180000000.0,234037575.0,814037575.0,2016,WB,234000000.0,580000000.0,2016.0,fantastic beasts and where to find them,634037575.0,3.5224309722222222,tt3183660,Fantastic Beasts and Where to Find Them,Fantastic Beasts and Where to Find Them,2016,132,"Adventure,Family,Fantasy",7.3,365353,Adventure,fantastic beasts and where to find them
88,2016-07-01,the legend of tarzan,180000000.0,126643061.0,356743061.0,2016,WB,126600000.0,230100000.0,2016.0,the legend of tarzan,176743061.0,0.9819058944444444,tt0918940,The Legend of Tarzan,The Legend of Tarzan,2016,110,"Action,Adventure,Drama",6.3,150154,Action,the legend of tarzan
89,2011-11-23,hugo,180000000.0,73864507.0,185764507.0,2011,Par.,73900000.0,111900000.0,2011.0,hugo,5764507.0,0.03202503888888889,tt0970179,Hugo,Hugo,2011,126,"Adventure,Drama,Family",7.5,284869,Adventure,hugo
89,2011-11-23,hugo,180000000.0,73864507.0,185764507.0,2011,Par.,73900000.0,111900000.0,2011.0,hugo,5764507.0,0.03202503888888889,tt7496196,Hugo,Hugo,2017,80,Documentary,7.9,11,Documentary,hugo
90,2017-07-21,valerian and the city of a thousand planets,180000000.0,40479370.0,225179370.0,2017,STX,41200000.0,184700000.0,2017.0,valerian and the city of a thousand planets,45179370.0,0.2509965,tt2239822,Valerian and the City of a Thousand Planets,Valerian and the City of a Thousand Planets,2017,137,"Action,Adventure,Fantasy",6.5,139792,Action,valerian and the city of a thousand planets
91,2015-02-06,jupiter ascending,179000000.0,47482519.0,184082519.0,2015,WB,47400000.0,136600000.0,2015.0,jupiter ascending,5082519.0,0.02839396089385475,tt1617661,Jupiter Ascending,Jupiter Ascending,2015,127,"Action,Adventure,Sci-Fi",5.3,166327,Action,jupiter ascending
93,2016-05-27,x-men: apocalypse,178000000.0,155442489.0,543942489.0,2016,Fox,155400000.0,388500000.0,2016.0,x-men: apocalypse,365942489.0,2.055856679775281,tt3385516,X-Men: Apocalypse,X-Men: Apocalypse,2016,144,"Action,Adventure,Sci-Fi",7.0,356556,Action,x-men: apocalypse
94,2018-08-10,the meg,178000000.0,145443742.0,530243742.0,2018,WB,145400000.0,384800000.0,2018.0,the meg,352243742.0,1.9788974269662922,tt4779682,The Meg,The Meg,2018,113,"Action,Horror,Sci-Fi",5.7,114042,Action,the meg
95,2014-06-06,edge of tomorrow,178000000.0,100206256.0,370506256.0,2014,WB,100200000.0,270300000.0,2014.0,edge of tomorrow,192506256.0,1.0814958202247191,tt1631867,Edge of Tomorrow,Edge of Tomorrow,2014,113,"Action,Sci-Fi",7.9,546284,Action,edge of tomorrow
96,2019-03-08,captain marvel,175000000.0,426525952.0,,2019,unknown,,,,captain marvel,,,tt4154664,Captain Marvel,Captain Marvel,2019,123,"Action,Adventure,Sci-Fi",7.0,296225,Action,captain marvel
97,2016-04-15,the jungle book,175000000.0,364001123.0,,2016,unknown,,,,the jungle book,,,tt2226178,The Jungle Book,The Jungle Book,2014,64,Animation,7.0,59,Animation,the jungle book
97,2016-04-15,the jungle book,175000000.0,364001123.0,,2016,unknown,,,,the jungle book,,,tt3040964,The Jungle Book,The Jungle Book,2016,106,"Adventure,Drama,Family",7.4,240821,Adventure,the jungle book
96,1994-12-25,the jungle book,27000000.0,44342956.0,,1994,unknown,,,,the jungle book,,,tt2226178,The Jungle Book,The Jungle Book,2014,64,Animation,7.0,59,Animation,the jungle book
96,1994-12-25,the jungle book,27000000.0,44342956.0,,1994,unknown,,,,the jungle book,,,tt3040964,The Jungle Book,The Jungle Book,2016,106,"Adventure,Drama,Family",7.4,240821,Adventure,the jungle book
98,2015-06-19,inside out,175000000.0,356461711.0,857561711.0,2015,BV,356500000.0,501100000.0,2015.0,inside out,682561711.0,3.9003526342857144,tt1640486,Inside Out,Inside Out,2011,93,"Crime,Drama",4.6,1566,Crime,inside out
98,2015-06-19,inside out,175000000.0,356461711.0,857561711.0,2015,BV,356500000.0,501100000.0,2015.0,inside out,682561711.0,3.9003526342857144,tt2071483,Inside Out,Inside Out,2011,59,Family,7.3,15,Family,inside out
98,2015-06-19,inside out,175000000.0,356461711.0,857561711.0,2015,BV,356500000.0,501100000.0,2015.0,inside out,682561711.0,3.9003526342857144,tt2096673,Inside Out,Inside Out,2015,95,"Adventure,Animation,Comedy",8.2,536181,Adventure,inside out
98,2015-06-19,inside out,175000000.0,356461711.0,857561711.0,2015,BV,356500000.0,501100000.0,2015.0,inside out,682561711.0,3.9003526342857144,tt2608638,Inside Out,Inside Out,2013,75,"Biography,Documentary,History",7.5,60,Biography,inside out
99,2017-07-07,spider-man: homecoming,175000000.0,334201140.0,880201140.0,2017,Sony,334200000.0,546000000.0,2017.0,spider-man: homecoming,705201140.0,4.0297208,tt2250912,Spider-Man: Homecoming,Spider-Man: Homecoming,2017,133,"Action,Adventure,Sci-Fi",7.5,426302,Action,spider-man: homecoming
100,2016-08-05,suicide squad,175000000.0,325100054.0,746800054.0,2016,WB,325100000.0,421700000.0,2016.0,suicide squad,571800054.0,3.26742888,tt1386697,Suicide Squad,Suicide Squad,2016,123,"Action,Adventure,Fantasy",6.0,533039,Action,suicide squad
2,2017-11-22,coco,175000000.0,209726015.0,807126015.0,2017,BV,209700000.0,597400000.0,2017.0,coco,632126015.0,3.612148657142857,tt2380307,Coco,Coco,2017,105,"Adventure,Animation,Comedy",8.4,277194,Adventure,coco
2,2017-11-22,coco,175000000.0,209726015.0,807126015.0,2017,BV,209700000.0,597400000.0,2017.0,coco,632126015.0,3.612148657142857,tt7002100,Coco,Coco,2017,98,Horror,7.4,35,Horror,coco
3,2018-11-21,ralph breaks the internet,175000000.0,201091711.0,529191711.0,2018,BV,201100000.0,328100000.0,2018.0,ralph breaks the internet,354191711.0,2.023952634285714,tt5848272,Ralph Breaks the Internet,Ralph Breaks the Internet,2018,112,"Adventure,Animation,Comedy",7.1,85694,Adventure,ralph breaks the internet
5,2017-06-16,cars 3,175000000.0,152901115.0,383901115.0,2017,BV,152900000.0,231000000.0,2017.0,cars 3,208901115.0,1.1937206571428571,tt3606752,Cars 3,Cars 3,2017,102,"Adventure,Animation,Comedy",6.8,59408,Adventure,cars 3
11,2017-05-12,king arthur: legend of the sword,175000000.0,39175066.0,148675066.0,2017,WB,39200000.0,109500000.0,2017.0,king arthur: legend of the sword,-26324934.0,-0.15042819428571427,tt1972591,King Arthur: Legend of the Sword,King Arthur: Legend of the Sword,2017,126,"Action,Adventure,Drama",6.8,169054,Action,king arthur: legend of the sword
12,2013-12-25,47 ronin,175000000.0,38362475.0,151762475.0,2013,Uni.,38400000.0,113400000.0,2013.0,47 ronin,-23237525.0,-0.13278585714285715,tt1335975,47 Ronin,47 Ronin,2013,128,"Action,Adventure,Drama",6.3,135754,Action,47 ronin
13,2018-06-22,jurassic world: fallen kingdom,170000000.0,417719760.0,1309519760.0,2018,Uni.,417700000.0,891800000.0,2018.0,jurassic world: fallen kingdom,1139519760.0,6.703057411764706,tt4881806,Jurassic World: Fallen Kingdom,Jurassic World: Fallen Kingdom,2018,128,"Action,Adventure,Sci-Fi",6.2,219125,Action,jurassic world: fallen kingdom
14,2014-08-01,guardians of the galaxy,170000000.0,333172112.0,773372112.0,2014,BV,333200000.0,440200000.0,2014.0,guardians of the galaxy,603372112.0,3.549247717647059,tt2015381,Guardians of the Galaxy,Guardians of the Galaxy,2014,121,"Action,Adventure,Comedy",8.1,948394,Action,guardians of the galaxy
15,2010-05-07,iron man 2,170000000.0,312433331.0,623933331.0,2010,Par.,312400000.0,311500000.0,2010.0,iron man 2,453933331.0,2.670196064705882,tt1228705,Iron Man 2,Iron Man 2,2010,124,"Action,Adventure,Sci-Fi",7.0,657690,Action,iron man 2
16,2014-04-04,captain america: the winter soldier,170000000.0,259746958.0,714246958.0,2014,BV,259800000.0,454500000.0,2014.0,captain america: the winter soldier,544246958.0,3.201452694117647,tt1843866,Captain America: The Winter Soldier,Captain America: The Winter Soldier,2014,136,"Action,Adventure,Sci-Fi",7.8,666252,Action,captain america: the winter soldier
17,2014-07-11,dawn of the planet of the apes,170000000.0,208545589.0,710645589.0,2014,Fox,208500000.0,502100000.0,2014.0,dawn of the planet of the apes,540645589.0,3.1802681705882354,tt2103281,Dawn of the Planet of the Apes,Dawn of the Planet of the Apes,2014,130,"Action,Adventure,Drama",7.6,390199,Action,dawn of the planet of the apes
19,2012-06-01,snow white and the huntsman,170000000.0,155136755.0,396436755.0,2012,Uni.,155300000.0,241300000.0,2012.0,snow white and the huntsman,226436755.0,1.331980911764706,tt1735898,Snow White and the Huntsman,Snow White and the Huntsman,2012,127,"Action,Adventure,Drama",6.1,258938,Action,snow white and the huntsman
22,2019-03-29,dumbo,170000000.0,113883318.0,,2019,unknown,,,,dumbo,,,tt3861390,Dumbo,Dumbo,2019,112,"Adventure,Family,Fantasy",6.6,25072,Adventure,dumbo
23,2015-05-22,tomorrowland,170000000.0,93436322.0,209136322.0,2015,BV,93400000.0,115700000.0,2015.0,tomorrowland,39136322.0,0.2302136588235294,tt1964418,Tomorrowland,Tomorrowland,2015,130,"Action,Adventure,Family",6.4,161343,Action,tomorrowland
23,2015-05-22,tomorrowland,170000000.0,93436322.0,209136322.0,2015,BV,93400000.0,115700000.0,2015.0,tomorrowland,39136322.0,0.2302136588235294,tt7728220,Tomorrowland,Tomorrowland,2017,70,Documentary,6.3,7,Documentary,tomorrowland
24,2019-02-14,alita: battle angel,170000000.0,85710210.0,,2019,unknown,,,,alita: battle angel,,,tt0437086,Alita: Battle Angel,Alita: Battle Angel,2019,122,"Action,Adventure,Sci-Fi",7.5,88207,Action,alita: battle angel
25,2019-05-31,godzilla: king of the monsters,170000000.0,85576941.0,,2019,unknown,,,,godzilla: king of the monsters,,,tt3741700,Godzilla: King of the Monsters,Godzilla: King of the Monsters,2019,132,"Action,Adventure,Fantasy",6.7,36479,Action,godzilla: king of the monsters
26,2016-05-27,alice through the looking glass,170000000.0,77042381.0,299442381.0,2016,BV,77000000.0,222400000.0,2016.0,alice through the looking glass,129442381.0,0.7614257705882352,tt2567026,Alice Through the Looking Glass,Alice Through the Looking Glass,2016,113,"Adventure,Family,Fantasy",6.2,79951,Adventure,alice through the looking glass
27,2010-05-21,shrek forever after,165000000.0,238736787.0,752636787.0,2010,P/DW,238700000.0,513900000.0,2010.0,shrek forever after,587636787.0,3.5614350727272726,tt0892791,Shrek Forever After,Shrek Forever After,2010,93,"Adventure,Animation,Comedy",6.3,167532,Adventure,shrek forever after
28,2016-11-04,doctor strange,165000000.0,232641920.0,677741920.0,2016,BV,232600000.0,445100000.0,2016.0,doctor strange,512741920.0,3.107526787878788,tt1211837,Doctor Strange,Doctor Strange,2016,115,"Action,Adventure,Fantasy",7.5,514510,Action,doctor strange
29,2014-11-07,big hero 6,165000000.0,222527828.0,657827828.0,2014,BV,222500000.0,435300000.0,2014.0,big hero 6,492827828.0,2.986835321212121,tt2245084,Big Hero 6,Big Hero 6,2014,102,"Action,Adventure,Animation",7.8,371204,Action,big hero 6
30,2010-03-26,how to train your dragon,165000000.0,217581232.0,494881232.0,2010,P/DW,217600000.0,277300000.0,2010.0,how to train your dragon,329881232.0,1.999280193939394,tt0892769,How to Train Your Dragon,How to Train Your Dragon,2010,98,"Action,Adventure,Animation",8.1,611299,Action,how to train your dragon
31,2012-11-02,wreck-it ralph,165000000.0,189412677.0,471212677.0,2012,BV,189400000.0,281800000.0,2012.0,wreck-it ralph,306212677.0,1.855834406060606,tt1772341,Wreck-It Ralph,Wreck-It Ralph,2012,101,"Adventure,Animation,Comedy",7.7,344496,Adventure,wreck-it ralph
32,2014-11-05,interstellar,165000000.0,188017894.0,677417894.0,2014,Par.,188000000.0,489400000.0,2014.0,interstellar,512417894.0,3.105562993939394,tt0816692,Interstellar,Interstellar,2014,169,"Adventure,Drama,Sci-Fi",8.6,1299334,Adventure,interstellar
33,2016-06-24,independence day: resurgence,165000000.0,103144286.0,389644286.0,2016,Fox,103100000.0,286500000.0,2016.0,independence day: resurgence,224644286.0,1.3614805212121213,tt1628841,Independence Day: Resurgence,Independence Day: Resurgence,2016,120,"Action,Adventure,Sci-Fi",5.2,155344,Action,independence day: resurgence
35,2017-03-17,beauty and the beast,160000000.0,504014165.0,,2017,unknown,,,,beauty and the beast,,,tt2316801,Beauty and the Beast,La belle et la bête,2014,112,"Drama,Fantasy,Romance",6.4,18100,Drama,beauty and the beast
35,2017-03-17,beauty and the beast,160000000.0,504014165.0,,2017,unknown,,,,beauty and the beast,,,tt2771200,Beauty and the Beast,Beauty and the Beast,2017,129,"Family,Fantasy,Musical",7.2,238325,Family,beauty and the beast
86,1991-11-13,beauty and the beast,20000000.0,376057266.0,,1991,unknown,,,,beauty and the beast,,,tt2316801,Beauty and the Beast,La belle et la bête,2014,112,"Drama,Fantasy,Romance",6.4,18100,Drama,beauty and the beast
86,1991-11-13,beauty and the beast,20000000.0,376057266.0,,1991,unknown,,,,beauty and the beast,,,tt2771200,Beauty and the Beast,Beauty and the Beast,2017,129,"Family,Fantasy,Musical",7.2,238325,Family,beauty and the beast
36,2018-12-21,aquaman,160000000.0,335061807.0,1147761807.0,2018,WB,335100000.0,812700000.0,2018.0,aquaman,987761807.0,6.17351129375,tt1477834,Aquaman,Aquaman,2018,143,"Action,Adventure,Fantasy",7.1,263328,Action,aquaman
38,2010-07-16,inception,160000000.0,292576195.0,828276195.0,2010,WB,292600000.0,535700000.0,2010.0,inception,668276195.0,4.17672621875,tt1375666,Inception,Inception,2010,148,"Action,Adventure,Sci-Fi",8.8,1841066,Action,inception
39,2015-11-20,the hunger games: mockingjay - part 2,160000000.0,281723902.0,653423902.0,2015,LGF,281700000.0,371700000.0,2015.0,the hunger games: mockingjay - part 2,493423902.0,3.0838993875,tt1951266,The Hunger Games: Mockingjay - Part 2,The Hunger Games: Mockingjay - Part 2,2015,137,"Action,Adventure,Sci-Fi",6.6,252384,Action,the hunger games: mockingjay - part 2
41,2014-05-16,godzilla,160000000.0,200676069.0,,2014,unknown,,,,godzilla,,,tt0831387,Godzilla,Godzilla,2014,123,"Action,Adventure,Sci-Fi",6.4,350687,Action,godzilla
74,1998-05-19,godzilla,125000000.0,136314294.0,,1998,unknown,,,,godzilla,,,tt0831387,Godzilla,Godzilla,2014,123,"Action,Adventure,Sci-Fi",6.4,350687,Action,godzilla
42,2011-06-03,x-men: first class,160000000.0,146408305.0,353608305.0,2011,Fox,146400000.0,207200000.0,2011.0,x-men: first class,193608305.0,1.21005190625,tt1270798,X-Men: First Class,X: First Class,2011,131,"Action,Adventure,Sci-Fi",7.7,608930,Action,x-men: first class
44,2010-07-14,the sorcerer's apprentice,160000000.0,63150991.0,215250991.0,2010,BV,63200000.0,152100000.0,2010.0,the sorcerer's apprentice,55250991.0,0.34531869375,tt0963966,The Sorcerer's Apprentice,The Sorcerer's Apprentice,2010,109,"Action,Adventure,Family",6.1,143862,Action,the sorcerer's apprentice
46,2016-06-10,warcraft,160000000.0,47225655.0,433525655.0,2016,Uni.,47400000.0,386300000.0,2016.0,warcraft,273525655.0,1.70953534375,tt0803096,Warcraft,Warcraft,2016,123,"Action,Adventure,Fantasy",6.9,225557,Action,warcraft
47,2016-09-30,deepwater horizon,156000000.0,61433527.0,121833527.0,2016,LG/S,61400000.0,60400000.0,2016.0,deepwater horizon,-34166473.0,-0.21901585256410255,tt1860357,Deepwater Horizon,Deepwater Horizon,2016,107,"Action,Drama,History",7.1,133303,Action,deepwater horizon
48,2010-12-10,the chronicles of narnia: the voyage of the dawn treader,155000000.0,104386950.0,415686950.0,2010,Fox,104400000.0,311300000.0,2010.0,the chronicles of narnia: the voyage of the dawn treader,260686950.0,1.6818512903225806,tt0980970,The Chronicles of Narnia: The Voyage of the Dawn Treader,The Chronicles of Narnia: The Voyage of the Dawn Treader,2010,113,"Adventure,Family,Fantasy",6.3,129663,Adventure,the chronicles of narnia: the voyage of the dawn treader
50,2018-03-23,pacific rim: uprising,155000000.0,59874525.0,,2018,unknown,,,,pacific rim: uprising,,,tt2557478,Pacific Rim: Uprising,Pacific Rim: Uprising,2018,111,"Action,Adventure,Sci-Fi",5.6,89462,Action,pacific rim: uprising
52,2017-07-14,war for the planet of the apes,152000000.0,146880162.0,490680162.0,2017,Fox,146900000.0,343800000.0,2017.0,war for the planet of the apes,338680162.0,2.228158960526316,tt3450958,War for the Planet of the Apes,War for the Planet of the Apes,2017,140,"Action,Adventure,Drama",7.5,201943,Action,war for the planet of the apes
55,2017-06-02,wonder woman,150000000.0,412563408.0,821863408.0,2017,WB,412600000.0,409300000.0,2017.0,wonder woman,671863408.0,4.479089386666667,tt0451279,Wonder Woman,Wonder Woman,2017,141,"Action,Adventure,Fantasy",7.5,487527,Action,wonder woman
55,2017-06-02,wonder woman,150000000.0,412563408.0,821863408.0,2017,WB,412600000.0,409300000.0,2017.0,wonder woman,671863408.0,4.479089386666667,tt4028068,Wonder Woman,Wonder Woman,2014,60,Sci-Fi,4.2,20,Sci-Fi,wonder woman
55,2017-06-02,wonder woman,150000000.0,412563408.0,821863408.0,2017,WB,412600000.0,409300000.0,2017.0,wonder woman,671863408.0,4.479089386666667,tt4283448,Wonder Woman,Wonder Woman,2016,75,"Documentary,Drama,Sport",6.9,13,Documentary,wonder woman
56,2013-11-22,frozen,150000000.0,400738009.0,1276438009.0,2013,BV,400700000.0,875700000.0,2013.0,frozen,1126438009.0,7.509586726666667,tt1323045,Frozen,Frozen,2010,93,"Adventure,Drama,Sport",6.2,62311,Adventure,frozen
56,2013-11-22,frozen,150000000.0,400738009.0,1276438009.0,2013,BV,400700000.0,875700000.0,2013.0,frozen,1126438009.0,7.509586726666667,tt1611845,Frozen,Wai nei chung ching,2010,92,"Fantasy,Romance",5.4,75,Fantasy,frozen
56,2013-11-22,frozen,150000000.0,400738009.0,1276438009.0,2013,BV,400700000.0,875700000.0,2013.0,frozen,1126438009.0,7.509586726666667,tt2294629,Frozen,Frozen,2013,102,"Adventure,Animation,Comedy",7.5,516998,Adventure,frozen
57,2016-03-04,zootopia,150000000.0,341268248.0,1023768248.0,2016,BV,341300000.0,682500000.0,2016.0,zootopia,873768248.0,5.825121653333333,tt2948356,Zootopia,Zootopia,2016,108,"Adventure,Animation,Comedy",8.0,383446,Adventure,zootopia
62,2016-11-23,moana,150000000.0,248757044.0,643357044.0,2016,BV,248800000.0,394600000.0,2016.0,moana,493357044.0,3.28904696,tt3521164,Moana,Moana,2016,107,"Adventure,Animation,Comedy",7.6,224253,Adventure,moana
66,2013-11-08,thor: the dark world,150000000.0,206362140.0,644562140.0,2013,BV,206400000.0,438200000.0,2013.0,thor: the dark world,494562140.0,3.2970809333333335,tt1981115,Thor: The Dark World,Thor: The Dark World,2013,112,"Action,Adventure,Fantasy",6.9,540996,Action,thor: the dark world
69,2017-07-21,dunkirk,150000000.0,190068280.0,527268280.0,2017,WB,188000000.0,337200000.0,2017.0,dunkirk,377268280.0,2.5151218666666666,tt5013056,Dunkirk,Dunkirk,2017,106,"Action,Drama,History",7.9,466580,Action,dunkirk
70,2011-05-06,thor,150000000.0,181030624.0,449330624.0,2011,Par.,181000000.0,268300000.0,2011.0,thor,299330624.0,1.9955374933333334,tt0800369,Thor,Thor,2011,115,"Action,Adventure,Fantasy",7.0,683264,Action,thor
74,2011-05-26,kung fu panda 2,150000000.0,165249063.0,665649063.0,2011,P/DW,165200000.0,500400000.0,2011.0,kung fu panda 2,515649063.0,3.43766042,tt1302011,Kung Fu Panda 2,Kung Fu Panda 2,2011,90,"Action,Adventure,Animation",7.2,228465,Action,kung fu panda 2
75,2015-05-15,mad max: fury road,150000000.0,153636354.0,378436354.0,2015,WB,153600000.0,224800000.0,2015.0,mad max: fury road,228436354.0,1.5229090266666667,tt1392190,Mad Max: Fury Road,Mad Max: Fury Road,2015,120,"Action,Adventure,Sci-Fi",8.1,780910,Action,mad max: fury road
78,2018-03-29,ready player one,150000000.0,137690172.0,582890172.0,2018,WB,137700000.0,445200000.0,2018.0,ready player one,432890172.0,2.88593448,tt1677720,Ready Player One,Ready Player One,2018,140,"Action,Adventure,Sci-Fi",7.5,301660,Action,ready player one
83,2010-07-01,the last airbender,150000000.0,131772187.0,319672187.0,2010,Par.,131800000.0,187900000.0,2010.0,the last airbender,169672187.0,1.1311479133333333,tt0938283,The Last Airbender,The Last Airbender,2010,103,"Action,Adventure,Family",4.1,137734,Action,the last airbender
87,2012-03-30,wrath of the titans,150000000.0,83670083.0,305270083.0,2012,WB,83700000.0,221600000.0,2012.0,wrath of the titans,155270083.0,1.0351338866666666,tt1646987,Wrath of the Titans,Wrath of the Titans,2012,99,"Action,Adventure,Fantasy",5.7,172330,Action,wrath of the titans
89,2012-05-11,dark shadows,150000000.0,79727149.0,245527149.0,2012,WB,79700000.0,165800000.0,2012.0,dark shadows,95527149.0,0.63684766,tt1077368,Dark Shadows,Dark Shadows,2012,113,"Comedy,Fantasy,Horror",6.2,229818,Comedy,dark shadows
90,2013-06-28,white house down,150000000.0,73103784.0,205403784.0,2013,Sony,73100000.0,132300000.0,2013.0,white house down,55403784.0,0.36935856,tt2334879,White House Down,White House Down,2013,131,"Action,Drama,Thriller",6.4,191791,Action,white house down
91,2010-02-12,the wolfman,150000000.0,62189884.0,139989884.0,2010,Uni.,62000000.0,77800000.0,2010.0,the wolfman,-10010116.0,-0.06673410666666667,tt0780653,The Wolfman,The Wolfman,2010,103,"Drama,Fantasy,Horror",5.8,97873,Drama,the wolfman
92,2017-02-17,the great wall,150000000.0,45157105.0,334557105.0,2017,Uni.,45500000.0,289400000.0,2017.0,the great wall,184557105.0,1.2303807,tt2034800,The Great Wall,The Great Wall,2016,103,"Action,Adventure,Fantasy",6.0,111602,Action,the great wall
92,2017-02-17,the great wall,150000000.0,45157105.0,334557105.0,2017,Uni.,45500000.0,289400000.0,2017.0,the great wall,184557105.0,1.2303807,tt7535780,The Great Wall,The Great Wall,2017,72,Documentary,6.5,24,Documentary,the great wall
93,2015-10-09,pan,150000000.0,35088320.0,128388320.0,2015,WB,35100000.0,93300000.0,2015.0,pan,-21611680.0,-0.14407786666666667,tt3332064,Pan,Pan,2015,111,"Adventure,Comedy,Family",5.8,55867,Adventure,pan
94,2011-03-11,mars needs moms,150000000.0,21392758.0,38992758.0,2011,BV,21400000.0,17600000.0,2011.0,mars needs moms,-111007242.0,-0.74004828,tt1305591,Mars Needs Moms,Mars Needs Moms,2011,88,"Adventure,Animation,Family",5.4,19823,Adventure,mars needs moms
97,2012-06-08,madagascar 3: europe's most wanted,145000000.0,216391482.0,746891482.0,2012,P/DW,216400000.0,530500000.0,2012.0,madagascar 3: europe's most wanted,601891482.0,4.150975737931034,tt1277953,Madagascar 3: Europe's Most Wanted,Madagascar 3: Europe's Most Wanted,2012,93,"Adventure,Animation,Comedy",6.8,146858,Adventure,madagascar 3: europe's most wanted
99,2014-06-13,how to train your dragon 2,145000000.0,177002924.0,621502924.0,2014,Fox,177000000.0,444500000.0,2014.0,how to train your dragon 2,476502924.0,3.2862270620689653,tt1646971,How to Train Your Dragon 2,How to Train Your Dragon 2,2014,102,"Action,Adventure,Animation",7.8,278205,Action,how to train your dragon 2
100,1999-06-16,tarzan,145000000.0,171091819.0,,1999,unknown,,,,tarzan,,,tt1705952,Tarzan,Tarzan,2013,94,"Adventure,Animation,Drama",4.8,11728,Adventure,tarzan
1,2014-03-07,mr. peabody & sherman,145000000.0,111506430.0,275706430.0,2014,Fox,111500000.0,164200000.0,2014.0,mr. peabody & sherman,130706430.0,0.9014236551724137,tt0864835,Mr. Peabody & Sherman,Mr. Peabody & Sherman,2014,92,"Adventure,Animation,Comedy",6.8,57277,Adventure,mr. peabody & sherman
2,2012-11-21,rise of the guardians,145000000.0,103412758.0,306912758.0,2012,P/DW,103400000.0,203500000.0,2012.0,rise of the guardians,161912758.0,1.1166397103448276,tt1446192,Rise of the Guardians,Rise of the Guardians,2012,97,"Action,Adventure,Animation",7.3,145281,Action,rise of the guardians
3,2005-04-08,sahara,145000000.0,68671925.0,,2005,unknown,,,,sahara,,,tt4466894,Sahara,Sahara,2017,86,"Adventure,Animation,Comedy",5.6,1943,Adventure,sahara
4,2016-07-15,ghostbusters,144000000.0,128350574.0,,2016,unknown,,,,ghostbusters,,,tt1289401,Ghostbusters,Ghostbusters,2016,116,"Action,Comedy,Fantasy",5.2,186788,Action,ghostbusters
36,1984-06-08,ghostbusters,30000000.0,242212467.0,,1984,unknown,,,,ghostbusters,,,tt1289401,Ghostbusters,Ghostbusters,2016,116,"Action,Comedy,Fantasy",5.2,186788,Action,ghostbusters
10,2011-07-22,captain america: the first avenger,140000000.0,176654505.0,370554505.0,2011,Par.,176700000.0,193900000.0,2011.0,captain america: the first avenger,230554505.0,1.6468178928571429,tt0458339,Captain America: The First Avenger,Captain America: The First Avenger,2011,124,"Action,Adventure,Sci-Fi",6.9,668137,Action,captain america: the first avenger
11,2016-01-29,kung fu panda 3,140000000.0,143528619.0,521128619.0,2016,Fox,143500000.0,377600000.0,2016.0,kung fu panda 3,381128619.0,2.7223472785714287,tt2267968,Kung Fu Panda 3,Kung Fu Panda 3,2016,95,"Action,Adventure,Animation",7.1,116166,Action,kung fu panda 3
13,2013-03-27,g.i. joe: retaliation,140000000.0,122523060.0,375723060.0,2013,Par.,122500000.0,253200000.0,2013.0,g.i. joe: retaliation,235723060.0,1.683736142857143,tt1583421,G.I. Joe: Retaliation,G.I. Joe: Retaliation,2013,110,"Action,Adventure,Sci-Fi",5.8,165536,Action,g.i. joe: retaliation
16,2014-12-12,exodus: gods and kings,140000000.0,65014513.0,268214513.0,2014,Fox,65000000.0,203200000.0,2014.0,exodus: gods and kings,128214513.0,0.91581795,tt1528100,Exodus: Gods and Kings,Exodus: Gods and Kings,2014,150,"Action,Adventure,Drama",6.0,150858,Action,exodus: gods and kings
17,2016-07-01,the bfg,140000000.0,55483770.0,183383770.0,2016,BV,55500000.0,127900000.0,2016.0,the bfg,43383770.0,0.30988407142857144,tt3691740,The BFG,The BFG,2016,117,"Adventure,Family,Fantasy",6.4,69340,Adventure,the bfg
18,2016-02-26,gods of egypt,140000000.0,31153464.0,150653464.0,2016,LG/S,31200000.0,119500000.0,2016.0,gods of egypt,10653464.0,0.07609617142857143,tt2404233,Gods of Egypt,Gods of Egypt,2016,127,"Action,Adventure,Fantasy",5.4,95111,Action,gods of egypt
26,2013-03-22,the croods,135000000.0,187168425.0,587168425.0,2013,Fox,187200000.0,400000000.0,2013.0,the croods,452168425.0,3.3493957407407406,tt0481499,The Croods,The Croods,2013,98,"Action,Adventure,Animation",7.2,176699,Action,the croods
27,2015-12-25,the revenant,135000000.0,183637894.0,532937894.0,2015,Fox,183600000.0,349300000.0,2015.0,the revenant,397937894.0,2.9476881037037037,tt1663202,The Revenant,The Revenant,2015,156,"Action,Adventure,Biography",8.0,621193,Action,the revenant
27,2015-12-25,the revenant,135000000.0,183637894.0,532937894.0,2015,Fox,183600000.0,349300000.0,2015.0,the revenant,397937894.0,2.9476881037037037,tt3300078,The Revenant,The Revenant,2012,80,Horror,6.0,20,Horror,the revenant
29,2011-03-04,rango,135000000.0,123477607.0,245677607.0,2011,Par.,123500000.0,122200000.0,2011.0,rango,110677607.0,0.819834125925926,tt1192628,Rango,Rango,2011,107,"Adventure,Animation,Comedy",7.2,215761,Adventure,rango
31,2013-07-17,turbo,135000000.0,83028130.0,282528130.0,2013,Fox,83000000.0,199500000.0,2013.0,turbo,147528130.0,1.092800962962963,tt1860353,Turbo,Turbo,2013,96,"Adventure,Animation,Comedy",6.4,74639,Adventure,turbo
32,2016-06-03,teenage mutant ninja turtles: out of the shadows,135000000.0,82051601.0,245651601.0,2016,Par.,82100000.0,163600000.0,2016.0,teenage mutant ninja turtles: out of the shadows,110651601.0,0.8196414888888889,tt3949660,Teenage Mutant Ninja Turtles: Out of the Shadows,Teenage Mutant Ninja Turtles: Out of the Shadows,2016,112,"Action,Adventure,Comedy",6.0,77234,Action,teenage mutant ninja turtles: out of the shadows
33,2011-11-18,happy feet two,135000000.0,64006466.0,150406466.0,2011,WB,64000000.0,86400000.0,2011.0,happy feet two,15406466.0,0.11412197037037038,tt1402488,Happy Feet Two,Happy Feet Two,2011,100,"Adventure,Animation,Comedy",5.9,38396,Adventure,happy feet two
35,2018-11-02,the nutcracker and the four realms,132900000.0,54858851.0,173958851.0,2018,BV,54900000.0,119100000.0,2018.0,the nutcracker and the four realms,41058851.0,0.30894545522949585,tt5523010,The Nutcracker and the Four Realms,The Nutcracker and the Four Realms,2018,99,"Adventure,Family,Fantasy",5.5,18734,Adventure,the nutcracker and the four realms
36,2005-06-29,war of the worlds,132000000.0,234280354.0,,2005,unknown,,,,war of the worlds,,,tt3327426,War of the Worlds,War of the Worlds,2013,50,Sci-Fi,5.8,11,Sci-Fi,war of the worlds
37,2014-11-26,penguins of madagascar,132000000.0,83350911.0,373050911.0,2014,Fox,83400000.0,289700000.0,2014.0,penguins of madagascar,241050911.0,1.8261432651515153,tt1911658,Penguins of Madagascar,Penguins of Madagascar,2014,92,"Adventure,Animation,Comedy",6.7,72551,Adventure,penguins of madagascar
38,2013-11-22,the hunger games: catching fire,130000000.0,424668047.0,864968047.0,2013,LGF,424700000.0,440300000.0,2013.0,the hunger games: catching fire,734968047.0,5.653600361538461,tt1951264,The Hunger Games: Catching Fire,The Hunger Games: Catching Fire,2013,146,"Action,Adventure,Sci-Fi",7.5,575455,Action,the hunger games: catching fire
41,2018-07-06,ant-man and the wasp,130000000.0,216648740.0,622648740.0,2018,BV,216600000.0,406000000.0,2018.0,ant-man and the wasp,492648740.0,3.7896056923076924,tt5095030,Ant-Man and the Wasp,Ant-Man and the Wasp,2018,118,"Action,Adventure,Comedy",7.1,244024,Action,ant-man and the wasp
43,2015-07-17,ant-man,130000000.0,180202163.0,519302163.0,2015,BV,180200000.0,339100000.0,2015.0,ant-man,389302163.0,2.994632023076923,tt0478970,Ant-Man,Ant-Man,2015,117,"Action,Adventure,Comedy",7.3,501213,Action,ant-man
44,2015-03-27,home,130000000.0,177397510.0,,2015,unknown,,,,home,,,tt2075392,Home,Yurt,2011,76,Drama,6.0,96,Drama,home
44,2015-03-27,home,130000000.0,177397510.0,,2015,unknown,,,,home,,,tt2093100,Home,Dom,2011,127,Drama,7.5,1049,Drama,home
44,2015-03-27,home,130000000.0,177397510.0,,2015,unknown,,,,home,,,tt2224026,Home,Home,2015,94,"Adventure,Animation,Comedy",6.6,85831,Adventure,home
44,2015-03-27,home,130000000.0,177397510.0,,2015,unknown,,,,home,,,tt2372760,Home,Hemma,2013,90,"Drama,Romance",6.8,306,Drama,home
44,2015-03-27,home,130000000.0,177397510.0,,2015,unknown,,,,home,,,tt2393825,Home,Home,2013,112,Drama,7.0,140,Drama,home
44,2015-03-27,home,130000000.0,177397510.0,,2015,unknown,,,,home,,,tt2545384,Home,Home,2016,87,"Drama,Horror,Thriller",3.9,303,Drama,home
44,2015-03-27,home,130000000.0,177397510.0,,2015,unknown,,,,home,,,tt4047846,Home,Home,2016,103,Drama,7.2,811,Drama,home
44,2015-03-27,home,130000000.0,177397510.0,,2015,unknown,,,,home,,,tt8601408,Home,Dom,2018,71,"Drama,Romance,Thriller",8.4,32,Drama,home
56,2009-06-05,home,12000000.0,0.0,,2009,unknown,,,,home,,,tt2075392,Home,Yurt,2011,76,Drama,6.0,96,Drama,home
56,2009-06-05,home,12000000.0,0.0,,2009,unknown,,,,home,,,tt2093100,Home,Dom,2011,127,Drama,7.5,1049,Drama,home
56,2009-06-05,home,12000000.0,0.0,,2009,unknown,,,,home,,,tt2224026,Home,Home,2015,94,"Adventure,Animation,Comedy",6.6,85831,Adventure,home
56,2009-06-05,home,12000000.0,0.0,,2009,unknown,,,,home,,,tt2372760,Home,Hemma,2013,90,"Drama,Romance",6.8,306,Drama,home
56,2009-06-05,home,12000000.0,0.0,,2009,unknown,,,,home,,,tt2393825,Home,Home,2013,112,Drama,7.0,140,Drama,home
56,2009-06-05,home,12000000.0,0.0,,2009,unknown,,,,home,,,tt2545384,Home,Home,2016,87,"Drama,Horror,Thriller",3.9,303,Drama,home
56,2009-06-05,home,12000000.0,0.0,,2009,unknown,,,,home,,,tt4047846,Home,Home,2016,103,Drama,7.2,811,Drama,home
56,2009-06-05,home,12000000.0,0.0,,2009,unknown,,,,home,,,tt8601408,Home,Dom,2018,71,"Drama,Romance,Thriller",8.4,32,Drama,home
60,2009-04-23,home,500000.0,15433.0,,2009,unknown,,,,home,,,tt2075392,Home,Yurt,2011,76,Drama,6.0,96,Drama,home
60,2009-04-23,home,500000.0,15433.0,,2009,unknown,,,,home,,,tt2093100,Home,Dom,2011,127,Drama,7.5,1049,Drama,home
60,2009-04-23,home,500000.0,15433.0,,2009,unknown,,,,home,,,tt2224026,Home,Home,2015,94,"Adventure,Animation,Comedy",6.6,85831,Adventure,home
60,2009-04-23,home,500000.0,15433.0,,2009,unknown,,,,home,,,tt2372760,Home,Hemma,2013,90,"Drama,Romance",6.8,306,Drama,home
60,2009-04-23,home,500000.0,15433.0,,2009,unknown,,,,home,,,tt2393825,Home,Home,2013,112,Drama,7.0,140,Drama,home
60,2009-04-23,home,500000.0,15433.0,,2009,unknown,,,,home,,,tt2545384,Home,Home,2016,87,"Drama,Horror,Thriller",3.9,303,Drama,home
60,2009-04-23,home,500000.0,15433.0,,2009,unknown,,,,home,,,tt4047846,Home,Home,2016,103,Drama,7.2,811,Drama,home
60,2009-04-23,home,500000.0,15433.0,,2009,unknown,,,,home,,,tt8601408,Home,Dom,2018,71,"Drama,Romance,Thriller",8.4,32,Drama,home
45,2018-12-19,mary poppins returns,130000000.0,171958438.0,349558438.0,2018,BV,172000000.0,177600000.0,2018.0,mary poppins returns,219558438.0,1.6889110615384615,tt5028340,Mary Poppins Returns,Mary Poppins Returns,2018,130,"Comedy,Family,Fantasy",6.9,52103,Comedy,mary poppins returns
46,2011-10-28,puss in boots,130000000.0,149260504.0,554960504.0,2011,P/DW,149300000.0,405700000.0,2011.0,puss in boots,424960504.0,3.268926953846154,tt0448694,Puss in Boots,Puss in Boots,2011,90,"Action,Adventure,Animation",6.6,133355,Action,puss in boots
47,2010-11-05,megamind,130000000.0,148415853.0,321915853.0,2010,P/DW,148400000.0,173500000.0,2010.0,megamind,191915853.0,1.4762757923076923,tt1001526,Megamind,Megamind,2010,95,"Action,Animation,Comedy",7.3,207488,Action,megamind
49,2014-04-11,rio 2,130000000.0,131538435.0,500138435.0,2014,Fox,131500000.0,368600000.0,2014.0,rio 2,370138435.0,2.8472187307692307,tt2357291,Rio 2,Rio 2,2014,101,"Adventure,Animation,Comedy",6.3,72209,Adventure,rio 2
50,2010-07-23,salt,130000000.0,118311368.0,293511368.0,2010,Sony,118300000.0,175200000.0,2010.0,salt,163511368.0,1.257779753846154,tt0944835,Salt,Salt,2010,100,"Action,Mystery,Thriller",6.4,277204,Action,salt
51,2014-03-28,noah,130000000.0,101200044.0,362600043.0,2014,Par.,101200000.0,261399999.0,2014.0,noah,232600043.0,1.7892311,tt1959490,Noah,Noah,2014,138,"Action,Adventure,Drama",5.8,229326,Action,noah
51,2014-03-28,noah,130000000.0,101200044.0,362600043.0,2014,Par.,101200000.0,261399999.0,2014.0,noah,232600043.0,1.7892311,tt2109176,Noah,Noah,2011,105,"Drama,Thriller",6.5,12,Drama,noah
52,2011-12-21,the adventures of tintin,130000000.0,77591831.0,373991831.0,2011,Par.,77600000.0,296400000.0,2011.0,the adventures of tintin,243991831.0,1.8768602384615385,tt0983193,The Adventures of Tintin,The Adventures of Tintin,2011,107,"Action,Adventure,Animation",7.3,202430,Action,the adventures of tintin
53,2013-05-31,after earth,130000000.0,60522097.0,243822097.0,2013,Sony,60500000.0,183300000.0,2013.0,after earth,113822097.0,0.8755545923076923,tt1815862,After Earth,After Earth,2013,100,"Action,Adventure,Drama",4.8,181687,Action,after earth
55,2013-07-19,r.i.p.d.,130000000.0,33618855.0,78318855.0,2013,Uni.,33600000.0,44700000.0,2013.0,r.i.p.d.,-51681145.0,-0.3975472692307692,tt0790736,R.I.P.D.,R.I.P.D.,2013,96,"Action,Adventure,Comedy",5.6,109078,Action,r.i.p.d.
56,2019-02-22,how to train your dragon: the hidden world,129000000.0,160791800.0,,2019,unknown,,,,how to train your dragon: the hidden world,,,tt2386490,How to Train Your Dragon: The Hidden World,How to Train Your Dragon: The Hidden World,2019,104,"Action,Adventure,Animation",7.6,60769,Action,how to train your dragon: the hidden world
58,2000-05-19,dinosaur,127500000.0,137748063.0,,2000,unknown,,,,dinosaur,,,tt1843902,Dinosaur,Dinosaur,2011,77,Animation,7.2,23,Animation,dinosaur
59,2017-03-03,logan,127000000.0,226277068.0,,2017,unknown,,,,logan,,,tt1483010,Logan,Logan,2010,94,"Comedy,Drama,Family",6.2,252,Comedy,logan
59,2017-03-03,logan,127000000.0,226277068.0,,2017,unknown,,,,logan,,,tt3315342,Logan,Logan,2017,137,"Action,Drama,Sci-Fi",8.1,560270,Action,logan
60,2014-12-19,night at the museum: secret of the tomb,127000000.0,113746621.0,363246621.0,2014,Fox,113700000.0,249500000.0,2014.0,night at the museum: secret of the tomb,236246621.0,1.8602096141732283,tt2692250,Night at the Museum: Secret of the Tomb,Night at the Museum: Secret of the Tomb,2014,98,"Adventure,Comedy,Family",6.2,93103,Adventure,night at the museum: secret of the tomb
62,2014-11-21,the hunger games: mockingjay - part 1,125000000.0,337135885.0,755335885.0,2014,LGF,337100000.0,418200000.0,2014.0,the hunger games: mockingjay - part 1,630335885.0,5.04268708,tt1951265,The Hunger Games: Mockingjay - Part 1,The Hunger Games: Mockingjay - Part 1,2014,123,"Action,Adventure,Sci-Fi",6.6,379050,Action,the hunger games: mockingjay - part 1
67,2011-04-29,fast five,125000000.0,210031325.0,626331325.0,2011,Uni.,209800000.0,416300000.0,2011.0,fast five,501331325.0,4.0106506,tt1596343,Fast Five,Fast Five,2011,130,"Action,Crime,Thriller",7.3,329892,Action,fast five
68,2014-08-08,teenage mutant ninja turtles,125000000.0,191204754.0,,2014,unknown,,,,teenage mutant ninja turtles,,,tt1291150,Teenage Mutant Ninja Turtles,Teenage Mutant Ninja Turtles,2014,101,"Action,Adventure,Comedy",5.8,192220,Action,teenage mutant ninja turtles
33,1990-03-30,teenage mutant ninja turtles,13500000.0,135265915.0,,1990,unknown,,,,teenage mutant ninja turtles,,,tt1291150,Teenage Mutant Ninja Turtles,Teenage Mutant Ninja Turtles,2014,101,"Action,Adventure,Comedy",5.8,192220,Action,teenage mutant ninja turtles
69,2011-12-16,sherlock holmes: a game of shadows,125000000.0,186848418.0,545448418.0,2011,WB,186800000.0,358600000.0,2011.0,sherlock holmes: a game of shadows,420448418.0,3.363587344,tt1515091,Sherlock Holmes: A Game of Shadows,Sherlock Holmes: A Game of Shadows,2011,129,"Action,Adventure,Crime",7.5,394189,Action,sherlock holmes: a game of shadows
71,2017-03-31,the boss baby,125000000.0,175003033.0,528003033.0,2017,Fox,175000000.0,353000000.0,2017.0,the boss baby,403003033.0,3.224024264,tt3874544,The Boss Baby,The Boss Baby,2017,97,"Adventure,Animation,Comedy",6.3,93730,Adventure,the boss baby
72,2010-04-01,clash of the titans,125000000.0,163214888.0,,2010,unknown,,,,clash of the titans,,,tt0800320,Clash of the Titans,Clash of the Titans,2010,106,"Action,Adventure,Fantasy",5.8,256176,Action,clash of the titans
51,1981-06-12,clash of the titans,15000000.0,30000000.0,,1981,unknown,,,,clash of the titans,,,tt0800320,Clash of the Titans,Clash of the Titans,2010,106,"Action,Adventure,Fantasy",5.8,256176,Action,clash of the titans
73,2016-11-04,trolls,125000000.0,153707064.0,346907064.0,2016,Fox,153700000.0,193200000.0,2016.0,trolls,221907064.0,1.775256512,tt1679335,Trolls,Trolls,2016,92,"Adventure,Animation,Comedy",6.5,63295,Adventure,trolls
75,2012-06-08,prometheus,125000000.0,126477084.0,403377084.0,2012,Fox,126500000.0,276900000.0,2012.0,prometheus,278377084.0,2.227016672,tt1446714,Prometheus,Prometheus,2012,124,"Adventure,Mystery,Sci-Fi",7.0,538720,Adventure,prometheus
76,2012-08-10,the bourne legacy,125000000.0,113203870.0,276103870.0,2012,Uni.,113200000.0,162900000.0,2012.0,the bourne legacy,151103870.0,1.20883096,tt1194173,The Bourne Legacy,The Bourne Legacy,2012,135,"Action,Adventure,Thriller",6.7,268678,Action,the bourne legacy
78,2018-07-13,skyscraper,125000000.0,68420120.0,304820120.0,2018,Uni.,68400000.0,236400000.0,2018.0,skyscraper,179820120.0,1.43856096,tt5758778,Skyscraper,Skyscraper,2018,102,"Action,Adventure,Thriller",5.8,81193,Action,skyscraper
79,2012-08-03,total recall,125000000.0,58877969.0,,2012,unknown,,,,total recall,,,tt1386703,Total Recall,Total Recall,2012,118,"Action,Adventure,Mystery",6.3,228460,Action,total recall
80,1990-06-01,total recall,65000000.0,119394839.0,,1990,unknown,,,,total recall,,,tt1386703,Total Recall,Total Recall,2012,118,"Action,Adventure,Mystery",6.3,228460,Action,total recall
81,2017-01-13,monster trucks,125000000.0,33370166.0,64470166.0,2017,Par.,33400000.0,31100000.0,2017.0,monster trucks,-60529834.0,-0.484238672,tt3095734,Monster Trucks,Monster Trucks,2016,104,"Action,Adventure,Comedy",5.7,13525,Action,monster trucks
86,2016-07-29,jason bourne,120000000.0,162192920.0,415292920.0,2016,Uni.,162400000.0,253100000.0,2016.0,jason bourne,295292920.0,2.460774333333333,tt4196776,Jason Bourne,Jason Bourne,2016,123,"Action,Thriller",6.6,190596,Action,jason bourne
88,2012-11-21,life of pi,120000000.0,124987022.0,608987022.0,2012,Fox,125000000.0,484000000.0,2012.0,life of pi,488987022.0,4.07489185,tt0454876,Life of Pi,Life of Pi,2012,127,"Adventure,Drama,Fantasy",7.9,535836,Adventure,life of pi
90,2018-04-13,rampage,120000000.0,101028233.0,,2018,unknown,,,,rampage,,,tt2231461,Rampage,Rampage,2018,107,"Action,Adventure,Sci-Fi",6.1,115891,Action,rampage
92,2013-08-09,elysium,120000000.0,93050117.0,286150117.0,2013,TriS,93100000.0,193100000.0,2013.0,elysium,166150117.0,1.3845843083333333,tt1535108,Elysium,Elysium,2013,109,"Action,Drama,Sci-Fi",6.6,395572,Action,elysium
93,2013-04-19,oblivion,120000000.0,89107235.0,286207235.0,2013,Uni.,89100000.0,197100000.0,2013.0,oblivion,166207235.0,1.3850602916666668,tt1483013,Oblivion,Oblivion,2013,124,"Action,Adventure,Sci-Fi",7.0,453966,Action,oblivion
93,2013-04-19,oblivion,120000000.0,89107235.0,286207235.0,2013,Uni.,89100000.0,197100000.0,2013.0,oblivion,166207235.0,1.3850602916666668,tt1876409,Oblivion,Oblivion,2011,116,Thriller,8.0,8,Thriller,oblivion
94,2017-03-24,power rangers,120000000.0,85364450.0,,2017,unknown,,,,power rangers,,,tt3717490,Power Rangers,Power Rangers,2017,124,"Action,Adventure,Sci-Fi",6.0,92013,Action,power rangers
96,2014-02-12,robocop,120000000.0,58607007.0,,2014,unknown,,,,robocop,,,tt1234721,RoboCop,RoboCop,2014,117,"Action,Crime,Sci-Fi",6.2,205798,Action,robocop
55,1987-07-17,robocop,13000000.0,53424681.0,,1987,unknown,,,,robocop,,,tt1234721,RoboCop,RoboCop,2014,117,"Action,Crime,Sci-Fi",6.2,205798,Action,robocop
98,2015-08-07,fantastic four,120000000.0,56117548.0,168017548.0,2015,Fox,56100000.0,111900000.0,2015.0,fantastic four,48017548.0,0.4001462333333333,tt1502712,Fantastic Four,Fantastic Four,2015,100,"Action,Adventure,Drama",4.3,140148,Action,fantastic four
85,2005-07-08,fantastic four,87500000.0,154696080.0,266596080.0,2005,Fox,56100000.0,111900000.0,2015.0,fantastic four,179096080.0,2.0468123428571428,tt1502712,Fantastic Four,Fantastic Four,2015,100,"Action,Adventure,Drama",4.3,140148,Action,fantastic four
100,2005-07-22,the island,120000000.0,35818913.0,,2005,unknown,,,,the island,,,tt1737256,The Island,The Island,2011,95,"Drama,Romance",5.1,705,Drama,the island
100,2005-07-22,the island,120000000.0,35818913.0,,2005,unknown,,,,the island,,,tt8755316,The Island,Yi chu hao xi,2018,134,"Comedy,Drama",6.2,1001,Comedy,the island
35,1980-06-13,the island,22000000.0,15716828.0,,1980,unknown,,,,the island,,,tt1737256,The Island,The Island,2011,95,"Drama,Romance",5.1,705,Drama,the island
35,1980-06-13,the island,22000000.0,15716828.0,,1980,unknown,,,,the island,,,tt8755316,The Island,Yi chu hao xi,2018,134,"Comedy,Drama",6.2,1001,Comedy,the island
2,2010-06-23,knight and day,117000000.0,76423035.0,,2010,unknown,,,,knight and day,,,tt1013743,Knight and Day,Knight and Day,2010,109,"Action,Adventure,Comedy",6.3,169840,Action,knight and day
3,2018-10-05,venom,116000000.0,213511408.0,,2018,unknown,,,,venom,,,tt1270797,Venom,Venom,2018,112,"Action,Sci-Fi,Thriller",6.7,275406,Action,venom
3,2018-10-05,venom,116000000.0,213511408.0,,2018,unknown,,,,venom,,,tt1931601,Venom,Venom,2011,92,Thriller,3.0,162,Thriller,venom
14,2005-09-16,venom,25000000.0,881745.0,,2005,unknown,,,,venom,,,tt1270797,Venom,Venom,2018,112,"Action,Sci-Fi,Thriller",6.7,275406,Action,venom
14,2005-09-16,venom,25000000.0,881745.0,,2005,unknown,,,,venom,,,tt1931601,Venom,Venom,2011,92,Thriller,3.0,162,Thriller,venom
8,2013-07-26,the wolverine,115000000.0,132556852.0,414856852.0,2013,Fox,132600000.0,282300000.0,2013.0,the wolverine,299856852.0,2.6074508869565216,tt1430132,The Wolverine,The Wolverine,2013,126,"Action,Adventure,Sci-Fi",6.7,401286,Action,the wolverine
13,2010-12-25,gulliver's travels,112000000.0,42779261.0,237379261.0,2010,Fox,42800000.0,194600000.0,2010.0,gulliver's travels,125379261.0,1.1194576875,tt1320261,Gulliver's Travels,Gulliver's Travels,2010,85,"Adventure,Comedy,Family",4.9,61178,Adventure,gulliver's travels
14,2017-12-15,ferdinand,111000000.0,84410380.0,296110380.0,2017,Fox,84400000.0,211700000.0,2017.0,ferdinand,185110380.0,1.667661081081081,tt3411444,Ferdinand,Ferdinand,2017,108,"Adventure,Animation,Comedy",6.7,40229,Adventure,ferdinand
15,2018-05-18,deadpool 2,110000000.0,324591735.0,785091735.0,2018,Fox,318500000.0,460500000.0,2018.0,deadpool 2,675091735.0,6.137197590909091,tt5463162,Deadpool 2,Deadpool 2,2018,119,"Action,Adventure,Comedy",7.8,391735,Action,deadpool 2
16,2013-10-04,gravity,110000000.0,274092705.0,723192705.0,2013,WB,274100000.0,449100000.0,2013.0,gravity,613192705.0,5.574479136363636,tt1454468,Gravity,Gravity,2013,91,"Drama,Sci-Fi,Thriller",7.7,710018,Drama,gravity
19,2015-05-29,san andreas,110000000.0,155190832.0,473990832.0,2015,WB (NL),155200000.0,318800000.0,2015.0,san andreas,363990832.0,3.3090075636363636,tt2126355,San Andreas,San Andreas,2015,114,"Action,Adventure,Drama",6.1,192750,Action,san andreas
20,2011-07-29,the smurfs,110000000.0,142614158.0,563714158.0,2011,Sony,142600000.0,421100000.0,2011.0,the smurfs,453714158.0,4.124674163636364,tt0472181,The Smurfs,The Smurfs,2011,103,"Adventure,Animation,Comedy",5.5,77577,Adventure,the smurfs
25,2000-06-28,the patriot,110000000.0,113330342.0,,2000,unknown,,,,the patriot,,,tt7155152,The Patriot,The Patriot,2017,72,Documentary,7.3,6,Documentary,the patriot
26,2014-03-07,300: rise of an empire,110000000.0,106580051.0,337580051.0,2014,WB,106600000.0,231000000.0,2014.0,300: rise of an empire,227580051.0,2.0689095545454546,tt1253863,300: Rise of an Empire,300: Rise of an Empire,2014,102,"Action,Fantasy,War",6.2,262978,Action,300: rise of an empire
28,2016-12-21,passengers,110000000.0,100014699.0,,2016,unknown,,,,passengers,,,tt1355644,Passengers,Passengers,2016,116,"Drama,Romance,Sci-Fi",7.0,311083,Drama,passengers
29,2011-01-14,the green hornet,110000000.0,98780042.0,227780042.0,2011,Sony,98800000.0,129000000.0,2011.0,the green hornet,117780042.0,1.0707276545454545,tt0990407,The Green Hornet,The Green Hornet,2011,119,"Action,Comedy,Crime",5.8,148622,Action,the green hornet
31,2011-10-07,real steel,110000000.0,85463309.0,299263309.0,2011,BV,85500000.0,213800000.0,2011.0,real steel,189263309.0,1.7205755363636364,tt0433035,Real Steel,Real Steel,2011,127,"Action,Drama,Family",7.1,283534,Action,real steel
32,2010-06-11,the a-team,110000000.0,77222099.0,177222099.0,2010,Fox,77200000.0,100000000.0,2010.0,the a-team,67222099.0,0.6111099909090909,tt0429493,The A-Team,The A-Team,2010,117,"Action,Adventure,Thriller",6.8,235256,Action,the a-team
33,2013-07-31,the smurfs 2,110000000.0,71017784.0,347517784.0,2013,Sony,71000000.0,276500000.0,2013.0,the smurfs 2,237517784.0,2.159252581818182,tt2017020,The Smurfs 2,The Smurfs 2,2013,105,"Adventure,Animation,Comedy",5.4,34229,Adventure,the smurfs 2
36,2013-11-01,ender's game,110000000.0,61737191.0,125537191.0,2013,LG/S,61700000.0,63800000.0,2013.0,ender's game,15537191.0,0.1412471909090909,tt1731141,Ender's Game,Ender's Game,2013,114,"Action,Adventure,Fantasy",6.6,211722,Action,ender's game
40,2017-03-31,ghost in the shell,110000000.0,40563557.0,,2017,unknown,,,,ghost in the shell,,,tt1219827,Ghost in the Shell,Ghost in the Shell,2017,107,"Action,Drama,Sci-Fi",6.4,176499,Action,ghost in the shell
45,2001-12-25,ali,109000000.0,58183966.0,,2001,unknown,,,,ali,,,tt2006051,Ali,Ali,2012,88,Drama,6.4,136,Drama,ali
45,2001-12-25,ali,109000000.0,58183966.0,,2001,unknown,,,,ali,,,tt9861522,Ali,Ali,2019,110,Drama,7.7,79,Drama,ali
46,2015-10-02,the martian,108000000.0,228433663.0,630133663.0,2015,Fox,228400000.0,401700000.0,2015.0,the martian,522133663.0,4.834570953703704,tt3659388,The Martian,The Martian,2015,144,"Adventure,Drama,Sci-Fi",8.0,680116,Adventure,the martian
47,2016-11-23,allied,106000000.0,40098064.0,119498064.0,2016,Par.,40100000.0,79400000.0,2016.0,allied,13498064.0,0.12734022641509435,tt3640424,Allied,Allied,2016,124,"Action,Drama,Romance",7.1,125741,Action,allied
52,2016-07-22,ice age: collision course,105000000.0,64063008.0,408563008.0,2016,Fox,64099999.0,344500000.0,2016.0,ice age: collision course,303563008.0,2.8910762666666665,tt3416828,Ice Age: Collision Course,Ice Age: Collision Course,2016,94,"Adventure,Animation,Comedy",5.7,48932,Adventure,ice age: collision course
54,2017-09-22,kingsman: the golden circle,104000000.0,100234838.0,410934838.0,2017,Fox,100200000.0,310700000.0,2017.0,kingsman: the golden circle,306934838.0,2.951296519230769,tt4649466,Kingsman: The Golden Circle,Kingsman: The Golden Circle,2017,141,"Action,Adventure,Comedy",6.8,230797,Action,kingsman: the golden circle
58,2018-03-09,a wrinkle in time,103000000.0,100478608.0,132678608.0,2018,BV,100500000.0,32200000.0,2018.0,a wrinkle in time,29678608.0,0.2881418252427184,tt1620680,A Wrinkle in Time,A Wrinkle in Time,2018,109,"Adventure,Family,Fantasy",4.2,34888,Adventure,a wrinkle in time
62,2018-12-21,bumblebee,102000000.0,127195589.0,467995589.0,2018,Par.,127200000.0,340800000.0,2018.0,bumblebee,365995589.0,3.5881920490196078,tt4701182,Bumblebee,Bumblebee,2018,114,"Action,Adventure,Sci-Fi",6.9,94155,Action,bumblebee
63,2012-10-26,cloud atlas,102000000.0,27108272.0,130508272.0,2012,WB,27100000.0,103400000.0,2012.0,cloud atlas,28508272.0,0.27949286274509805,tt1371111,Cloud Atlas,Cloud Atlas,2012,172,"Action,Drama,Mystery",7.4,326473,Action,cloud atlas
69,2012-12-25,django unchained,100000000.0,162805434.0,425405434.0,2012,Wein.,162800000.0,262600000.0,2012.0,django unchained,325405434.0,3.25405434,tt1853728,Django Unchained,Django Unchained,2012,165,"Drama,Western",8.4,1211405,Drama,django unchained
70,2010-12-22,little fockers,100000000.0,148438600.0,310638600.0,2010,Uni.,148400000.0,162200000.0,2010.0,little fockers,210638600.0,2.106386,tt0970866,Little Fockers,Little Fockers,2010,98,"Comedy,Romance",5.5,99222,Comedy,little fockers
74,2010-08-06,the other guys,100000000.0,119219978.0,170419978.0,2010,Sony,119200000.0,51200000.0,2010.0,the other guys,70419978.0,0.70419978,tt1386588,The Other Guys,The Other Guys,2010,107,"Action,Comedy,Crime",6.7,221664,Action,the other guys
76,2013-12-25,the wolf of wall street,100000000.0,116900694.0,392000694.0,2013,Par.,116900000.0,275100000.0,2013.0,the wolf of wall street,292000694.0,2.92000694,tt0993846,The Wolf of Wall Street,The Wolf of Wall Street,2013,180,"Biography,Crime,Drama",8.2,1035358,Biography,the wolf of wall street
77,2013-05-24,epic,100000000.0,107518682.0,268418682.0,2013,Fox,107500000.0,160900000.0,2013.0,epic,168418682.0,1.68418682,tt0848537,Epic,Epic,2013,102,"Adventure,Animation,Family",6.7,95318,Adventure,epic
81,2012-08-17,the expendables 2,100000000.0,85028192.0,314928192.0,2012,LGF,85000000.0,229900000.0,2012.0,the expendables 2,214928192.0,2.14928192,tt1764651,The Expendables 2,The Expendables 2,2012,103,"Action,Adventure,Thriller",6.6,277584,Action,the expendables 2
84,2014-07-25,hercules,100000000.0,72688614.0,,2014,unknown,,,,hercules,,,tt1267297,Hercules,Hercules,2014,98,"Action,Adventure,Fantasy",6.0,137287,Action,hercules
84,2014-07-25,hercules,100000000.0,72688614.0,,2014,unknown,,,,hercules,,,tt3985956,Hercules,Hercules,2014,112,Comedy,6.2,72,Comedy,hercules
8,1997-06-13,hercules,70000000.0,99112101.0,,1997,unknown,,,,hercules,,,tt1267297,Hercules,Hercules,2014,98,"Action,Adventure,Fantasy",6.0,137287,Action,hercules
8,1997-06-13,hercules,70000000.0,99112101.0,,1997,unknown,,,,hercules,,,tt3985956,Hercules,Hercules,2014,112,Comedy,6.2,72,Comedy,hercules
85,2010-12-10,the tourist,100000000.0,67631157.0,278331157.0,2010,Sony,67600000.0,210700000.0,2010.0,the tourist,178331157.0,1.78331157,tt1243957,The Tourist,The Tourist,2010,103,"Action,Adventure,Thriller",6.0,206714,Action,the tourist
90,2010-09-24,legend of the guardians: the owls of ga'hoole,100000000.0,55675313.0,140075313.0,2010,WB,55700000.0,84400000.0,2010.0,legend of the guardians: the owls of ga'hoole,40075313.0,0.40075313,tt1219342,Legend of the Guardians: The Owls of Ga'Hoole,Legend of the Guardians: The Owls of Ga'Hoole,2010,97,"Action,Adventure,Animation",7.0,73790,Action,legend of the guardians: the owls of ga'hoole
94,2019-03-15,wonder park,100000000.0,45216793.0,,2019,unknown,,,,wonder park,,,tt6428676,Wonder Park,Wonder Park,2019,85,"Adventure,Animation,Comedy",5.7,3091,Adventure,wonder park
96,2014-08-15,the expendables 3,100000000.0,39322544.0,214622544.0,2014,LGF,39300000.0,175300000.0,2014.0,the expendables 3,114622544.0,1.14622544,tt2333784,The Expendables 3,The Expendables 3,2014,126,"Action,Adventure,Thriller",6.1,156432,Action,the expendables 3
98,2010-03-12,green zone,100000000.0,35497337.0,95297337.0,2010,Uni.,35100000.0,59800000.0,2010.0,green zone,-4702663.0,-0.04702663,tt0947810,Green Zone,Green Zone,2010,115,"Action,Drama,Thriller",6.8,122132,Action,green zone
99,2017-10-20,geostorm,100000000.0,33700160.0,221600160.0,2017,WB,33700000.0,187900000.0,2017.0,geostorm,121600160.0,1.2160016,tt1981128,Geostorm,Geostorm,2017,109,"Action,Sci-Fi,Thriller",5.3,78287,Action,geostorm
100,2015-12-25,point break,100000000.0,28782481.0,,2015,unknown,,,,point break,,,tt2058673,Point Break,Point Break,2015,114,"Action,Crime,Sport",5.3,53802,Action,point break
41,1991-07-12,point break,24000000.0,43218387.0,,1991,unknown,,,,point break,,,tt2058673,Point Break,Point Break,2015,114,"Action,Crime,Sport",5.3,53802,Action,point break
1,2015-12-11,in the heart of the sea,100000000.0,25020758.0,93920758.0,2015,WB,25000000.0,68900000.0,2015.0,in the heart of the sea,-6079242.0,-0.06079242,tt1390411,In the Heart of the Sea,In the Heart of the Sea,2015,122,"Action,Adventure,Biography",6.9,108628,Action,in the heart of the sea
2,2014-04-18,transcendence,100000000.0,23022309.0,103022309.0,2014,WB,23000000.0,80000000.0,2014.0,transcendence,3022309.0,0.03022309,tt2202408,Transcendence,Transcendence,2012,98,Drama,6.1,22,Drama,transcendence
2,2014-04-18,transcendence,100000000.0,23022309.0,103022309.0,2014,WB,23000000.0,80000000.0,2014.0,transcendence,3022309.0,0.03022309,tt2209764,Transcendence,Transcendence,2014,119,"Action,Drama,Sci-Fi",6.3,204481,Action,transcendence
4,2018-12-14,mortal engines,100000000.0,15951040.0,83651040.0,2018,Uni.,16000000.0,67700000.0,2018.0,mortal engines,-16348960.0,-0.1634896,tt1571234,Mortal Engines,Mortal Engines,2018,128,"Action,Adventure,Fantasy",6.1,70193,Action,mortal engines
7,2015-11-06,the peanuts movie,99000000.0,130178411.0,246278411.0,2015,Fox,130199999.0,116100000.0,2015.0,the peanuts movie,147278411.0,1.487660717171717,tt2452042,The Peanuts Movie,The Peanuts Movie,2015,88,"Adventure,Animation,Comedy",7.1,39149,Adventure,the peanuts movie
8,2019-02-08,the lego movie 2: the second part,99000000.0,105806508.0,,2019,unknown,,,,the lego movie 2: the second part,,,tt3513498,The Lego Movie 2: The Second Part,The Lego Movie 2: The Second Part,2019,107,"Action,Adventure,Animation",6.7,30990,Action,the lego movie 2: the second part
12,2017-05-19,alien: covenant,97000000.0,74262031.0,240862031.0,2017,Fox,74300000.0,166600000.0,2017.0,alien: covenant,143862031.0,1.4831137216494845,tt2316204,Alien: Covenant,Alien: Covenant,2017,122,"Horror,Sci-Fi,Thriller",6.4,226920,Horror,alien: covenant
13,2015-03-13,cinderella,95000000.0,201151353.0,,2015,unknown,,,,cinderella,,,tt1661199,Cinderella,Cinderella,2015,105,"Drama,Family,Fantasy",6.9,142792,Drama,cinderella
76,1950-02-15,cinderella,2900000.0,85000000.0,,1950,unknown,,,,cinderella,,,tt1661199,Cinderella,Cinderella,2015,105,"Drama,Family,Fantasy",6.9,142792,Drama,cinderella
14,2012-07-13,ice age: continental drift,95000000.0,161321843.0,877221843.0,2012,Fox,161300000.0,715900000.0,2012.0,ice age: continental drift,782221843.0,8.233914136842106,tt1667889,Ice Age: Continental Drift,Ice Age: Continental Drift,2012,88,"Adventure,Animation,Comedy",6.6,175601,Adventure,ice age: continental drift
15,2001-12-28,black hawk down,95000000.0,108638745.0,,2001,unknown,,,,black hawk down,,,tt4330758,Black Hawk Down,Black Hawk Down,2014,57,Documentary,7.8,167,Documentary,black hawk down
16,2010-05-27,sex and the city 2,95000000.0,95347692.0,288347692.0,2010,WB (NL),95300000.0,193000000.0,2010.0,sex and the city 2,193347692.0,2.0352388631578946,tt1261945,Sex and the City 2,Sex and the City 2,2010,146,"Comedy,Drama,Romance",4.4,69199,Comedy,sex and the city 2
17,2010-02-12,percy jackson & the olympians: the lightning thief,95000000.0,88768303.0,226468303.0,2010,Fox,88800000.0,137700000.0,2010.0,percy jackson & the olympians: the lightning thief,131468303.0,1.3838768736842104,tt0814255,Percy Jackson & the Olympians: The Lightning Thief,Percy Jackson & the Olympians: The Lightning Thief,2010,118,"Adventure,Family,Fantasy",5.9,165108,Adventure,percy jackson & the olympians: the lightning thief
18,2012-08-10,the campaign,95000000.0,86907746.0,104907746.0,2012,WB,86900000.0,18000000.0,2012.0,the campaign,9907746.0,0.10429206315789474,tt1790886,The Campaign,The Campaign,2012,85,Comedy,6.1,118678,Comedy,the campaign
18,2012-08-10,the campaign,95000000.0,86907746.0,104907746.0,2012,WB,86900000.0,18000000.0,2012.0,the campaign,9907746.0,0.10429206315789474,tt2411684,The Campaign,The Campaign,2013,60,Documentary,6.9,14,Documentary,the campaign
19,2010-11-12,unstoppable,95000000.0,81562942.0,167762942.0,2010,Fox,81600000.0,86200000.0,2010.0,unstoppable,72762942.0,0.7659257052631578,tt0477080,Unstoppable,Unstoppable,2010,98,"Action,Thriller",6.8,173019,Action,unstoppable
19,2010-11-12,unstoppable,95000000.0,81562942.0,167762942.0,2010,Fox,81600000.0,86200000.0,2010.0,unstoppable,72762942.0,0.7659257052631578,tt3070502,Unstoppable,Unstoppable,2013,65,Documentary,4.3,551,Documentary,unstoppable
19,2010-11-12,unstoppable,95000000.0,81562942.0,167762942.0,2010,Fox,81600000.0,86200000.0,2010.0,unstoppable,72762942.0,0.7659257052631578,tt9225192,Unstoppable,Seongnan hwangso,2018,116,"Action,Crime",6.5,576,Action,unstoppable
19,2010-11-12,unstoppable,95000000.0,81562942.0,167762942.0,2010,Fox,81600000.0,86200000.0,2010.0,unstoppable,72762942.0,0.7659257052631578,tt9906218,Unstoppable,Unstoppable,2019,84,Documentary,8.1,8,Documentary,unstoppable
23,2016-08-19,ben-hur,95000000.0,26410477.0,,2016,unknown,,,,ben-hur,,,tt2638144,Ben-Hur,Ben-Hur,2016,123,"Action,Adventure,Drama",5.7,37975,Action,ben-hur
8,1959-11-18,ben-hur,15000000.0,73000000.0,,1959,unknown,,,,ben-hur,,,tt2638144,Ben-Hur,Ben-Hur,2016,123,"Action,Adventure,Drama",5.7,37975,Action,ben-hur
24,2015-02-06,seventh son,95000000.0,17725785.0,114725785.0,2015,Uni.,17200000.0,97000000.0,2015.0,seventh son,19725785.0,0.20763984210526315,tt1121096,Seventh Son,Seventh Son,2014,102,"Action,Adventure,Fantasy",5.5,66565,Action,seventh son
29,2015-02-13,kingsman: the secret service,94000000.0,128261724.0,414361724.0,2015,Fox,128300000.0,286100000.0,2015.0,kingsman: the secret service,320361724.0,3.4081034468085107,tt2802144,Kingsman: The Secret Service,Kingsman: The Secret Service,2014,129,"Action,Adventure,Comedy",7.7,544510,Action,kingsman: the secret service
31,2011-08-05,rise of the planet of the apes,93000000.0,176760185.0,481760185.0,2011,Fox,176800000.0,305000000.0,2011.0,rise of the planet of the apes,388760185.0,4.180217043010753,tt1318514,Rise of the Planet of the Apes,Rise of the Planet of the Apes,2011,105,"Action,Drama,Sci-Fi",7.6,473020,Action,rise of the planet of the apes
34,2013-02-14,a good day to die hard,92000000.0,67349198.0,304649198.0,2013,Fox,67300000.0,237300000.0,2013.0,a good day to die hard,212649198.0,2.3114043260869566,tt1606378,A Good Day to Die Hard,A Good Day to Die Hard,2013,98,"Action,Thriller",5.3,188383,Action,a good day to die hard
37,2013-12-25,the secret life of walter mitty,91000000.0,58236838.0,188136838.0,2013,Fox,58200000.0,129900000.0,2013.0,the secret life of walter mitty,97136838.0,1.0674377802197803,tt0359950,The Secret Life of Walter Mitty,The Secret Life of Walter Mitty,2013,114,"Adventure,Comedy,Drama",7.3,275300,Adventure,the secret life of walter mitty
38,2017-12-20,jumanji: welcome to the jungle,90000000.0,404508916.0,962108916.0,2017,Sony,404500000.0,557600000.0,2017.0,jumanji: welcome to the jungle,872108916.0,9.690099066666667,tt2283362,Jumanji: Welcome to the Jungle,Jumanji: Welcome to the Jungle,2017,119,"Action,Adventure,Comedy",7.0,242735,Action,jumanji: welcome to the jungle
42,2009-12-25,sherlock holmes,90000000.0,209028679.0,,2009,unknown,,,,sherlock holmes,,,tt2304901,Sherlock Holmes,Sherlock Holmes,2011,77,Adventure,5.4,48,Adventure,sherlock holmes
46,2011-04-15,rio,90000000.0,143619809.0,484619809.0,2011,Fox,143600000.0,341000000.0,2011.0,rio,394619809.0,4.384664544444444,tt1436562,Rio,Rio,2011,96,"Adventure,Animation,Comedy",6.9,191621,Adventure,rio
46,2011-04-15,rio,90000000.0,143619809.0,484619809.0,2011,Fox,143600000.0,341000000.0,2011.0,rio,394619809.0,4.384664544444444,tt2614250,Rio,Rio,2012,90,Documentary,8.3,14,Documentary,rio
46,2011-04-15,rio,90000000.0,143619809.0,484619809.0,2011,Fox,143600000.0,341000000.0,2011.0,rio,394619809.0,4.384664544444444,tt5734820,Rio,Rio,2017,87,Drama,2.6,7,Drama,rio
51,2011-12-20,the girl with the dragon tattoo,90000000.0,102515793.0,196815793.0,2011,MBox,10100000.0,94300000.0,2010.0,the girl with the dragon tattoo,106815793.0,1.1868421444444444,tt1568346,The Girl with the Dragon Tattoo,The Girl with the Dragon Tattoo,2011,158,"Crime,Drama,Mystery",7.8,387580,Crime,the girl with the dragon tattoo
52,1997-07-11,contact,90000000.0,100920329.0,,1997,unknown,,,,contact,,,tt1564021,Contact,Contact,2010,79,"Documentary,History",7.3,23,Documentary,contact
52,1997-07-11,contact,90000000.0,100920329.0,,1997,unknown,,,,contact,,,tt7332012,Contact,Contact,2017,172,Documentary,8.7,40,Documentary,contact
55,2016-09-23,the magnificent seven,90000000.0,93432655.0,,2016,unknown,,,,the magnificent seven,,,tt2404435,The Magnificent Seven,The Magnificent Seven,2016,132,"Action,Adventure,Western",6.9,168514,Action,the magnificent seven
56,2015-12-18,alvin and the chipmunks: the road chip,90000000.0,85886987.0,234786987.0,2015,Fox,85900000.0,148900000.0,2015.0,alvin and the chipmunks: the road chip,144786987.0,1.6087443,tt2974918,Alvin and the Chipmunks: The Road Chip,Alvin and the Chipmunks: The Road Chip,2015,92,"Adventure,Animation,Comedy",5.1,14507,Adventure,alvin and the chipmunks: the road chip
59,2015-07-24,pixels,90000000.0,78765986.0,244865986.0,2015,Sony,78700000.0,166100000.0,2015.0,pixels,154865986.0,1.7207331777777777,tt1664775,Pixels,Piksele,2010,100,"Action,Comedy",4.6,54,Action,pixels
59,2015-07-24,pixels,90000000.0,78765986.0,244865986.0,2015,Sony,78700000.0,166100000.0,2015.0,pixels,154865986.0,1.7207331777777777,tt2120120,Pixels,Pixels,2015,105,"Action,Comedy,Sci-Fi",5.6,119789,Action,pixels
63,2005-04-22,the interpreter,90000000.0,72708161.0,,2005,unknown,,,,the interpreter,,,tt7368554,The Interpreter,The Interpreter,2018,113,"Comedy,Drama",6.7,241,Comedy,the interpreter
64,2013-08-07,percy jackson: sea of monsters,90000000.0,68559554.0,199859554.0,2013,Fox,68600000.0,131300000.0,2013.0,percy jackson: sea of monsters,109859554.0,1.220661711111111,tt1854564,Percy Jackson: Sea of Monsters,Percy Jackson: Sea of Monsters,2013,106,"Adventure,Family,Fantasy",5.8,102313,Adventure,percy jackson: sea of monsters
66,2016-06-10,now you see me 2,90000000.0,65075540.0,334875540.0,2016,LG/S,65099999.0,269800000.0,2016.0,now you see me 2,244875540.0,2.720839333333333,tt3110958,Now You See Me 2,Now You See Me 2,2016,129,"Action,Adventure,Comedy",6.5,216219,Action,now you see me 2
68,1997-04-04,the saint,90000000.0,61363304.0,,1997,unknown,,,,the saint,,,tt5846676,The Saint,Sventasis,2016,96,Drama,6.4,516,Drama,the saint
70,2018-03-16,tomb raider,90000000.0,58250803.0,274650803.0,2018,WB,58300000.0,216400000.0,2018.0,tomb raider,184650803.0,2.0516755888888887,tt1365519,Tomb Raider,Tomb Raider,2018,119,"Action,Adventure,Fantasy",6.3,163560,Action,tomb raider
73,1997-04-25,volcano,90000000.0,47546796.0,,1997,unknown,,,,volcano,,,tt1695831,Volcano,Eldfjall,2011,99,Drama,7.2,1181,Drama,volcano
73,1997-04-25,volcano,90000000.0,47546796.0,,1997,unknown,,,,volcano,,,tt7186036,Volcano,Volcano,2018,104,"Comedy,Drama",6.9,172,Comedy,volcano
76,2011-08-19,conan the barbarian,90000000.0,21295021.0,,2011,unknown,,,,conan the barbarian,,,tt0816462,Conan the Barbarian,Conan the Barbarian,2011,113,"Action,Adventure,Fantasy",5.2,90834,Action,conan the barbarian
44,1982-05-14,conan the barbarian,20000000.0,38264085.0,,1982,unknown,,,,conan the barbarian,,,tt0816462,Conan the Barbarian,Conan the Barbarian,2011,113,"Action,Adventure,Fantasy",5.2,90834,Action,conan the barbarian
77,2011-10-21,the three musketeers,90000000.0,20377913.0,,2011,unknown,,,,the three musketeers,,,tt1509767,The Three Musketeers,The Three Musketeers,2011,110,"Action,Adventure,Romance",5.8,98408,Action,the three musketeers
77,2011-10-21,the three musketeers,90000000.0,20377913.0,,2011,unknown,,,,the three musketeers,,,tt3274666,The Three Musketeers,Tri mushketera,2013,112,Adventure,3.7,213,Adventure,the three musketeers
78,2017-04-21,the promise,90000000.0,8224288.0,,2017,unknown,,,,the promise,,,tt4776998,The Promise,The Promise,2016,133,"Drama,History",6.1,164555,Drama,the promise
78,2017-04-21,the promise,90000000.0,8224288.0,,2017,unknown,,,,the promise,,,tt6072400,The Promise,The Promise,2016,90,Thriller,5.8,8,Thriller,the promise
78,2017-04-21,the promise,90000000.0,8224288.0,,2017,unknown,,,,the promise,,,tt7232438,The Promise,Puen Tee Raluek,2017,114,"Drama,Horror,Thriller",6.1,629,Drama,the promise
79,2010-11-24,the nutcracker in 3d,90000000.0,195459.0,16195459.0,2010,Free,195000.0,16000000.0,2010.0,the nutcracker in 3d,-73804541.0,-0.8200504555555556,tt1041804,The Nutcracker in 3D,The Nutcracker in 3D,2010,110,"Action,Family,Fantasy",4.3,3119,Action,the nutcracker in 3d
80,2017-12-13,bright,90000000.0,0.0,,2017,unknown,,,,bright,,,tt5519340,Bright,Bright,2017,117,"Action,Crime,Fantasy",6.4,147834,Action,bright
84,2018-09-14,the predator,88000000.0,51024708.0,,2018,unknown,,,,the predator,,,tt3829266,The Predator,The Predator,2018,107,"Action,Adventure,Sci-Fi",5.4,94888,Action,the predator
88,2000-12-22,cast away,85000000.0,233632142.0,,2000,unknown,,,,cast away,,,tt6473952,Cast Away,Cast Away,2017,90,"Adventure,Drama",6.3,11,Adventure,cast away
95,2014-03-21,divergent,85000000.0,150947895.0,288847895.0,2014,LG/S,150900000.0,137900000.0,2014.0,divergent,203847895.0,2.398210529411765,tt1840309,Divergent,Divergent,2014,139,"Action,Adventure,Mystery",6.7,399703,Action,divergent
96,2012-09-28,hotel transylvania,85000000.0,148313048.0,358413048.0,2012,Sony,148300000.0,210100000.0,2012.0,hotel transylvania,273413048.0,3.216624094117647,tt0837562,Hotel Transylvania,Hotel Transylvania,2012,91,"Animation,Comedy,Family",7.1,204571,Animation,hotel transylvania
97,2019-04-05,shazam!,85000000.0,139606856.0,,2019,unknown,,,,shazam!,,,tt0448115,Shazam!,Shazam!,2019,132,"Action,Adventure,Comedy",7.4,109051,Action,shazam!
99,2012-02-10,safe house,85000000.0,126181630.0,207881630.0,2012,Uni.,126400000.0,81700000.0,2012.0,safe house,122881630.0,1.4456662352941176,tt1599348,Safe House,Safe House,2012,115,"Action,Adventure,Crime",6.8,192655,Action,safe house
5,2011-11-04,tower heist,85000000.0,78046570.0,152946570.0,2011,Uni.,78000000.0,74900000.0,2011.0,tower heist,67946570.0,0.7993714117647058,tt0471042,Tower Heist,Tower Heist,2011,104,"Action,Comedy,Crime",6.2,125102,Action,tower heist
7,2012-03-30,mirror mirror,85000000.0,64935167.0,183035167.0,2012,Rela.,64900000.0,118100000.0,2012.0,mirror mirror,98035167.0,1.153354905882353,tt1667353,Mirror Mirror,Mirror Mirror,2012,106,"Adventure,Comedy,Drama",5.6,79510,Adventure,mirror mirror
14,2011-11-23,arthur christmas,85000000.0,46462469.0,147462469.0,2011,Sony,46500000.0,101000000.0,2011.0,arthur christmas,62462469.0,0.7348525764705882,tt1430607,Arthur Christmas,Arthur Christmas,2011,97,"Adventure,Animation,Comedy",7.1,45439,Adventure,arthur christmas
15,2017-01-20,xxx: return of xander cage,85000000.0,44898413.0,,2017,unknown,,,,xxx: return of xander cage,,,tt1293847,xXx: Return of Xander Cage,xXx: Return of Xander Cage,2017,107,"Action,Adventure,Thriller",5.2,77976,Action,xxx: return of xander cage
17,2010-07-30,cats & dogs: the revenge of kitty galore,85000000.0,43585753.0,112485753.0,2010,WB,43600000.0,68900000.0,2010.0,cats & dogs: the revenge of kitty galore,27485753.0,0.3233618,tt1287468,Cats & Dogs: The Revenge of Kitty Galore,Cats & Dogs: The Revenge of Kitty Galore,2010,82,"Action,Comedy,Family",4.3,12642,Action,cats & dogs: the revenge of kitty galore
19,2002-03-15,showtime,85000000.0,37948765.0,,2002,unknown,,,,showtime,,,tt1720297,Showtime,Yong xin tiao,2010,100,"Drama,Fantasy,Musical",4.2,20,Drama,showtime
22,2010-08-13,scott pilgrim vs. the world,85000000.0,31611316.0,47711316.0,2010,Uni.,31500000.0,16100000.0,2010.0,scott pilgrim vs. the world,-37288684.0,-0.4386904,tt0446029,Scott Pilgrim vs. the World,Scott Pilgrim vs. the World,2010,112,"Action,Comedy,Fantasy",7.5,339338,Action,scott pilgrim vs. the world
24,1997-05-09,father's day,85000000.0,28681080.0,,1997,unknown,,,,father's day,,,tt1727261,Father's Day,Father's Day,2011,99,"Action,Comedy,Horror",6.0,2482,Action,father's day
24,1997-05-09,father's day,85000000.0,28681080.0,,1997,unknown,,,,father's day,,,tt4003682,Father's Day,Fathers Day,2012,128,Drama,6.1,11,Drama,father's day
25,2017-12-20,the greatest showman,84000000.0,174340174.0,435040174.0,2017,Fox,174300000.0,260700000.0,2017.0,the greatest showman,351040174.0,4.179049690476191,tt1485796,The Greatest Showman,The Greatest Showman,2017,105,"Biography,Drama,Musical",7.6,199663,Biography,the greatest showman
28,2013-07-19,red 2,84000000.0,53262560.0,148062560.0,2013,LG/S,53300000.0,94800000.0,2013.0,red 2,64062560.0,0.7626495238095238,tt1821694,RED 2,RED 2,2013,116,"Action,Comedy,Crime",6.6,148846,Action,red 2
29,2006-06-23,click,82500000.0,137355633.0,,2006,unknown,,,,click,,,tt1596723,Click,Click,2010,127,"Drama,Horror,Mystery",3.6,290,Drama,click
31,2008-02-14,jumper,82500000.0,80172128.0,,2008,unknown,,,,jumper,,,tt2923554,Jumper,Jumper,2013,5,"Biography,Documentary,Drama",8.0,5,Biography,jumper
34,2010-08-13,the expendables,82000000.0,103068524.0,274468524.0,2010,LGF,103100000.0,171400000.0,2010.0,the expendables,192468524.0,2.3471771219512196,tt1320253,The Expendables,The Expendables,2010,103,"Action,Adventure,Thriller",6.5,307897,Action,the expendables
38,2012-03-23,the hunger games,80000000.0,408010692.0,694410692.0,2012,LGF,408000000.0,286400000.0,2012.0,the hunger games,614410692.0,7.68013365,tt1392170,The Hunger Games,The Hunger Games,2012,142,"Action,Adventure,Sci-Fi",7.2,795227,Action,the hunger games
39,2011-05-26,the hangover part ii,80000000.0,254464305.0,586764305.0,2011,WB,254500000.0,332300000.0,2011.0,the hangover part ii,506764305.0,6.3345538125,tt1411697,The Hangover Part II,The Hangover Part II,2011,102,"Comedy,Mystery",6.5,432800,Comedy,the hangover part ii
41,2017-02-10,the lego batman movie,80000000.0,175750384.0,311950384.0,2017,WB,175800000.0,136200000.0,2017.0,the lego batman movie,231950384.0,2.8993798,tt4116284,The Lego Batman Movie,The Lego Batman Movie,2017,104,"Action,Animation,Comedy",7.3,116433,Action,the lego batman movie
42,2015-09-25,hotel transylvania 2,80000000.0,169700110.0,474800110.0,2015,Sony,169700000.0,305100000.0,2015.0,hotel transylvania 2,394800110.0,4.935001375,tt2510894,Hotel Transylvania 2,Hotel Transylvania 2,2015,89,"Animation,Comedy,Family",6.7,92905,Animation,hotel transylvania 2
48,2013-07-12,grown ups 2,80000000.0,133668525.0,246968525.0,2013,Sony,133699999.0,113300000.0,2013.0,grown ups 2,166968525.0,2.0871065625,tt2191701,Grown Ups 2,Grown Ups 2,2013,101,Comedy,5.4,128500,Comedy,grown ups 2
49,2011-12-16,alvin and the chipmunks: chipwrecked,80000000.0,133107389.0,342707389.0,2011,Fox,133100000.0,209600000.0,2011.0,alvin and the chipmunks: chipwrecked,262707389.0,3.2838423625,tt1615918,Alvin and the Chipmunks: Chipwrecked,Alvin and the Chipmunks: Chipwrecked,2011,87,"Adventure,Animation,Comedy",4.4,28158,Adventure,alvin and the chipmunks: chipwrecked
52,2010-02-19,shutter island,80000000.0,128012934.0,294812934.0,2010,Par.,128000000.0,166800000.0,2010.0,shutter island,214812934.0,2.685161675,tt1130884,Shutter Island,Shutter Island,2010,138,"Mystery,Thriller",8.1,1005960,Mystery,shutter island
58,2011-02-11,just go with it,80000000.0,103028109.0,214928109.0,2011,Sony,103000000.0,111900000.0,2011.0,just go with it,134928109.0,1.6866013625,tt1564367,Just Go with It,Just Go with It,2011,117,"Comedy,Romance",6.4,200932,Comedy,just go with it
62,2010-12-17,yogi bear,80000000.0,100246011.0,201546011.0,2010,WB,100200000.0,101300000.0,2010.0,yogi bear,121546011.0,1.5193251375,tt1302067,Yogi Bear,Yogi Bear,2010,80,"Adventure,Animation,Comedy",4.6,18934,Adventure,yogi bear
64,2010-01-15,the book of eli,80000000.0,94835059.0,157135059.0,2010,WB,94800000.0,62300000.0,2010.0,the book of eli,77135059.0,0.9641882375,tt1037705,The Book of Eli,The Book of Eli,2010,118,"Action,Adventure,Drama",6.9,271307,Action,the book of eli
68,2014-10-17,fury,80000000.0,85817906.0,,2014,unknown,,,,fury,,,tt2713180,Fury,Fury,2014,134,"Action,Drama,War",7.6,381993,Action,fury
69,2018-09-28,smallfoot,80000000.0,83240103.0,214140103.0,2018,WB,83200000.0,130900000.0,2018.0,smallfoot,134140103.0,1.6767512875,tt6182908,Smallfoot,Smallfoot,2018,96,"Adventure,Animation,Comedy",6.7,23295,Adventure,smallfoot
71,2011-07-08,zookeeper,80000000.0,80360866.0,169860866.0,2011,Sony,80400000.0,89500000.0,2011.0,zookeeper,89860866.0,1.123260825,tt1222817,Zookeeper,Zookeeper,2011,102,"Comedy,Family,Romance",5.2,52396,Comedy,zookeeper
73,1997-08-08,conspiracy theory,80000000.0,76118990.0,,1997,unknown,,,,conspiracy theory,,,tt5354458,Conspiracy Theory,Lake on Fire,2016,79,"Horror,Thriller",5.8,688,Horror,conspiracy theory
81,2019-06-07,the secret life of pets 2,80000000.0,63795655.0,,2019,unknown,,,,the secret life of pets 2,,,tt5113040,The Secret Life of Pets 2,The Secret Life of Pets 2,2019,86,"Adventure,Animation,Comedy",6.6,3467,Adventure,the secret life of pets 2
89,2001-06-08,evolution,80000000.0,38311134.0,,2001,unknown,,,,evolution,,,tt4291590,Evolution,Évolution,2015,81,"Drama,Mystery,Sci-Fi",6.0,5266,Drama,evolution
95,1996-12-06,daylight,80000000.0,32908290.0,,1996,unknown,,,,daylight,,,tt1254978,Daylight,Daylight,2010,75,"Crime,Horror,Thriller",5.1,201,Crime,daylight
95,1996-12-06,daylight,80000000.0,32908290.0,,1996,unknown,,,,daylight,,,tt2359002,Daylight,Daglicht,2013,114,"Drama,Mystery,Thriller",7.0,3484,Drama,daylight
95,1996-12-06,daylight,80000000.0,32908290.0,,1996,unknown,,,,daylight,,,tt2362036,Daylight,Daylight,2013,97,"Drama,Horror,Mystery",4.1,397,Drama,daylight
96,2015-10-23,the last witch hunter,80000000.0,27367660.0,146967660.0,2015,LG/S,27400000.0,119600000.0,2015.0,the last witch hunter,66967660.0,0.83709575,tt1618442,The Last Witch Hunter,The Last Witch Hunter,2015,106,"Action,Adventure,Fantasy",6.0,86118,Action,the last witch hunter
97,2014-02-21,pompeii,80000000.0,23169033.0,117769033.0,2014,TriS,23200000.0,94600000.0,2014.0,pompeii,37769033.0,0.4721129125,tt1921064,Pompeii,Pompeii,2014,105,"Action,Adventure,Drama",5.5,100467,Action,pompeii
1,2003-11-26,timeline,80000000.0,19480739.0,,2003,unknown,,,,timeline,,,tt3222720,Timeline,Timeline,2014,135,Romance,6.9,283,Romance,timeline
10,2012-02-10,journey 2: the mysterious island,79000000.0,103860290.0,335260290.0,2012,WB (NL),103900000.0,231400000.0,2012.0,journey 2: the mysterious island,256260290.0,3.243801139240506,tt1397514,Journey 2: The Mysterious Island,Journey 2: The Mysterious Island,2012,94,"Action,Adventure,Comedy",5.8,83507,Action,journey 2: the mysterious island
11,2011-11-11,jack and jill,79000000.0,74158157.0,149658157.0,2011,Sony,74200000.0,75500000.0,2011.0,jack and jill,70658157.0,0.8944070506329114,tt0810913,Jack and Jill,Jack and Jill,2011,91,Comedy,3.3,71361,Comedy,jack and jill
13,2013-09-27,cloudy with a chance of meatballs 2,78000000.0,119793567.0,274293567.0,2013,Sony,119800000.0,154500000.0,2013.0,cloudy with a chance of meatballs 2,196293567.0,2.5165841923076924,tt1985966,Cloudy with a Chance of Meatballs 2,Cloudy with a Chance of Meatballs 2,2013,95,"Adventure,Animation,Comedy",6.4,81010,Adventure,cloudy with a chance of meatballs 2
19,2016-02-12,the little prince,77500000.0,1311213.0,97511213.0,2016,EOne,1300000.0,96200000.0,2016.0,the little prince,20011213.0,0.2582092,tt10075374,The Little Prince,The Little Prince,2019,93,Action,8.3,6,Action,the little prince
19,2016-02-12,the little prince,77500000.0,1311213.0,97511213.0,2016,EOne,1300000.0,96200000.0,2016.0,the little prince,20011213.0,0.2582092,tt1754656,The Little Prince,Le Petit Prince,2015,108,"Adventure,Animation,Drama",7.7,50015,Adventure,the little prince
21,2018-07-20,the equalizer 2,77000000.0,102084362.0,190384362.0,2018,Sony,102100000.0,88300000.0,2018.0,the equalizer 2,113384362.0,1.4725241818181818,tt3766354,The Equalizer 2,The Equalizer 2,2018,121,"Action,Crime,Thriller",6.7,97963,Action,the equalizer 2
22,2013-07-03,despicable me 2,76000000.0,368065385.0,970765385.0,2013,Uni.,368100000.0,602700000.0,2013.0,despicable me 2,894765385.0,11.77322875,tt1690953,Despicable Me 2,Despicable Me 2,2013,98,"Adventure,Animation,Comedy",7.4,344230,Adventure,despicable me 2
26,2016-07-08,the secret life of pets,75000000.0,368384330.0,875484330.0,2016,Uni.,368400000.0,507100000.0,2016.0,the secret life of pets,800484330.0,10.6731244,tt2709768,The Secret Life of Pets,The Secret Life of Pets,2016,87,"Adventure,Animation,Comedy",6.5,161997,Adventure,the secret life of pets
29,2016-12-21,sing,75000000.0,270329045.0,634129045.0,2016,Uni.,270400000.0,363800000.0,2016.0,sing,559129045.0,7.455053933333334,tt3470600,Sing,Sing,2016,108,"Animation,Comedy,Family",7.1,115951,Animation,sing
30,2017-06-30,despicable me 3,75000000.0,264624300.0,1034824300.0,2017,Uni.,264600000.0,770200000.0,2017.0,despicable me 3,959824300.0,12.797657333333333,tt3469046,Despicable Me 3,Despicable Me 3,2017,89,"Adventure,Animation,Comedy",6.3,92580,Adventure,despicable me 3
34,2010-06-25,grown ups,75000000.0,162001186.0,271401186.0,2010,Sony,162000000.0,109400000.0,2010.0,grown ups,196401186.0,2.61868248,tt1375670,Grown Ups,Grown Ups,2010,102,Comedy,6.0,210377,Comedy,grown ups
37,2008-06-27,wanted,75000000.0,134508551.0,,2008,unknown,,,,wanted,,,tt1737267,Wanted,Wanted,2010,110,Action,6.3,271,Action,wanted
37,2008-06-27,wanted,75000000.0,134508551.0,,2008,unknown,,,,wanted,,,tt1831825,Wanted,Wanted,2011,160,"Action,Drama",4.5,95,Action,wanted
38,1996-06-07,the rock,75000000.0,134069511.0,,1996,unknown,,,,the rock,,,tt4617100,The Rock,The Rock,2016,70,Comedy,8.7,15,Comedy,the rock
41,2013-05-31,now you see me,75000000.0,117723989.0,351723989.0,2013,LG/S,117700000.0,234000000.0,2013.0,now you see me,276723989.0,3.689653186666667,tt1670345,Now You See Me,Now You See Me,2013,115,"Crime,Mystery,Thriller",7.3,553156,Crime,now you see me
41,2013-05-31,now you see me,75000000.0,117723989.0,351723989.0,2013,LG/S,117700000.0,234000000.0,2013.0,now you see me,276723989.0,3.689653186666667,tt2221640,Now You See Me,Now You See Me,2012,98,"Drama,Horror,Thriller",7.0,237,Drama,now you see me
43,2018-08-03,christopher robin,75000000.0,99215042.0,,2018,unknown,,,,christopher robin,,,tt4575576,Christopher Robin,Christopher Robin,2018,104,"Adventure,Animation,Comedy",7.3,52737,Adventure,christopher robin
45,2011-11-11,immortals,75000000.0,83504017.0,226904017.0,2011,Rela.,83500000.0,143400000.0,2011.0,immortals,151904017.0,2.025386893333333,tt1253864,Immortals,Immortals,2011,110,"Action,Drama,Fantasy",6.0,152992,Action,immortals
51,1999-04-16,life,75000000.0,64062587.0,,1999,unknown,,,,life,,,tt1869538,Life,Life,2010,75,Documentary,7.8,5,Documentary,life
51,1999-04-16,life,75000000.0,64062587.0,,1999,unknown,,,,life,,,tt2948840,Life,Life,2015,111,"Biography,Drama",6.1,6604,Biography,life
51,1999-04-16,life,75000000.0,64062587.0,,1999,unknown,,,,life,,,tt5442430,Life,Life,2017,104,"Horror,Sci-Fi,Thriller",6.6,182840,Horror,life
66,2017-03-24,life,58000000.0,30234022.0,,2017,unknown,,,,life,,,tt1869538,Life,Life,2010,75,Documentary,7.8,5,Documentary,life
66,2017-03-24,life,58000000.0,30234022.0,,2017,unknown,,,,life,,,tt2948840,Life,Life,2015,111,"Biography,Drama",6.1,6604,Biography,life
66,2017-03-24,life,58000000.0,30234022.0,,2017,unknown,,,,life,,,tt5442430,Life,Life,2017,104,"Horror,Sci-Fi,Thriller",6.6,182840,Horror,life
54,2010-06-04,killers,75000000.0,47059963.0,98159963.0,2010,LGF,47100000.0,51100000.0,2010.0,killers,23159963.0,0.30879950666666667,tt1103153,Killers,Killers,2010,100,"Action,Comedy,Romance",5.4,82237,Action,killers
54,2010-06-04,killers,75000000.0,47059963.0,98159963.0,2010,LGF,47100000.0,51100000.0,2010.0,killers,23159963.0,0.30879950666666667,tt2409300,Killers,Killers,2014,137,"Action,Crime,Drama",6.5,4472,Action,killers
55,2015-08-14,the man from u.n.c.l.e.,75000000.0,45445109.0,109845109.0,2015,WB,45400000.0,64400000.0,2015.0,the man from u.n.c.l.e.,34845109.0,0.46460145333333336,tt1638355,The Man from U.N.C.L.E.,The Man from U.N.C.L.E.,2015,116,"Action,Adventure,Comedy",7.3,240606,Action,the man from u.n.c.l.e.
62,2011-03-25,sucker punch,75000000.0,36392502.0,89792502.0,2011,WB,36400000.0,53400000.0,2011.0,sucker punch,14792502.0,0.19723336,tt0978764,Sucker Punch,Sucker Punch,2011,110,"Action,Adventure,Fantasy",6.1,218371,Action,sucker punch
63,2005-03-11,hostage,75000000.0,34636443.0,,2005,unknown,,,,hostage,,,tt1772292,Hostage,Junction,2012,91,Thriller,5.7,446,Thriller,hostage
63,2005-03-11,hostage,75000000.0,34636443.0,,2005,unknown,,,,hostage,,,tt3212738,Hostage,Jak jsme hráli cáru,2014,97,"Comedy,Drama,History",6.3,101,Comedy,hostage
64,2016-10-28,inferno,75000000.0,34343574.0,220043574.0,2016,Sony,34300000.0,185700000.0,2016.0,inferno,145043574.0,1.93391432,tt1686470,Inferno,Giao lo dinh menh,2010,100,Thriller,6.3,50,Thriller,inferno
64,2016-10-28,inferno,75000000.0,34343574.0,220043574.0,2016,Sony,34300000.0,185700000.0,2016.0,inferno,145043574.0,1.93391432,tt3062096,Inferno,Inferno,2016,121,"Action,Adventure,Crime",6.2,138978,Action,inferno
64,2016-10-28,inferno,75000000.0,34343574.0,220043574.0,2016,Sony,34300000.0,185700000.0,2016.0,inferno,145043574.0,1.93391432,tt3219106,Inferno,Inferno,2014,113,Drama,6.3,183,Drama,inferno
69,1999-01-15,virus,75000000.0,14010690.0,,1999,unknown,,,,virus,,,tt8941440,Virus,Virus,2019,152,"Drama,Thriller",8.6,372,Drama,virus
73,2015-07-10,minions,74000000.0,336045770.0,1159445770.0,2015,Uni.,336000000.0,823400000.0,2015.0,minions,1085445770.0,14.668186081081082,tt2293640,Minions,Minions,2015,91,"Adventure,Animation,Comedy",6.4,193917,Adventure,minions
74,2015-02-06,the spongebob movie: sponge out of water,74000000.0,162994032.0,325194032.0,2015,Par.,163000000.0,162200000.0,2015.0,the spongebob movie: sponge out of water,251194032.0,3.394513945945946,tt2279373,The SpongeBob Movie: Sponge Out of Water,The SpongeBob Movie: Sponge Out of Water,2015,92,"Adventure,Animation,Comedy",6.0,43560,Adventure,the spongebob movie: sponge out of water
75,2000-11-22,unbreakable,73243106.0,94999143.0,,2000,unknown,,,,unbreakable,,,tt4097114,Unbreakable,Unbreakable,2014,80,"Adventure,Biography,Documentary",7.2,48,Adventure,unbreakable
77,2016-05-20,the angry birds movie,73000000.0,107509366.0,352309366.0,2016,Sony,107500000.0,244800000.0,2016.0,the angry birds movie,279309366.0,3.826155698630137,tt1985949,The Angry Birds Movie,Angry Birds,2016,97,"Action,Animation,Comedy",6.3,69624,Action,the angry birds movie
87,2001-04-27,driven,72000000.0,32616869.0,,2001,unknown,,,,driven,,,tt5592796,Driven,Driven,2018,108,"Biography,Drama,Thriller",6.6,118,Biography,driven
9,2013-03-22,olympus has fallen,70000000.0,98927592.0,170227592.0,2013,FD,98900000.0,71300000.0,2013.0,olympus has fallen,100227592.0,1.4318227428571428,tt2302755,Olympus Has Fallen,Olympus Has Fallen,2013,119,"Action,Thriller",6.5,235443,Action,olympus has fallen
12,2011-12-25,war horse,70000000.0,79883359.0,177583359.0,2011,BV,79900000.0,97700000.0,2011.0,war horse,107583359.0,1.5369051285714286,tt1568911,War Horse,War Horse,2011,146,"Drama,History,War",7.2,136447,Drama,war horse
14,2014-02-07,the monuments men,70000000.0,78031620.0,155031620.0,2014,Sony,78000000.0,77000000.0,2014.0,the monuments men,85031620.0,1.2147374285714285,tt2177771,The Monuments Men,The Monuments Men,2014,118,"Comedy,Drama,History",6.1,117638,Comedy,the monuments men
15,2016-09-23,storks,70000000.0,72679278.0,183379278.0,2016,WB,72700000.0,110700000.0,2016.0,storks,113379278.0,1.6197039714285715,tt4624424,Storks,Storks,2016,87,"Adventure,Animation,Comedy",6.8,50448,Adventure,storks
17,2003-12-10,big fish,70000000.0,66432867.0,,2003,unknown,,,,big fish,,,tt2855236,Big Fish,Big Fish,2012,103,Action,4.0,32,Action,big fish
18,1994-06-17,wolf,70000000.0,65011757.0,,1994,unknown,,,,wolf,,,tt1648168,Wolf,Wolf,2010,98,"Action,Crime,Drama",4.7,87,Action,wolf
18,1994-06-17,wolf,70000000.0,65011757.0,,1994,unknown,,,,wolf,,,tt2102475,Wolf,Wolf,2012,87,"Drama,Family",6.9,142,Drama,wolf
18,1994-06-17,wolf,70000000.0,65011757.0,,1994,unknown,,,,wolf,,,tt2504404,Wolf,Wolf,2013,122,"Crime,Drama,Thriller",7.3,3245,Crime,wolf
18,1994-06-17,wolf,70000000.0,65011757.0,,1994,unknown,,,,wolf,,,tt6436666,Wolf,Wolf,2018,85,Drama,4.1,34,Drama,wolf
18,1994-06-17,wolf,70000000.0,65011757.0,,1994,unknown,,,,wolf,,,tt8197998,Wolf,Börü,2018,80,"Action,Thriller,War",7.3,1555,Action,wolf
20,2017-09-22,the lego ninjago movie,70000000.0,59281555.0,123081555.0,2017,WB,59300000.0,63800000.0,2017.0,the lego ninjago movie,53081555.0,0.7583079285714286,tt3014284,The Lego Ninjago Movie,The Lego Ninjago Movie,2017,101,"Action,Adventure,Animation",6.0,18926,Action,the lego ninjago movie
21,2014-10-10,dracula untold,70000000.0,55991880.0,216791880.0,2014,Uni.,56300000.0,160800000.0,2014.0,dracula untold,146791880.0,2.097026857142857,tt0829150,Dracula Untold,Dracula Untold,2014,92,"Action,Drama,Fantasy",6.3,164829,Action,dracula untold
22,2006-09-29,the guardian,70000000.0,55011732.0,,2006,unknown,,,,the guardian,,,tt5594956,The Guardian,The Guardian,2016,72,"Action,Mystery,Sci-Fi",6.7,19,Action,the guardian
22,2006-09-29,the guardian,70000000.0,55011732.0,,2006,unknown,,,,the guardian,,,tt7146054,The Guardian,Da Hu Fa,2017,93,"Action,Animation,Fantasy",7.1,581,Action,the guardian
25,2011-01-14,the dilemma,70000000.0,48475290.0,69675290.0,2011,Uni.,48500000.0,21200000.0,2011.0,the dilemma,-324710.0,-0.004638714285714286,tt1578275,The Dilemma,The Dilemma,2011,111,"Comedy,Drama",5.3,48148,Comedy,the dilemma
27,1998-11-06,the siege,70000000.0,40934175.0,,1998,unknown,,,,the siege,,,tt2318579,The Siege,La toma,2011,88,Documentary,7.2,20,Documentary,the siege
29,2012-06-15,rock of ages,70000000.0,38518613.0,59418613.0,2012,WB (NL),38500000.0,20900000.0,2012.0,rock of ages,-10581387.0,-0.15116267142857143,tt1336608,Rock of Ages,Rock of Ages,2012,123,"Comedy,Drama,Musical",5.9,69910,Comedy,rock of ages
34,2002-06-07,bad company,70000000.0,30157016.0,,2002,unknown,,,,bad company,,,tt1334515,Bad Company,Bad Company,2010,87,Thriller,5.1,10,Thriller,bad company
34,2002-06-07,bad company,70000000.0,30157016.0,,2002,unknown,,,,bad company,,,tt3111306,Bad Company,Bad Company,2018,90,Action,3.3,71,Action,bad company
36,2016-01-29,the finest hours,70000000.0,27569558.0,52069558.0,2016,BV,27600000.0,24500000.0,2016.0,the finest hours,-17930442.0,-0.2561491714285714,tt2025690,The Finest Hours,The Finest Hours,2016,117,"Action,Drama,History",6.8,55981,Action,the finest hours
37,2013-10-18,escape plan,70000000.0,25135965.0,137335965.0,2013,LG/S,25100000.0,112200000.0,2013.0,escape plan,67335965.0,0.9619423571428571,tt1211956,Escape Plan,Escape Plan,2013,115,"Action,Crime,Mystery",6.7,211587,Action,escape plan
38,2011-09-23,killer elite,70000000.0,25124986.0,56424986.0,2011,ORF,25100000.0,31300000.0,2011.0,killer elite,-13575014.0,-0.19392877142857143,tt1448755,Killer Elite,Killer Elite,2011,116,"Action,Crime,Thriller",6.5,117711,Action,killer elite
42,2014-01-10,the legend of hercules,70000000.0,18848538.0,61248538.0,2014,LG/S,18800000.0,42400000.0,2014.0,the legend of hercules,-8751462.0,-0.1250208857142857,tt1043726,The Legend of Hercules,The Legend of Hercules,2014,99,"Action,Adventure,Fantasy",4.2,50352,Action,the legend of hercules
43,2007-04-27,next,70000000.0,18211013.0,,2007,unknown,,,,next,,,tt4627100,Next,Next,2015,72,Documentary,8.0,11,Documentary,next
47,2015-01-16,blackhat,70000000.0,8005980.0,19605980.0,2015,Uni.,8000000.0,11600000.0,2015.0,blackhat,-50394020.0,-0.7199145714285714,tt2717822,Blackhat,Blackhat,2015,133,"Action,Crime,Thriller",5.4,48427,Action,blackhat
50,2010-07-09,despicable me,69000000.0,251513985.0,543113985.0,2010,Uni.,251500000.0,291600000.0,2010.0,despicable me,474113985.0,6.871217173913044,tt1323594,Despicable Me,Despicable Me,2010,95,"Animation,Comedy,Family",7.7,464511,Animation,despicable me
51,2010-07-30,dinner for schmucks,69000000.0,73026337.0,86826337.0,2010,P/DW,73000000.0,13800000.0,2010.0,dinner for schmucks,17826337.0,0.25835271014492756,tt0427152,Dinner for Schmucks,Dinner for Schmucks,2010,114,Comedy,5.9,91546,Comedy,dinner for schmucks
52,2018-03-02,red sparrow,69000000.0,46874505.0,151574505.0,2018,Fox,46900000.0,104700000.0,2018.0,red sparrow,82574505.0,1.1967319565217391,tt2873282,Red Sparrow,Red Sparrow,2018,140,"Action,Drama,Thriller",6.6,136738,Action,red sparrow
53,2010-06-30,the twilight saga: eclipse,68000000.0,300531751.0,698531751.0,2010,Sum.,300500000.0,398000000.0,2010.0,the twilight saga: eclipse,630531751.0,9.27252575,tt1325004,The Twilight Saga: Eclipse,The Twilight Saga: Eclipse,2010,124,"Adventure,Drama,Fantasy",5.0,211733,Adventure,the twilight saga: eclipse
55,2015-06-26,ted 2,68000000.0,81476385.0,216676385.0,2015,Uni.,81500000.0,135200000.0,2015.0,ted 2,148676385.0,2.1864174264705882,tt2637276,Ted 2,Ted 2,2015,115,Comedy,6.3,165843,Comedy,ted 2
57,2011-02-25,hall pass,68000000.0,45060734.0,83160734.0,2011,WB (NL),45100000.0,38100000.0,2011.0,hall pass,15160734.0,0.2229519705882353,tt0480687,Hall Pass,Hall Pass,2011,105,"Comedy,Romance",5.9,113775,Comedy,hall pass
59,2003-03-21,dreamcatcher,68000000.0,33685268.0,,2003,unknown,,,,dreamcatcher,,,tt3215846,Dreamcatcher,Dreamcatcher,2015,104,"Crime,Documentary,Drama",7.1,395,Crime,dreamcatcher
62,2017-12-22,downsizing,68000000.0,24449754.0,55049754.0,2017,Par.,24400000.0,30600000.0,2017.0,downsizing,-12950246.0,-0.19044479411764706,tt1389072,Downsizing,Downsizing,2017,135,"Drama,Sci-Fi",5.7,74815,Drama,downsizing
65,2012-06-22,abraham lincoln: vampire hunter,67500000.0,37519139.0,116519139.0,2012,Fox,37500000.0,79000000.0,2012.0,abraham lincoln: vampire hunter,49019139.0,0.7262094666666666,tt1611224,Abraham Lincoln: Vampire Hunter,Abraham Lincoln: Vampire Hunter,2012,105,"Action,Fantasy,Horror",5.9,142853,Action,abraham lincoln: vampire hunter
66,1996-09-20,last man standing,67000000.0,18115927.0,,1996,unknown,,,,last man standing,,,tt1736017,Last Man Standing,Last Man Standing,2010,85,"Biography,Crime,Documentary",5.2,22,Biography,last man standing
70,2014-03-14,need for speed,66000000.0,43568507.0,203268507.0,2014,BV,43600000.0,159700000.0,2014.0,need for speed,137268507.0,2.079825863636364,tt2369135,Need for Speed,Need for Speed,2014,132,"Action,Crime,Thriller",6.5,154909,Action,need for speed
72,2000-12-15,what women want,65000000.0,182805123.0,,2000,unknown,,,,what women want,,,tt1667150,What Women Want,Wo zhi nv ren xin,2011,116,"Comedy,Romance,Sci-Fi",5.6,1152,Comedy,what women want
73,2012-11-09,lincoln,65000000.0,182207973.0,275307973.0,2012,BV,182200000.0,93100000.0,2012.0,lincoln,210307973.0,3.235507276923077,tt0443272,Lincoln,Lincoln,2012,150,"Biography,Drama,History",7.4,228701,Biography,lincoln
74,2002-03-15,ice age,65000000.0,176387405.0,,2002,unknown,,,,ice age,,,tt4418168,Ice Age,Asre Yakhbandan,2015,106,"Crime,Drama,Family",6.2,754,Crime,ice age
77,2018-07-13,hotel transylvania 3: summer vacation,65000000.0,167500092.0,528600092.0,2018,Sony,167500000.0,361100000.0,2018.0,hotel transylvania 3: summer vacation,463600092.0,7.132309107692308,tt5220122,Hotel Transylvania 3: Summer Vacation,Hotel Transylvania 3: Summer Vacation,2018,97,"Adventure,Animation,Comedy",6.3,42299,Adventure,hotel transylvania 3: summer vacation
82,2014-12-25,unbroken,65000000.0,115637895.0,163437895.0,2014,Uni.,115600000.0,47800000.0,2014.0,unbroken,98437895.0,1.5144291538461538,tt1809398,Unbroken,Unbroken,2014,137,"Biography,Drama,Sport",7.2,129981,Biography,unbroken
84,2010-11-05,due date,65000000.0,100539043.0,211739043.0,2010,WB,100500000.0,111200000.0,2010.0,due date,146739043.0,2.2575237384615385,tt1231583,Due Date,Due Date,2010,95,"Adventure,Comedy",6.5,303523,Adventure,due date
89,2014-12-19,annie,65000000.0,85911262.0,,2014,unknown,,,,annie,,,tt1823664,Annie,Annie,2014,118,"Comedy,Drama,Family",5.3,31241,Comedy,annie
94,2000-07-07,the kid,65000000.0,69688384.0,,2000,unknown,,,,the kid,,,tt1371160,The Kid,The Kid,2010,111,Drama,6.9,1206,Drama,the kid
94,2000-07-07,the kid,65000000.0,69688384.0,,2000,unknown,,,,the kid,,,tt3439758,The Kid,The Kid,2015,49,"Comedy,Drama,Family",6.4,16,Comedy,the kid
94,2000-07-07,the kid,65000000.0,69688384.0,,2000,unknown,,,,the kid,,,tt4975920,The Kid,The Kid,2019,100,"Biography,Drama,Western",6.0,1573,Biography,the kid
96,2012-05-16,the dictator,65000000.0,59650222.0,179350222.0,2012,Par.,59700000.0,119700000.0,2012.0,the dictator,114350222.0,1.7592341846153847,tt1645170,The Dictator,The Dictator,2012,83,Comedy,6.4,250976,Comedy,the dictator
98,2012-02-17,this means war,65000000.0,54760791.0,156460791.0,2012,Fox,54800000.0,101700000.0,2012.0,this means war,91460791.0,1.4070890923076924,tt1596350,This Means War,This Means War,2012,103,"Action,Comedy,Romance",6.3,167438,Action,this means war
99,2015-02-27,focus,65000000.0,53862963.0,,2015,unknown,,,,focus,,,tt2381941,Focus,Focus,2015,105,"Comedy,Crime,Drama",6.6,192147,Comedy,focus
99,2015-02-27,focus,65000000.0,53862963.0,,2015,unknown,,,,focus,,,tt2949588,Focus,Focus,2014,87,Comedy,6.8,54,Comedy,focus
1,2012-11-21,red dawn,65000000.0,44806783.0,,2012,unknown,,,,red dawn,,,tt1234719,Red Dawn,Red Dawn,2012,93,"Action,Sci-Fi,Thriller",5.4,69599,Action,red dawn
3,2015-09-18,everest,65000000.0,43482270.0,,2015,unknown,,,,everest,,,tt2719848,Everest,Everest,2015,121,"Action,Adventure,Biography",7.1,181133,Action,everest
4,2012-09-14,resident evil: retribution,65000000.0,42345531.0,240045531.0,2012,SGem,42300000.0,197700000.0,2012.0,resident evil: retribution,175045531.0,2.6930081692307692,tt1855325,Resident Evil: Retribution,Resident Evil: Retribution,2012,95,"Action,Horror,Sci-Fi",5.4,125191,Action,resident evil: retribution
11,2003-11-26,the missing,65000000.0,26900336.0,,2003,unknown,,,,the missing,,,tt4823122,The Missing,Bang jia zhe,2017,95,"Action,Crime,Thriller",5.2,134,Action,the missing
14,2014-01-24,"i, frankenstein",65000000.0,19075290.0,71175290.0,2014,LGF,19100000.0,52100000.0,2014.0,"i, frankenstein",6175290.0,0.09500446153846154,tt1418377,"I, Frankenstein","I, Frankenstein",2014,92,"Action,Fantasy,Horror",5.1,74910,Action,"i, frankenstein"
16,2014-08-22,sin city: a dame to kill for,65000000.0,13757804.0,,2014,unknown,,,,sin city: a dame to kill for,,,tt0458481,Sin City: A Dame to Kill For,Sin City: A Dame to Kill For,2014,102,"Crime,Thriller",6.5,140666,Crime,sin city: a dame to kill for
17,2016-12-25,live by night,65000000.0,10378555.0,22678555.0,2016,WB,10400000.0,12300000.0,2016.0,live by night,-42321445.0,-0.6510991538461538,tt2361317,Live by Night,Live by Night,2016,129,"Action,Crime,Drama",6.4,47243,Action,live by night
21,2018-10-26,air strike,65000000.0,0.0,,2018,unknown,,,,air strike,,,tt4743226,Air Strike,Da hong zha,2018,120,"Action,Adventure,Drama",3.3,2536,Action,air strike
27,2011-04-01,hop,63000000.0,108085305.0,183985305.0,2011,Uni.,108100000.0,75900000.0,2011.0,hop,120985305.0,1.9204016666666666,tt1411704,Hop,Hop,2011,95,"Adventure,Animation,Comedy",5.4,28893,Adventure,hop
28,2017-09-15,american assassin,63000000.0,36249674.0,67249674.0,2017,LGF,36200000.0,31000000.0,2017.0,american assassin,4249674.0,0.06745514285714285,tt1961175,American Assassin,American Assassin,2017,112,"Action,Thriller",6.2,57793,Action,american assassin
33,2015-12-25,the hateful eight,62000000.0,54117416.0,155717416.0,2015,Wein.,54100000.0,101600000.0,2015.0,the hateful eight,93717416.0,1.5115712258064515,tt3460252,The Hateful Eight,The Hateful Eight,2015,168,"Crime,Drama,Mystery",7.8,434966,Crime,the hateful eight
36,2014-10-03,gone girl,61000000.0,167767189.0,369367189.0,2014,Fox,167800000.0,201600000.0,2014.0,gone girl,308367189.0,5.055199819672131,tt2267998,Gone Girl,Gone Girl,2014,149,"Drama,Mystery,Thriller",8.1,761592,Drama,gone girl
38,2015-09-18,maze runner: the scorch trials,61000000.0,81697192.0,312297192.0,2015,Fox,81700000.0,230600000.0,2015.0,maze runner: the scorch trials,251297192.0,4.119626098360656,tt4046784,Maze Runner: The Scorch Trials,Maze Runner: The Scorch Trials,2015,131,"Action,Sci-Fi,Thriller",6.3,201143,Action,maze runner: the scorch trials
39,2013-08-02,2 guns,61000000.0,75612460.0,131912460.0,2013,Uni.,75600000.0,56300000.0,2013.0,2 guns,70912460.0,1.162499344262295,tt1272878,2 Guns,2 Guns,2013,109,"Action,Comedy,Crime",6.7,182025,Action,2 guns
44,2014-02-07,the lego movie,60000000.0,257784718.0,469184718.0,2014,WB,257800000.0,211400000.0,2014.0,the lego movie,409184718.0,6.8197453,tt1490017,The Lego Movie,The Lego Movie,2014,100,"Action,Adventure,Animation",7.8,304179,Action,the lego movie
50,2016-09-09,sully,60000000.0,125070033.0,240770033.0,2016,WB,125100000.0,115700000.0,2016.0,sully,180770033.0,3.0128338833333332,tt3263904,Sully,Sully,2016,96,"Biography,Drama",7.5,202718,Biography,sully
63,2010-10-15,red,60000000.0,90380162.0,198980162.0,2010,Sum.,90400000.0,108600000.0,2010.0,red,138980162.0,2.316336033333333,tt1245526,RED,RED,2010,111,"Action,Comedy,Crime",7.1,271570,Action,red
63,2010-10-15,red,60000000.0,90380162.0,198980162.0,2010,Sum.,90400000.0,108600000.0,2010.0,red,138980162.0,2.316336033333333,tt4170206,Red,Red,2014,107,Drama,8.4,8,Drama,red
63,2010-10-15,red,60000000.0,90380162.0,198980162.0,2010,Sum.,90400000.0,108600000.0,2010.0,red,138980162.0,2.316336033333333,tt8851190,Red,Red,2018,90,Drama,8.1,26,Drama,red
67,2010-08-13,eat pray love,60000000.0,80574010.0,204574010.0,2010,Sony,80600000.0,124000000.0,2010.0,eat pray love,144574010.0,2.4095668333333333,tt0879870,Eat Pray Love,Eat Pray Love,2010,133,"Drama,Romance",5.8,77709,Drama,eat pray love
68,2012-12-21,jack reacher,60000000.0,80070736.0,218370736.0,2012,Par.,80100000.0,138300000.0,2012.0,jack reacher,158370736.0,2.639512266666667,tt0790724,Jack Reacher,Jack Reacher,2012,130,"Action,Crime,Thriller",7.0,284547,Action,jack reacher
71,2011-09-09,contagion,60000000.0,75658097.0,135458097.0,2011,WB,75700000.0,59800000.0,2011.0,contagion,75458097.0,1.25763495,tt1598778,Contagion,Contagion,2011,106,"Action,Drama,Thriller",6.6,201536,Action,contagion
80,2016-03-04,london has fallen,60000000.0,62524260.0,205724260.0,2016,Focus,62500000.0,143200000.0,2016.0,london has fallen,145724260.0,2.4287376666666667,tt3300542,London Has Fallen,London Has Fallen,2016,99,"Action,Thriller",5.9,124757,Action,london has fallen
84,2004-04-02,hellboy,60000000.0,59623958.0,,2004,unknown,,,,hellboy,,,tt2274648,Hellboy,Hellboy,2019,120,"Action,Adventure,Fantasy",5.4,19534,Action,hellboy
77,2019-04-12,hellboy,50000000.0,21903748.0,,2019,unknown,,,,hellboy,,,tt2274648,Hellboy,Hellboy,2019,120,"Action,Adventure,Fantasy",5.4,19534,Action,hellboy
85,2016-10-21,jack reacher: never go back,60000000.0,58697076.0,162097076.0,2016,Par.,58700000.0,103400000.0,2016.0,jack reacher: never go back,102097076.0,1.7016179333333334,tt3393786,Jack Reacher: Never Go Back,Jack Reacher: Never Go Back,2016,118,"Action,Thriller",6.1,121892,Action,jack reacher: never go back
86,2017-05-25,baywatch,60000000.0,58060186.0,177860186.0,2017,Par.,58100000.0,119800000.0,2017.0,baywatch,117860186.0,1.9643364333333333,tt1469304,Baywatch,Baywatch,2017,116,"Action,Comedy,Crime",5.6,137528,Action,baywatch
88,2015-12-25,joy,60000000.0,56451232.0,101151232.0,2015,Fox,56500000.0,44700000.0,2015.0,joy,41151232.0,0.6858538666666667,tt1465490,Joy,Joy,2010,75,Drama,6.1,233,Drama,joy
88,2015-12-25,joy,60000000.0,56451232.0,101151232.0,2015,Fox,56500000.0,44700000.0,2015.0,joy,41151232.0,0.6858538666666667,tt2446980,Joy,Joy,2015,124,Drama,6.6,118086,Drama,joy
88,2015-12-25,joy,60000000.0,56451232.0,101151232.0,2015,Fox,56500000.0,44700000.0,2015.0,joy,41151232.0,0.6858538666666667,tt6180144,Joy,Joy,2016,80,Drama,7.1,34,Drama,joy
88,2015-12-25,joy,60000000.0,56451232.0,101151232.0,2015,Fox,56500000.0,44700000.0,2015.0,joy,41151232.0,0.6858538666666667,tt8917752,Joy,Joy,2018,99,Drama,6.5,430,Drama,joy
89,2012-08-17,paranorman,60000000.0,56003051.0,107103051.0,2012,Focus,56000000.0,51100000.0,2012.0,paranorman,47103051.0,0.78505085,tt1623288,ParaNorman,ParaNorman,2012,92,"Adventure,Animation,Comedy",7.0,87250,Adventure,paranorman
94,2014-09-26,the boxtrolls,60000000.0,50837305.0,109237305.0,2014,Focus,50800000.0,58400000.0,2014.0,the boxtrolls,49237305.0,0.82062175,tt0787474,The Boxtrolls,The Boxtrolls,2014,96,"Adventure,Animation,Comedy",6.8,50763,Adventure,the boxtrolls
95,2017-08-04,the dark tower,60000000.0,50701325.0,113201325.0,2017,Sony,50700000.0,62500000.0,2017.0,the dark tower,53201325.0,0.88668875,tt1648190,The Dark Tower,The Dark Tower,2017,95,"Action,Adventure,Fantasy",5.7,107518,Action,the dark tower
97,2014-01-17,jack ryan: shadow recruit,60000000.0,50577412.0,135477412.0,2014,Par.,50600000.0,84900000.0,2014.0,jack ryan: shadow recruit,75477412.0,1.2579568666666667,tt1205537,Jack Ryan: Shadow Recruit,Jack Ryan: Shadow Recruit,2014,105,"Action,Drama,Thriller",6.2,114913,Action,jack ryan: shadow recruit
100,2018-12-25,vice,60000000.0,47836282.0,76036282.0,2018,Annapurna,47800000.0,28200000.0,2018.0,vice,16036282.0,0.2672713666666667,tt3480796,Vice,Vice,2015,96,"Action,Adventure,Sci-Fi",4.2,14436,Action,vice
100,2018-12-25,vice,60000000.0,47836282.0,76036282.0,2018,Annapurna,47800000.0,28200000.0,2018.0,vice,16036282.0,0.2672713666666667,tt6266538,Vice,Vice,2018,132,"Biography,Comedy,Drama",7.2,72855,Biography,vice
4,2013-01-11,gangster squad,60000000.0,46000903.0,105200903.0,2013,WB,46000000.0,59200000.0,2013.0,gangster squad,45200903.0,0.7533483833333333,tt1321870,Gangster Squad,Gangster Squad,2013,113,"Action,Crime,Drama",6.7,195560,Action,gangster squad
5,2017-04-07,smurfs: the lost village,60000000.0,45020282.0,197220282.0,2017,Sony,45000000.0,152200000.0,2017.0,smurfs: the lost village,137220282.0,2.2870047,tt2398241,Smurfs: The Lost Village,Smurfs: The Lost Village,2017,90,"Adventure,Animation,Comedy",6.0,15612,Adventure,smurfs: the lost village
6,2018-10-12,first man,60000000.0,44936545.0,105736545.0,2018,Uni.,44900000.0,60800000.0,2018.0,first man,45736545.0,0.76227575,tt1213641,First Man,First Man,2018,141,"Biography,Drama,History",7.4,120009,Biography,first man
6,2018-10-12,first man,60000000.0,44936545.0,105736545.0,2018,Uni.,44900000.0,60800000.0,2018.0,first man,45736545.0,0.76227575,tt7027210,First Man,First Man,2017,92,Documentary,6.6,186,Documentary,first man
8,2010-01-29,edge of darkness,60000000.0,43313890.0,81113890.0,2010,WB,43300000.0,37800000.0,2010.0,edge of darkness,21113890.0,0.3518981666666667,tt1226273,Edge of Darkness,Edge of Darkness,2010,117,"Crime,Drama,Mystery",6.6,84753,Crime,edge of darkness
12,2009-03-20,duplicity,60000000.0,40572825.0,,2009,unknown,,,,duplicity,,,tt6149902,Duplicity,Duplicity,2016,71,Mystery,8.1,8,Mystery,duplicity
15,2009-04-17,state of play,60000000.0,37017955.0,,2009,unknown,,,,state of play,,,tt2952692,State of Play,State of Play,2013,87,"Documentary,Drama,Sport",6.5,156,Documentary,state of play
18,2012-09-21,trouble with the curve,60000000.0,35763137.0,48963137.0,2012,WB,35800000.0,13200000.0,2012.0,trouble with the curve,-11036863.0,-0.18394771666666668,tt2083383,Trouble with the Curve,Trouble with the Curve,2012,111,"Drama,Sport",6.8,56129,Drama,trouble with the curve
22,2000-09-15,almost famous,60000000.0,32522352.0,,2000,unknown,,,,almost famous,,,tt7059806,Almost Famous,Kimaat Mefursemet,2017,95,"Comedy,Drama,Family",4.1,23,Comedy,almost famous
23,2019-02-08,cold pursuit,60000000.0,32138862.0,,2019,unknown,,,,cold pursuit,,,tt5719748,Cold Pursuit,Cold Pursuit,2019,119,"Action,Crime,Drama",6.2,27648,Action,cold pursuit
26,2013-08-21,the mortal instruments: city of bones,60000000.0,31165421.0,95365421.0,2013,SGem,31200000.0,64200000.0,2013.0,the mortal instruments: city of bones,35365421.0,0.5894236833333333,tt1538403,The Mortal Instruments: City of Bones,The Mortal Instruments: City of Bones,2013,130,"Action,Fantasy,Horror",5.9,121936,Action,the mortal instruments: city of bones
28,2002-02-22,dragonfly,60000000.0,30063805.0,,2002,unknown,,,,dragonfly,,,tt2510506,Dragonfly,Dragonfly,2015,80,"Crime,Drama,Thriller",6.3,40,Crime,dragonfly
28,2002-02-22,dragonfly,60000000.0,30063805.0,,2002,unknown,,,,dragonfly,,,tt3060772,Dragonfly,Dragonfly,2013,75,"Action,Adventure,Sci-Fi",9.0,5,Action,dragonfly
28,2002-02-22,dragonfly,60000000.0,30063805.0,,2002,unknown,,,,dragonfly,,,tt3963812,Dragonfly,Dragonfly,2016,76,Drama,4.8,104,Drama,dragonfly
29,2011-05-13,priest,60000000.0,29136626.0,78336626.0,2011,SGem,29100000.0,49200000.0,2011.0,priest,18336626.0,0.3056104333333333,tt0822847,Priest,Priest,2011,87,"Action,Adventure,Fantasy",5.7,108320,Action,priest
41,2000-01-14,supernova,60000000.0,14218868.0,,2000,unknown,,,,supernova,,,tt1730764,Supernova,Supernova,2014,90,Drama,5.7,233,Drama,supernova
41,2000-01-14,supernova,60000000.0,14218868.0,,2000,unknown,,,,supernova,,,tt4231466,Supernova,"Supernova: The Knight, the Princess & Shooting Star",2014,135,"Drama,Mystery,Sci-Fi",6.6,274,Drama,supernova
47,2017-02-24,rock dog,60000000.0,9420546.0,,2017,unknown,,,,rock dog,,,tt2822672,Rock Dog,Rock Dog,2016,90,"Adventure,Animation,Comedy",5.9,3991,Adventure,rock dog
48,2015-01-23,mortdecai,60000000.0,7696134.0,47296134.0,2015,LGF,7700000.0,39600000.0,2015.0,mortdecai,-12703866.0,-0.2117311,tt3045616,Mortdecai,Mortdecai,2015,107,"Action,Comedy,Crime",5.5,61366,Action,mortdecai
52,2015-12-11,the ridiculous 6,60000000.0,0.0,,2015,unknown,,,,the ridiculous 6,,,tt2479478,The Ridiculous 6,The Ridiculous 6,2015,119,"Comedy,Western",4.8,38694,Comedy,the ridiculous 6
53,2019-11-08,midway,59500000.0,0.0,,2019,unknown,,,,midway,,,tt2428672,Midway,Midway,2013,85,"Documentary,Family",7.3,43,Documentary,midway
54,2018-03-23,sherlock gnomes,59000000.0,43242871.0,90342871.0,2018,Par.,43200000.0,47100000.0,2018.0,sherlock gnomes,31342871.0,0.5312351016949153,tt2296777,Sherlock Gnomes,Sherlock Gnomes,2018,86,"Adventure,Animation,Comedy",5.1,8030,Adventure,sherlock gnomes
55,2019-01-25,the kid who would be king,59000000.0,16790790.0,,2019,unknown,,,,the kid who would be king,,,tt6811018,The Kid Who Would Be King,The Kid Who Would Be King,2019,120,"Action,Adventure,Family",6.0,8044,Action,the kid who would be king
56,2016-02-12,deadpool,58000000.0,363070709.0,783070709.0,2016,Fox,363100000.0,420000000.0,2016.0,deadpool,725070709.0,12.501219120689655,tt1431045,Deadpool,Deadpool,2016,108,"Action,Adventure,Comedy",8.0,820847,Action,deadpool
57,2014-12-25,american sniper,58000000.0,350126372.0,547426372.0,2014,WB,350100000.0,197300000.0,2014.0,american sniper,489426372.0,8.43838572413793,tt2179136,American Sniper,American Sniper,2014,133,"Action,Biography,Drama",7.3,401915,Action,american sniper
58,2015-10-16,goosebumps,58000000.0,80069458.0,150169458.0,2015,Sony,80100000.0,70100000.0,2015.0,goosebumps,92169458.0,1.5891285862068965,tt1051904,Goosebumps,Goosebumps,2015,103,"Adventure,Comedy,Family",6.3,72858,Adventure,goosebumps
60,1995-12-15,sabrina,58000000.0,53458319.0,,1995,unknown,,,,sabrina,,,tt7981492,Sabrina,Sabrina,2018,113,"Horror,Thriller",4.3,971,Horror,sabrina
61,2012-01-20,red tails,58000000.0,49876377.0,50365377.0,2012,Fox,49900000.0,489000.0,2012.0,red tails,-7634623.0,-0.13163143103448277,tt0485985,Red Tails,Red Tails,2012,125,"Action,Adventure,Drama",5.9,31815,Action,red tails
63,2013-06-07,the internship,58000000.0,44672764.0,93472764.0,2013,Fox,44700000.0,48800000.0,2013.0,the internship,35472764.0,0.6115993793103448,tt2234155,The Internship,The Internship,2013,119,Comedy,6.3,179817,Comedy,the internship
70,2010-09-10,resident evil: afterlife,57500000.0,60128566.0,300228566.0,2010,SGem,60100000.0,240100000.0,2010.0,resident evil: afterlife,242728566.0,4.221366365217391,tt1220634,Resident Evil: Afterlife,Resident Evil: Afterlife,2010,96,"Action,Adventure,Horror",5.9,153270,Action,resident evil: afterlife
71,2012-06-15,that's my boy,57500000.0,36931089.0,57731089.0,2012,Sony,36900000.0,20800000.0,2012.0,that's my boy,231089.0,0.004018939130434783,tt1232200,That's My Boy,That's My Boy,2012,116,Comedy,5.6,83009,Comedy,that's my boy
73,2012-02-17,ghost rider: spirit of vengeance,57000000.0,51774002.0,132574002.0,2012,Sony,51800000.0,80800000.0,2012.0,ghost rider: spirit of vengeance,75574002.0,1.3258596842105264,tt1071875,Ghost Rider: Spirit of Vengeance,Ghost Rider: Spirit of Vengeance,2011,96,"Action,Fantasy,Thriller",4.3,103608,Action,ghost rider: spirit of vengeance
77,2014-12-25,into the woods,56200000.0,128002372.0,213102372.0,2014,BV,128000000.0,85100000.0,2014.0,into the woods,156902372.0,2.791857153024911,tt2180411,Into the Woods,Into the Woods,2014,125,"Adventure,Comedy,Drama",6.0,123577,Adventure,into the woods
84,2018-11-02,bohemian rhapsody,55000000.0,216303339.0,903503339.0,2018,Fox,216400000.0,687200000.0,2018.0,bohemian rhapsody,848503339.0,15.427333436363636,tt1727824,Bohemian Rhapsody,Bohemian Rhapsody,2018,134,"Biography,Drama,Music",8.0,345466,Biography,bohemian rhapsody
85,2005-02-11,hitch,55000000.0,177784257.0,,2005,unknown,,,,hitch,,,tt2477178,Hitch,Hitch,2012,70,Drama,7.4,8,Drama,hitch
91,2017-02-10,fifty shades darker,55000000.0,114434010.0,381434010.0,2017,Uni.,114600000.0,267000000.0,2017.0,fifty shades darker,326434010.0,5.9351638181818185,tt4465564,Fifty Shades Darker,Fifty Shades Darker,2017,118,"Drama,Romance",4.6,81706,Drama,fifty shades darker
92,2013-10-11,captain phillips,55000000.0,107136417.0,218836417.0,2013,Sony,107100000.0,111700000.0,2013.0,captain phillips,163836417.0,2.9788439454545457,tt1535109,Captain Phillips,Captain Phillips,2013,134,"Biography,Drama,Thriller",7.8,387402,Biography,captain phillips
95,2017-11-10,murder on the orient express,55000000.0,102826543.0,,2017,unknown,,,,murder on the orient express,,,tt3402236,Murder on the Orient Express,Murder on the Orient Express,2017,114,"Crime,Drama,Mystery",6.5,178603,Crime,murder on the orient express
96,2014-09-26,the equalizer,55000000.0,101530738.0,192330738.0,2014,Sony,101500000.0,90800000.0,2014.0,the equalizer,137330738.0,2.496922509090909,tt0455944,The Equalizer,The Equalizer,2014,132,"Action,Crime,Thriller",7.2,302302,Action,the equalizer
97,2018-02-09,fifty shades freed,55000000.0,100407760.0,371907760.0,2018,Uni.,100400000.0,271500000.0,2018.0,fifty shades freed,316907760.0,5.761959272727273,tt4477536,Fifty Shades Freed,Fifty Shades Freed,2018,105,"Drama,Romance,Thriller",4.5,43893,Drama,fifty shades freed
99,2010-04-09,date night,55000000.0,98711404.0,152311404.0,2010,Fox,98700000.0,53600000.0,2010.0,date night,97311404.0,1.7692982545454545,tt1279935,Date Night,Date Night,2010,88,"Comedy,Crime,Romance",6.3,144683,Comedy,date night
5,2015-01-16,paddington,55000000.0,76223578.0,268023578.0,2015,W/Dim.,76300000.0,191800000.0,2015.0,paddington,213023578.0,3.8731559636363637,tt1109624,Paddington,Paddington,2014,95,"Adventure,Comedy,Family",7.2,84679,Adventure,paddington
16,2013-11-01,free birds,55000000.0,55750480.0,110350480.0,2013,Rela.,55800000.0,54600000.0,2013.0,free birds,55350480.0,1.0063723636363637,tt1621039,Free Birds,Free Birds,2013,91,"Adventure,Animation,Comedy",5.9,20934,Adventure,free birds
20,2014-03-21,muppets most wanted,55000000.0,51178893.0,80378893.0,2014,BV,51200000.0,29200000.0,2014.0,muppets most wanted,25378893.0,0.4614344181818182,tt2281587,Muppets Most Wanted,Muppets Most Wanted,2014,107,"Adventure,Comedy,Crime",6.4,29018,Adventure,muppets most wanted
22,2016-08-19,kubo and the two strings,55000000.0,48023088.0,69923088.0,2016,Focus,48000000.0,21900000.0,2016.0,kubo and the two strings,14923088.0,0.27132887272727274,tt4302938,Kubo and the Two Strings,Kubo and the Two Strings,2016,101,"Action,Adventure,Animation",7.8,105578,Action,kubo and the two strings
24,2010-11-24,burlesque,55000000.0,39440655.0,89540655.0,2010,SGem,39400000.0,50100000.0,2010.0,burlesque,34540655.0,0.6280119090909091,tt1126591,Burlesque,Burlesque,2010,119,"Drama,Music,Musical",6.4,71021,Drama,burlesque
27,2012-07-27,the watch,55000000.0,34353000.0,67253000.0,2012,Fox,35400000.0,32900000.0,2012.0,the watch,12253000.0,0.2227818181818182,tt1298649,The Watch,The Watch,2012,102,"Action,Comedy,Horror",5.7,115757,Action,the watch
28,2003-03-14,the hunted,55000000.0,34234008.0,,2003,unknown,,,,the hunted,,,tt2322932,The Hunted,The Hunted,2015,90,"Action,Comedy,Horror",6.5,53,Action,the hunted
28,2003-03-14,the hunted,55000000.0,34234008.0,,2003,unknown,,,,the hunted,,,tt3149900,The Hunted,The Hunted,2013,89,"Horror,Mystery,Thriller",4.7,1058,Horror,the hunted
32,2018-02-23,annihilation,55000000.0,32732301.0,,2018,unknown,,,,annihilation,,,tt2798920,Annihilation,Annihilation,2018,115,"Adventure,Drama,Horror",6.9,228664,Adventure,annihilation
33,2015-10-16,crimson peak,55000000.0,31090320.0,74690320.0,2015,Uni.,31100000.0,43600000.0,2015.0,crimson peak,19690320.0,0.3580058181818182,tt2554274,Crimson Peak,Crimson Peak,2015,119,"Drama,Fantasy,Horror",6.5,119287,Drama,crimson peak
34,2012-04-27,the pirates! band of misfits,55000000.0,31051126.0,123051126.0,2012,Sony,31100000.0,92000000.0,2012.0,the pirates! band of misfits,68051126.0,1.2372932,tt1430626,The Pirates! Band of Misfits,The Pirates! In an Adventure with Scientists!,2012,88,"Adventure,Animation,Comedy",6.7,41958,Adventure,the pirates! band of misfits
36,1996-08-02,chain reaction,55000000.0,21226204.0,,1996,unknown,,,,chain reaction,,,tt7201536,Chain Reaction,Reakcja lancuchowa,2017,100,Drama,3.4,37,Drama,chain reaction
41,1997-01-10,turbulence,55000000.0,11532774.0,,1997,unknown,,,,turbulence,,,tt2100675,Turbulence,Turbulence,2011,90,Comedy,8.2,34,Comedy,turbulence
41,1997-01-10,turbulence,55000000.0,11532774.0,,1997,unknown,,,,turbulence,,,tt3671042,Turbulence,Turbulence,2014,90,Drama,6.8,8,Drama,turbulence
41,1997-01-10,turbulence,55000000.0,11532774.0,,1997,unknown,,,,turbulence,,,tt5592256,Turbulence,Turbulence,2016,120,"Action,Drama,Thriller",5.3,249,Action,turbulence
42,2013-02-01,bullet to the head,55000000.0,9489829.0,,2013,unknown,,,,bullet to the head,,,tt1308729,Bullet to the Head,Bullet to the Head,2012,92,"Action,Crime,Thriller",5.7,44816,Action,bullet to the head
59,2015-09-18,black mass,53000000.0,62575678.0,99775678.0,2015,WB,62600000.0,37200000.0,2015.0,black mass,46775678.0,0.8825599622641509,tt1355683,Black Mass,Black Mass,2015,123,"Biography,Crime,Drama",6.9,155847,Biography,black mass
65,1998-10-16,beloved,53000000.0,22852487.0,,1998,unknown,,,,beloved,,,tt1410297,Beloved,O Bem Amado,2010,107,Comedy,6.4,506,Comedy,beloved
65,1998-10-16,beloved,53000000.0,22852487.0,,1998,unknown,,,,beloved,,,tt1815799,Beloved,Les bien-aimés,2011,133,"Drama,Musical,Romance",6.2,2138,Drama,beloved
65,1998-10-16,beloved,53000000.0,22852487.0,,1998,unknown,,,,beloved,,,tt3421854,Beloved,Qin ai,2012,99,Drama,6.7,15,Drama,beloved
65,1998-10-16,beloved,53000000.0,22852487.0,,1998,unknown,,,,beloved,,,tt8450662,Beloved,Beloved,2018,66,Documentary,7.3,22,Documentary,beloved
66,2012-12-19,zero dark thirty,52500000.0,95720716.0,132820716.0,2012,Sony,95700000.0,37100000.0,2012.0,zero dark thirty,80320716.0,1.5299184,tt1790885,Zero Dark Thirty,Zero Dark Thirty,2012,157,"Drama,Thriller",7.4,251072,Drama,zero dark thirty
70,2010-02-12,valentine's day,52000000.0,110485654.0,216485654.0,2010,WB (NL),110500000.0,106000000.0,2010.0,valentine's day,164485654.0,3.163185653846154,tt0817230,Valentine's Day,Valentine's Day,2010,125,"Comedy,Romance",5.7,107171,Comedy,valentine's day
72,2011-08-05,the change-up,52000000.0,37243418.0,75643418.0,2011,Uni.,37100000.0,38400000.0,2011.0,the change-up,23643418.0,0.45468111538461536,tt1488555,The Change-Up,The Change-Up,2011,112,"Comedy,Fantasy",6.3,155374,Comedy,the change-up
75,2010-02-05,from paris with love,52000000.0,24077427.0,52777427.0,2010,LGF,24100000.0,28700000.0,2010.0,from paris with love,777427.0,0.01495051923076923,tt1179034,From Paris with Love,From Paris with Love,2010,92,"Action,Crime,Thriller",6.5,107079,Action,from paris with love
79,2018-08-17,alpha,51000000.0,35851379.0,98151379.0,2018,Studio 8,35900000.0,62300000.0,2018.0,alpha,47151379.0,0.9245368431372549,tt2121250,Alpha,Alpha,2013,116,Crime,5.5,102,Crime,alpha
79,2018-08-17,alpha,51000000.0,35851379.0,98151379.0,2018,Studio 8,35900000.0,62300000.0,2018.0,alpha,47151379.0,0.9245368431372549,tt3166734,Alpha,Alpha,2015,80,"Drama,Horror,Mystery",7.7,37,Drama,alpha
79,2018-08-17,alpha,51000000.0,35851379.0,98151379.0,2018,Studio 8,35900000.0,62300000.0,2018.0,alpha,47151379.0,0.9245368431372549,tt4244998,Alpha,Alpha,2018,96,"Adventure,Drama,Family",6.7,41882,Adventure,alpha
81,2011-03-04,the adjustment bureau,50200000.0,62495645.0,127895645.0,2011,Uni.,62500000.0,65400000.0,2011.0,the adjustment bureau,77695645.0,1.5477220119521913,tt1385826,The Adjustment Bureau,The Adjustment Bureau,2011,106,"Romance,Sci-Fi,Thriller",7.1,227616,Romance,the adjustment bureau
84,2012-06-29,ted,50000000.0,218665740.0,549265740.0,2012,Uni.,218800000.0,330600000.0,2012.0,ted,499265740.0,9.9853148,tt1637725,Ted,Ted,2012,106,"Comedy,Fantasy",6.9,538367,Comedy,ted
85,2014-06-13,22 jump street,50000000.0,191719337.0,331319337.0,2014,Sony,191700000.0,139600000.0,2014.0,22 jump street,281319337.0,5.62638674,tt2294449,22 Jump Street,22 Jump Street,2014,112,"Action,Comedy,Crime",7.0,319504,Action,22 jump street
91,2016-06-17,central intelligence,50000000.0,127440871.0,216940871.0,2016,WB (NL),127400000.0,89500000.0,2016.0,central intelligence,166940871.0,3.33881742,tt1489889,Central Intelligence,Central Intelligence,2016,107,"Action,Comedy,Crime",6.3,138872,Action,central intelligence
92,2013-12-18,anchorman 2: the legend continues,50000000.0,127352707.0,173652707.0,2013,Par.,125200000.0,46300000.0,2013.0,anchorman 2: the legend continues,123652707.0,2.47305414,tt1229340,Anchorman 2: The Legend Continues,Anchorman 2: The Legend Continues,2013,119,Comedy,6.3,156116,Comedy,anchorman 2: the legend continues
93,2011-06-10,super 8,50000000.0,127004179.0,260104179.0,2011,Par.,127000000.0,133100000.0,2011.0,super 8,210104179.0,4.20208358,tt1650062,Super 8,Super 8,2011,112,"Mystery,Sci-Fi,Thriller",7.0,320575,Mystery,super 8
96,2018-11-21,creed ii,50000000.0,115715889.0,214015889.0,2018,MGM,115700000.0,98300000.0,2018.0,creed ii,164015889.0,3.28031778,tt6343314,Creed II,Creed II,2018,130,"Drama,Sport",7.2,72503,Drama,creed ii
97,2018-02-09,peter rabbit,50000000.0,115234093.0,351234093.0,2018,Sony,115300000.0,236000000.0,2018.0,peter rabbit,301234093.0,6.02468186,tt5117670,Peter Rabbit,Peter Rabbit,2018,95,"Adventure,Animation,Comedy",6.6,27908,Adventure,peter rabbit
100,2018-12-14,the mule,50000000.0,103804407.0,172504407.0,2018,WB,103800000.0,68700000.0,2018.0,the mule,122504407.0,2.45008814,tt0804509,The Mule,La mula,2013,100,"Comedy,Drama",6.2,653,Comedy,the mule
100,2018-12-14,the mule,50000000.0,103804407.0,172504407.0,2018,WB,103800000.0,68700000.0,2018.0,the mule,122504407.0,2.45008814,tt2130270,The Mule,The Mule,2014,103,"Comedy,Crime,Drama",6.3,5788,Comedy,the mule
100,2018-12-14,the mule,50000000.0,103804407.0,172504407.0,2018,WB,103800000.0,68700000.0,2018.0,the mule,122504407.0,2.45008814,tt7959026,The Mule,The Mule,2018,116,"Crime,Drama,Thriller",7.1,58955,Crime,the mule
2,2014-02-28,non-stop,50000000.0,91742160.0,222342160.0,2014,Uni.,92200000.0,130600000.0,2014.0,non-stop,172342160.0,3.4468432,tt2024469,Non-Stop,Non-Stop,2014,106,"Action,Mystery,Thriller",7.0,234717,Action,non-stop
7,2017-07-28,the emoji movie,50000000.0,86089513.0,217789512.0,2017,Sony,86100000.0,131699999.0,2017.0,the emoji movie,167789512.0,3.35579024,tt4877122,The Emoji Movie,The Emoji Movie,2017,86,"Adventure,Animation,Comedy",3.2,47294,Adventure,the emoji movie
9,2017-12-22,the post,50000000.0,81903458.0,179803458.0,2017,Fox,81900000.0,97900000.0,2017.0,the post,129803458.0,2.59606916,tt6294822,The Post,The Post,2017,116,"Biography,Drama,History",7.2,108017,Biography,the post
10,1999-02-05,payback,50000000.0,81526121.0,,1999,unknown,,,,payback,,,tt1430625,Payback,Payback,2012,82,Documentary,6.4,186,Documentary,payback
10,1999-02-05,payback,50000000.0,81526121.0,,1999,unknown,,,,payback,,,tt1740017,Payback,Payback,2010,115,"Action,Crime,Drama",5.5,58,Action,payback
10,1999-02-05,payback,50000000.0,81526121.0,,1999,unknown,,,,payback,,,tt3108662,Payback,Entrando Numa Roubada,2015,77,"Action,Comedy,Drama",5.0,74,Action,payback
14,2011-12-23,we bought a zoo,50000000.0,75624550.0,120124550.0,2011,Fox,75600000.0,44500000.0,2011.0,we bought a zoo,70124550.0,1.402491,tt1389137,We Bought a Zoo,We Bought a Zoo,2011,124,"Comedy,Drama,Family",7.1,126849,Comedy,we bought a zoo
15,2011-09-23,moneyball,50000000.0,75605492.0,110205492.0,2011,Sony,75600000.0,34600000.0,2011.0,moneyball,60205492.0,1.20410984,tt1210166,Moneyball,Moneyball,2011,133,"Biography,Drama,Sport",7.6,326657,Biography,moneyball
21,2004-09-24,the forgotten,50000000.0,66711892.0,,2004,unknown,,,,the forgotten,,,tt2145909,The Forgotten,The Forgotten,2014,89,Horror,5.3,472,Horror,the forgotten
26,2012-04-06,american reunion,50000000.0,56758835.0,234758835.0,2012,Uni.,57000000.0,178000000.0,2012.0,american reunion,184758835.0,3.6951767,tt1605630,American Reunion,American Reunion,2012,113,Comedy,6.7,192250,Comedy,american reunion
27,2013-01-25,hansel & gretel: witch hunters,50000000.0,55703475.0,,2013,unknown,,,,hansel & gretel: witch hunters,,,tt1428538,Hansel & Gretel: Witch Hunters,Hansel & Gretel: Witch Hunters,2013,88,"Action,Fantasy,Horror",6.1,183387,Action,hansel & gretel: witch hunters
28,2011-02-18,i am number four,50000000.0,55100437.0,149900437.0,2011,BV,55100000.0,94800000.0,2011.0,i am number four,99900437.0,1.99800874,tt1464540,I Am Number Four,I Am Number Four,2011,111,"Action,Adventure,Sci-Fi",6.1,217762,Action,i am number four
32,2017-09-29,american made,50000000.0,51342000.0,134842000.0,2017,Uni.,51300000.0,83500000.0,2017.0,american made,84842000.0,1.69684,tt3532216,American Made,American Made,2017,115,"Action,Biography,Comedy",7.2,131043,Action,american made
35,2014-10-17,the book of life,50000000.0,50151543.0,,2014,unknown,,,,the book of life,,,tt2262227,The Book of Life,The Book of Life,2014,95,"Adventure,Animation,Comedy",7.3,59486,Adventure,the book of life
35,2014-10-17,the book of life,50000000.0,50151543.0,,2014,unknown,,,,the book of life,,,tt6716346,The Book of Life,The Book of Life,2017,120,Thriller,6.7,7,Thriller,the book of life
40,2014-08-08,into the storm,50000000.0,47602194.0,161702194.0,2014,WB (NL),47600000.0,114100000.0,2014.0,into the storm,111702194.0,2.23404388,tt2106361,Into the Storm,Into the Storm,2014,89,"Action,Adventure,Drama",5.8,60894,Action,into the storm
41,2014-10-10,the judge,50000000.0,47119388.0,84419388.0,2014,WB,47100000.0,37300000.0,2014.0,the judge,34419388.0,0.68838776,tt1872194,The Judge,The Judge,2014,141,"Crime,Drama",7.4,162952,Crime,the judge
41,2014-10-10,the judge,50000000.0,47119388.0,84419388.0,2014,WB,47100000.0,37300000.0,2014.0,the judge,34419388.0,0.68838776,tt6246092,The Judge,The Judge,2017,76,Documentary,7.3,84,Documentary,the judge
45,2016-08-19,war dogs,50000000.0,43034523.0,86234523.0,2016,WB,43000000.0,43200000.0,2016.0,war dogs,36234523.0,0.72469046,tt2005151,War Dogs,War Dogs,2016,114,"Comedy,Crime,Drama",7.1,154029,Comedy,war dogs
48,1997-09-26,the peacemaker,50000000.0,41263140.0,,1997,unknown,,,,the peacemaker,,,tt6140144,The Peacemaker,The Peacemaker,2016,90,Documentary,7.9,30,Documentary,the peacemaker
56,2016-05-20,the nice guys,50000000.0,36261763.0,62761763.0,2016,WB,36300000.0,26500000.0,2016.0,the nice guys,12761763.0,0.25523526,tt3799694,The Nice Guys,The Nice Guys,2016,116,"Action,Comedy,Crime",7.4,240337,Action,the nice guys
59,2010-06-04,marmaduke,50000000.0,33644788.0,83744788.0,2010,Fox,33600000.0,50100000.0,2010.0,marmaduke,33744788.0,0.67489576,tt1392197,Marmaduke,Marmaduke,2010,87,"Comedy,Family",4.2,13283,Comedy,marmaduke
61,2010-10-15,hereafter,50000000.0,32746941.0,105246941.0,2010,WB,32700000.0,72500000.0,2010.0,hereafter,55246941.0,1.10493882,tt1212419,Hereafter,Hereafter,2010,129,"Drama,Fantasy,Romance",6.5,87288,Drama,hereafter
63,1995-10-06,assassins,50000000.0,30306268.0,,1995,unknown,,,,assassins,,,tt2385003,Assassins,Assassins,2014,84,"Action,Drama,Thriller",4.4,73,Action,assassins
64,2016-02-12,zoolander 2,50000000.0,28848693.0,56748693.0,2016,Par.,28800000.0,27900000.0,2016.0,zoolander 2,6748693.0,0.13497386,tt1608290,Zoolander 2,Zoolander 2,2016,101,Comedy,4.7,59914,Comedy,zoolander 2
68,2013-03-29,the host,50000000.0,26623701.0,,2013,unknown,,,,the host,,,tt1517260,The Host,The Host,2013,125,"Action,Adventure,Drama",5.9,105633,Action,the host
68,2013-03-29,the host,50000000.0,26623701.0,,2013,unknown,,,,the host,,,tt5537146,The Host,The Host,2015,60,Documentary,6.4,8,Documentary,the host
70,2015-03-13,run all night,50000000.0,26461644.0,71661644.0,2015,WB,26500000.0,45200000.0,2015.0,run all night,21661644.0,0.43323288,tt2199571,Run All Night,Run All Night,2015,114,"Action,Drama,Thriller",6.6,94131,Action,run all night
78,2011-04-08,your highness,50000000.0,21596445.0,24896445.0,2011,Uni.,21600000.0,3300000.0,2011.0,your highness,-25103555.0,-0.5020711,tt1240982,Your Highness,Your Highness,2011,102,"Adventure,Comedy,Fantasy",5.5,92940,Adventure,your highness
79,2016-09-16,snowden,50000000.0,21587519.0,37287519.0,2016,ORF,21600000.0,15700000.0,2016.0,snowden,-12712481.0,-0.25424962,tt3774114,Snowden,Snowden,2016,134,"Biography,Drama,Thriller",7.3,119149,Biography,snowden
80,2011-09-30,dream house,50000000.0,21302340.0,38502340.0,2011,Uni.,21300000.0,17200000.0,2011.0,dream house,-11497660.0,-0.2299532,tt1462041,Dream House,Dream House,2011,84,"Drama,Mystery,Thriller",6.0,59714,Drama,dream house
81,2016-06-24,free state of jones,50000000.0,20810036.0,25010036.0,2016,STX,20800000.0,4200000.0,2016.0,free state of jones,-24989964.0,-0.49979928,tt1124037,Free State of Jones,Free State of Jones,2016,139,"Action,Biography,Drama",6.9,45135,Action,free state of jones
82,2009-09-04,gamer,50000000.0,20534907.0,,2009,unknown,,,,gamer,,,tt2217809,Gamer,Gámer,2011,92,Drama,5.0,416,Drama,gamer
85,2013-02-14,beautiful creatures,50000000.0,19452138.0,,2013,unknown,,,,beautiful creatures,,,tt1559547,Beautiful Creatures,Beautiful Creatures,2013,124,"Drama,Fantasy,Romance",6.2,79764,Drama,beautiful creatures
90,1995-11-03,fair game,50000000.0,11497497.0,,1995,unknown,,,,fair game,,,tt0977855,Fair Game,Fair Game,2010,108,"Biography,Drama,Thriller",6.8,43862,Biography,fair game
91,2011-02-25,drive angry,50000000.0,10721033.0,28921033.0,2011,Sum.,10700000.0,18200000.0,2011.0,drive angry,-21078967.0,-0.42157934,tt1502404,Drive Angry,Drive Angry,2011,104,"Action,Fantasy,Thriller",5.4,90203,Action,drive angry
93,1995-10-13,the scarlet letter,50000000.0,10359006.0,,1995,unknown,,,,the scarlet letter,,,tt4700594,The Scarlet Letter,The Scarlet Letter,2015,111,"Drama,History",6.1,19,Drama,the scarlet letter
94,2005-10-14,domino,50000000.0,10169202.0,,2005,unknown,,,,domino,,,tt3282076,Domino,Domino,2019,89,"Crime,Thriller",4.6,758,Crime,domino
98,2018-02-16,early man,50000000.0,8267544.0,54667544.0,2018,LGF,8300000.0,46400000.0,2018.0,early man,4667544.0,0.09335088,tt4701724,Early Man,Early Man,2018,89,"Adventure,Animation,Comedy",6.1,15882,Adventure,early man
2,2015-04-17,child 44,50000000.0,1224330.0,12924330.0,2015,LG/S,1200000.0,11700000.0,2015.0,child 44,-37075670.0,-0.7415134,tt1014763,Child 44,Child 44,2015,137,"Crime,Drama,History",6.5,59477,Crime,child 44
4,2013-03-15,upside down,50000000.0,102118.0,8102118.0,2013,MNE,105000.0,8000000.0,2013.0,upside down,-41897882.0,-0.83795764,tt1374992,Upside Down,Upside Down,2012,109,"Drama,Fantasy,Romance",6.4,66347,Drama,upside down
4,2013-03-15,upside down,50000000.0,102118.0,8102118.0,2013,MNE,105000.0,8000000.0,2013.0,upside down,-41897882.0,-0.83795764,tt2105043,Upside Down,Upside Down,2012,81,Drama,6.6,45,Drama,upside down
5,2015-10-02,shanghai,50000000.0,46425.0,9246425.0,2015,Wein.,46400.0,9200000.0,2015.0,shanghai,-40753575.0,-0.8150715,tt1092634,Shanghai,Shanghai,2010,105,"Crime,Drama,Mystery",6.4,8662,Crime,shanghai
5,2015-10-02,shanghai,50000000.0,46425.0,9246425.0,2015,Wein.,46400.0,9200000.0,2015.0,shanghai,-40753575.0,-0.8150715,tt2072227,Shanghai,Shanghai,2012,120,"Crime,Mystery,Thriller",7.2,9047,Crime,shanghai
10,2001-11-02,the one,49000000.0,43905746.0,,2001,unknown,,,,the one,,,tt1681371,The One,The One,2011,89,"Comedy,Drama,Romance",5.0,681,Comedy,the one
10,2001-11-02,the one,49000000.0,43905746.0,,2001,unknown,,,,the one,,,tt7121588,The One,Jue shi gao shou,2017,116,Comedy,5.4,143,Comedy,the one
11,2015-03-06,chappie,49000000.0,31569268.0,102069268.0,2015,Sony,31600000.0,70500000.0,2015.0,chappie,53069268.0,1.0830462857142857,tt1823672,Chappie,Chappie,2015,120,"Action,Crime,Drama",6.8,213733,Action,chappie
13,2012-11-16,anna karenina,49000000.0,12816367.0,68916367.0,2012,Focus,12800000.0,56100000.0,2012.0,anna karenina,19916367.0,0.4064564693877551,tt1781769,Anna Karenina,Anna Karenina,2012,129,"Drama,Romance",6.6,84668,Drama,anna karenina
16,2000-12-27,traffic,48000000.0,124107476.0,,2000,unknown,,,,traffic,,,tt1821682,Traffic,Traffic,2011,122,"Action,Adventure,Mystery",8.0,3551,Action,traffic
16,2000-12-27,traffic,48000000.0,124107476.0,,2000,unknown,,,,traffic,,,tt2939912,Traffic,Traffic,2016,104,"Adventure,Drama,Thriller",6.7,2290,Adventure,traffic
16,2000-12-27,traffic,48000000.0,124107476.0,,2000,unknown,,,,traffic,,,tt4061640,Traffic,Traffic,2014,110,Documentary,9.2,64,Documentary,traffic
18,2015-01-09,taken 3,48000000.0,89256424.0,326456424.0,2015,Fox,89300000.0,237200000.0,2015.0,taken 3,278456424.0,5.8011755,tt2446042,Taken 3,Taken 3,2014,108,"Action,Thriller",6.0,165072,Action,taken 3
20,2018-11-16,instant family,48000000.0,67363237.0,120563237.0,2018,Par.,67400000.0,53200000.0,2018.0,instant family,72563237.0,1.5117341041666668,tt7401588,Instant Family,Instant Family,2018,118,"Comedy,Drama",7.4,46728,Comedy,instant family
22,1999-10-01,three kings,48000000.0,60652036.0,,1999,unknown,,,,three kings,,,tt1609986,Three Kings,Three Kings,2010,65,"Biography,Documentary,Sport",6.8,5,Biography,three kings
22,1999-10-01,three kings,48000000.0,60652036.0,,1999,unknown,,,,three kings,,,tt1869233,Three Kings,Three Kings,2011,123,Comedy,4.0,153,Comedy,three kings
23,2010-01-22,tooth fairy,48000000.0,60022256.0,112422256.0,2010,Fox,60000000.0,52400000.0,2010.0,tooth fairy,64422256.0,1.3421303333333334,tt0808510,Tooth Fairy,Tooth Fairy,2010,101,"Comedy,Family,Fantasy",5.0,37939,Comedy,tooth fairy
23,2010-01-22,tooth fairy,48000000.0,60022256.0,112422256.0,2010,Fox,60000000.0,52400000.0,2010.0,tooth fairy,64422256.0,1.3421303333333334,tt7906260,Tooth Fairy,Toof,2019,86,Horror,2.6,64,Horror,tooth fairy
31,2008-01-25,rambo,47500000.0,42754105.0,,2008,unknown,,,,rambo,,,tt3107798,Rambo,Rambo,2012,144,"Comedy,Drama,Thriller",6.3,61,Comedy,rambo
32,2016-07-13,the infiltrator,47500000.0,15436808.0,,2016,unknown,,,,the infiltrator,,,tt1355631,The Infiltrator,The Infiltrator,2016,127,"Biography,Crime,Drama",7.0,61547,Biography,the infiltrator
34,2016-11-11,arrival,47000000.0,100546139.0,203346139.0,2016,Par.,100500000.0,102800000.0,2016.0,arrival,156346139.0,3.326513595744681,tt2543164,Arrival,Arrival,2016,116,"Drama,Mystery,Sci-Fi",7.9,515483,Drama,arrival
36,2009-04-22,earth,47000000.0,32011576.0,,2009,unknown,,,,earth,,,tt3518372,Earth,Earth,2015,60,Sci-Fi,3.6,16,Sci-Fi,earth
36,2009-04-22,earth,47000000.0,32011576.0,,2009,unknown,,,,earth,,,tt9746500,Earth,Erde,2019,115,Documentary,7.3,49,Documentary,earth
40,2010-06-18,jonah hex,47000000.0,10547117.0,10903117.0,2010,WB,10500000.0,356000.0,2010.0,jonah hex,-36096883.0,-0.7680187872340426,tt1075747,Jonah Hex,Jonah Hex,2010,81,"Action,Drama,Fantasy",4.7,51860,Action,jonah hex
42,2016-12-23,silence,46500000.0,7100177.0,,2016,unknown,,,,silence,,,tt0490215,Silence,Silence,2016,161,"Adventure,Drama,History",7.2,85242,Adventure,silence
42,2016-12-23,silence,46500000.0,7100177.0,,2016,unknown,,,,silence,,,tt1731755,Silence,Hiljaisuus,2011,110,"Drama,War",6.7,373,Drama,silence
42,2016-12-23,silence,46500000.0,7100177.0,,2016,unknown,,,,silence,,,tt2275949,Silence,Silence,2012,87,Drama,6.7,174,Drama,silence
42,2016-12-23,silence,46500000.0,7100177.0,,2016,unknown,,,,silence,,,tt3425108,Silence,Silence,2013,120,"Drama,Thriller",4.6,170,Drama,silence
44,1997-06-20,my best friend's wedding,46000000.0,126813153.0,,1997,unknown,,,,my best friend's wedding,,,tt5275314,My Best Friend's Wedding,My Best Friend's Wedding,2016,91,"Comedy,Romance",5.0,162,Comedy,my best friend's wedding
48,2013-09-20,prisoners,46000000.0,61002302.0,122102302.0,2013,WB,61000000.0,61100000.0,2013.0,prisoners,76102302.0,1.6543978695652173,tt1392214,Prisoners,Prisoners,2013,153,"Crime,Drama,Mystery",8.1,526273,Crime,prisoners
54,2012-10-05,taken 2,45000000.0,139854287.0,376154287.0,2012,Fox,139900000.0,236300000.0,2012.0,taken 2,331154287.0,7.3589841555555555,tt1397280,Taken 2,Taken 2,2012,92,"Action,Thriller",6.3,273106,Action,taken 2
58,2017-12-22,pitch perfect 3,45000000.0,104897530.0,185397530.0,2017,Uni.,104900000.0,80500000.0,2017.0,pitch perfect 3,140397530.0,3.119945111111111,tt4765284,Pitch Perfect 3,Pitch Perfect 3,2017,93,"Comedy,Music",5.8,45127,Comedy,pitch perfect 3
63,1994-07-20,the client,45000000.0,92115211.0,,1994,unknown,,,,the client,,,tt2072962,The Client,Eui-roi-in,2011,123,"Drama,Thriller",6.9,1186,Drama,the client
64,2011-11-23,the muppets,45000000.0,88625922.0,165225922.0,2011,BV,88600000.0,76600000.0,2011.0,the muppets,120225922.0,2.6716871555555555,tt1204342,The Muppets,The Muppets,2011,103,"Adventure,Comedy,Family",7.1,82752,Adventure,the muppets
68,2016-10-07,the girl on the train,45000000.0,75395035.0,75492135.0,2016,Strand,208000.0,97100.0,2010.0,the girl on the train,30492135.0,0.677603,tt2387589,The Girl on the Train,The Girl on the Train,2013,80,Thriller,4.4,819,Thriller,the girl on the train
68,2016-10-07,the girl on the train,45000000.0,75395035.0,75492135.0,2016,Strand,208000.0,97100.0,2010.0,the girl on the train,30492135.0,0.677603,tt3631112,The Girl on the Train,The Girl on the Train,2016,112,"Crime,Drama,Mystery",6.5,150977,Crime,the girl on the train
73,2010-03-19,the bounty hunter,45000000.0,67061228.0,136361228.0,2010,Sony,67099999.0,69300000.0,2010.0,the bounty hunter,91361228.0,2.030249511111111,tt1038919,The Bounty Hunter,The Bounty Hunter,2010,110,"Action,Comedy,Romance",5.6,112444,Action,the bounty hunter
79,1996-08-09,jack,45000000.0,58617334.0,,1996,unknown,,,,jack,,,tt3469918,Jack,Jack,2014,103,Drama,7.3,900,Drama,jack
79,1996-08-09,jack,45000000.0,58617334.0,,1996,unknown,,,,jack,,,tt4955062,Jack,Jack,2015,97,"Crime,Drama",5.9,108,Crime,jack
81,2016-12-09,office christmas party,45000000.0,54767494.0,114467494.0,2016,Par.,54800000.0,59700000.0,2016.0,office christmas party,69467494.0,1.543722088888889,tt1711525,Office Christmas Party,Office Christmas Party,2016,105,Comedy,5.8,59253,Comedy,office christmas party
88,2012-07-06,savages,45000000.0,47323100.0,,2012,unknown,,,,savages,,,tt1615065,Savages,Savages,2012,131,"Crime,Drama,Thriller",6.5,115793,Crime,savages
90,2014-05-23,blended,45000000.0,46290741.0,127990741.0,2014,WB,46300000.0,81700000.0,2014.0,blended,82990741.0,1.8442386888888889,tt1086772,Blended,Blended,2014,117,"Comedy,Romance",6.5,106491,Comedy,blended
91,2017-06-16,all eyez on me,45000000.0,44922302.0,,2017,unknown,,,,all eyez on me,,,tt1666185,All Eyez on Me,All Eyez on Me,2017,139,"Biography,Drama,Music",5.8,18541,Biography,all eyez on me
3,1994-11-04,frankenstein,45000000.0,22006296.0,,1994,unknown,,,,frankenstein,,,tt1795369,Frankenstein,National Theatre Live: Frankenstein,2011,130,Drama,9.0,1832,Drama,frankenstein
3,1994-11-04,frankenstein,45000000.0,22006296.0,,1994,unknown,,,,frankenstein,,,tt2286560,Frankenstein,Frankenstein,2011,82,"Drama,Horror",1.9,67,Drama,frankenstein
3,1994-11-04,frankenstein,45000000.0,22006296.0,,1994,unknown,,,,frankenstein,,,tt4086032,Frankenstein,Frankenstein,2015,89,"Horror,Sci-Fi,Thriller",5.1,2089,Horror,frankenstein
6,2019-05-03,uglydolls,45000000.0,19894664.0,,2019,unknown,,,,uglydolls,,,tt1946502,UglyDolls,UglyDolls,2019,87,"Adventure,Animation,Comedy",4.5,1176,Adventure,uglydolls
7,2001-01-19,the pledge,45000000.0,19719930.0,,2001,unknown,,,,the pledge,,,tt1878917,The Pledge,The Pledge,2011,118,"Drama,Family",6.3,164,Drama,the pledge
10,2005-07-01,rebound,45000000.0,16809014.0,,2005,unknown,,,,rebound,,,tt2837194,Rebound,Rebound,2014,84,"Horror,Mystery,Thriller",4.2,259,Horror,rebound
11,2010-02-19,the ghost writer,45000000.0,15541549.0,60241549.0,2010,Sum.,15500000.0,44700000.0,2010.0,the ghost writer,15241549.0,0.3387010888888889,tt1139328,The Ghost Writer,The Ghost Writer,2010,128,"Drama,Mystery,Thriller",7.2,148274,Drama,the ghost writer
15,2012-09-21,dredd,45000000.0,13414714.0,35614714.0,2012,LGF,13400000.0,22200000.0,2012.0,dredd,-9385286.0,-0.2085619111111111,tt1343727,Dredd,Dredd,2012,95,"Action,Crime,Sci-Fi",7.1,234616,Action,dredd
16,2011-10-28,the rum diary,45000000.0,13109815.0,23909815.0,2011,FD,13100000.0,10800000.0,2011.0,the rum diary,-21090185.0,-0.46867077777777777,tt0376136,The Rum Diary,The Rum Diary,2011,119,"Comedy,Drama",6.2,94787,Comedy,the rum diary
18,2018-12-21,welcome to marwen,45000000.0,10763520.0,12863520.0,2018,Uni.,10800000.0,2100000.0,2018.0,welcome to marwen,-32136480.0,-0.714144,tt3289724,Welcome to Marwen,Welcome to Marwen,2018,116,"Biography,Comedy,Drama",6.1,8920,Biography,welcome to marwen
19,2011-10-21,johnny english reborn,45000000.0,8406711.0,160206711.0,2011,Uni.,8300000.0,151800000.0,2011.0,johnny english reborn,115206711.0,2.5601491333333333,tt1634122,Johnny English Reborn,Johnny English Reborn,2011,101,"Action,Adventure,Comedy",6.3,110824,Action,johnny english reborn
24,2002-12-25,pinocchio,45000000.0,3681811.0,,2002,unknown,,,,pinocchio,,,tt1693039,Pinocchio,Pinocchio,2012,75,"Animation,Family,Fantasy",6.3,224,Animation,pinocchio
24,2002-12-25,pinocchio,45000000.0,3681811.0,,2002,unknown,,,,pinocchio,,,tt5263832,Pinocchio,Pinocchio,2015,75,Documentary,6.8,8,Documentary,pinocchio
68,1940-02-09,pinocchio,2289247.0,84300000.0,,1940,unknown,,,,pinocchio,,,tt1693039,Pinocchio,Pinocchio,2012,75,"Animation,Family,Fantasy",6.3,224,Animation,pinocchio
68,1940-02-09,pinocchio,2289247.0,84300000.0,,1940,unknown,,,,pinocchio,,,tt5263832,Pinocchio,Pinocchio,2015,75,Documentary,6.8,8,Documentary,pinocchio
26,2012-12-31,foodfight!,45000000.0,0.0,,2012,unknown,,,,foodfight!,,,tt0249516,Foodfight!,Foodfight!,2012,91,"Action,Animation,Comedy",1.9,8248,Action,foodfight!
27,2012-10-12,argo,44500000.0,136025503.0,232325503.0,2012,WB,136000000.0,96300000.0,2012.0,argo,187825503.0,4.220797820224719,tt1024648,Argo,Argo,2012,120,"Biography,Drama,Thriller",7.7,534683,Biography,argo
31,2010-07-30,charlie st. cloud,44000000.0,31206263.0,48206263.0,2010,Uni.,31200000.0,17000000.0,2010.0,charlie st. cloud,4206263.0,0.09559688636363636,tt1438254,Charlie St. Cloud,Charlie St. Cloud,2010,99,"Drama,Fantasy,Romance",6.5,55016,Drama,charlie st. cloud
32,1996-02-02,the juror,44000000.0,22730924.0,,1996,unknown,,,,the juror,,,tt6985094,The Juror,Bae-sim-won,2019,114,Drama,6.3,13,Drama,the juror
33,2014-02-06,the interview,44000000.0,6105175.0,,2014,unknown,,,,the interview,,,tt2788710,The Interview,The Interview,2014,112,Comedy,6.5,286341,Comedy,the interview
34,1980-11-19,heaven's gate,44000000.0,3484331.0,,1980,unknown,,,,heaven's gate,,,tt3570720,Heaven's Gate,Heaven's Gate,2013,47,Documentary,6.8,5,Documentary,heaven's gate
35,2013-06-28,the heat,43000000.0,159581587.0,229881587.0,2013,Fox,159600000.0,70300000.0,2013.0,the heat,186881587.0,4.3460834186046515,tt2404463,The Heat,The Heat,2013,117,"Action,Comedy,Crime",6.6,153501,Action,the heat
41,2017-01-06,a monster calls,43000000.0,3740823.0,47340823.0,2017,Focus,3700000.0,43600000.0,2016.0,a monster calls,4340823.0,0.10094937209302325,tt3416532,A Monster Calls,A Monster Calls,2016,108,"Animation,Drama,Fantasy",7.5,70416,Animation,a monster calls
42,2011-01-28,the mechanic,42500000.0,29121498.0,76121498.0,2011,CBS,29100000.0,47000000.0,2011.0,the mechanic,33621498.0,0.7910940705882353,tt0472399,The Mechanic,The Mechanic,2011,93,"Action,Crime,Thriller",6.6,141254,Action,the mechanic
44,2012-03-16,21 jump street,42000000.0,138447667.0,201547667.0,2012,Sony,138400000.0,63100000.0,2012.0,21 jump street,159547667.0,3.798753976190476,tt1232829,21 Jump Street,21 Jump Street,2012,109,"Action,Comedy,Crime",7.2,477771,Action,21 jump street
48,1992-07-01,boomerang,42000000.0,70052444.0,,1992,unknown,,,,boomerang,,,tt3582040,Boomerang,Boomerang,2015,101,"Drama,Romance",6.6,790,Drama,boomerang
48,1992-07-01,boomerang,42000000.0,70052444.0,,1992,unknown,,,,boomerang,,,tt8023700,Boomerang,Boomerang,2019,120,"Action,Thriller",5.8,218,Action,boomerang
48,1992-07-01,boomerang,42000000.0,70052444.0,,1992,unknown,,,,boomerang,,,tt8027144,Boomerang,Boomerang,2018,90,Comedy,6.3,6,Comedy,boomerang
51,2017-05-12,snatched,42000000.0,45852178.0,60852178.0,2017,Fox,45900000.0,15000000.0,2017.0,snatched,18852178.0,0.44886138095238093,tt1245534,Snatched,Snatched,2011,81,Comedy,5.5,61,Comedy,snatched
51,2017-05-12,snatched,42000000.0,45852178.0,60852178.0,2017,Fox,45900000.0,15000000.0,2017.0,snatched,18852178.0,0.44886138095238093,tt2334871,Snatched,Snatched,2017,90,"Action,Adventure,Comedy",4.5,29997,Action,snatched
52,2012-10-12,here comes the boom,42000000.0,45290318.0,73090318.0,2012,Sony,45300000.0,27800000.0,2012.0,here comes the boom,31090318.0,0.7402456666666667,tt1648179,Here Comes the Boom,Here Comes the Boom,2012,105,"Action,Comedy,Sport",6.4,81761,Action,here comes the boom
55,2011-03-11,red riding hood,42000000.0,37662162.0,89162162.0,2011,WB,37700000.0,51500000.0,2011.0,red riding hood,47162162.0,1.122908619047619,tt1486185,Red Riding Hood,Red Riding Hood,2011,100,"Fantasy,Horror,Mystery",5.5,102369,Fantasy,red riding hood
58,2018-12-25,holmes & watson,42000000.0,30568743.0,,2018,unknown,,,,holmes & watson,,,tt1255919,Holmes & Watson,Holmes & Watson,2018,90,"Adventure,Comedy,Crime",3.8,17661,Adventure,holmes & watson
59,2012-01-27,one for the money,42000000.0,26414527.0,36914527.0,2012,LGF,26400000.0,10500000.0,2012.0,one for the money,-5085473.0,-0.12108269047619048,tt1598828,One for the Money,One for the Money,2012,91,"Action,Comedy,Crime",5.3,38473,Action,one for the money
63,1992-10-02,hero,42000000.0,19487173.0,,1992,unknown,,,,hero,,,tt2429086,Hero,Hero,2012,163,"Action,Drama,Thriller",3.8,200,Action,hero
63,1992-10-02,hero,42000000.0,19487173.0,,1992,unknown,,,,hero,,,tt4226970,Hero,Hero,2015,120,"Crime,Drama",6.3,263,Crime,hero
63,1992-10-02,hero,42000000.0,19487173.0,,1992,unknown,,,,hero,,,tt4467202,Hero,Hero,2015,145,"Action,Drama,Romance",3.7,1998,Action,hero
64,2012-01-27,man on a ledge,42000000.0,18620000.0,46220000.0,2012,LG/S,18600000.0,27600000.0,2012.0,man on a ledge,4220000.0,0.10047619047619048,tt1568338,Man on a Ledge,Man on a Ledge,2012,102,"Action,Adventure,Crime",6.6,137507,Action,man on a ledge
65,2010-12-03,the warrior's way,42000000.0,5666340.0,11066340.0,2010,Rela.,5700000.0,5400000.0,2010.0,the warrior's way,-30933660.0,-0.7365157142857143,tt1032751,The Warrior's Way,The Warrior's Way,2010,100,"Action,Fantasy,Western",6.3,24271,Action,the warrior's way
71,2019-05-31,rocketman,41000000.0,57342725.0,,2019,unknown,,,,rocketman,,,tt2066051,Rocketman,Rocketman,2019,121,"Biography,Drama,Music",7.7,24266,Biography,rocketman
74,2011-10-14,the big year,41000000.0,7204138.0,7448138.0,2011,Fox,7200000.0,244000.0,2011.0,the big year,-33551862.0,-0.8183380975609756,tt1053810,The Big Year,The Big Year,2011,100,Comedy,6.2,39522,Comedy,the big year
77,2010-06-11,the karate kid,40000000.0,176591618.0,359091618.0,2010,Sony,176600000.0,182500000.0,2010.0,the karate kid,319091618.0,7.97729045,tt1155076,The Karate Kid,The Karate Kid,2010,140,"Action,Drama,Family",6.2,146401,Action,the karate kid
63,1984-06-22,the karate kid,8000000.0,90815558.0,273315558.0,1984,Sony,176600000.0,182500000.0,2010.0,the karate kid,265315558.0,33.16444475,tt1155076,The Karate Kid,The Karate Kid,2010,140,"Action,Drama,Family",6.2,146401,Action,the karate kid
78,2015-02-13,fifty shades of grey,40000000.0,166167230.0,570967230.0,2015,Uni.,166200000.0,404800000.0,2015.0,fifty shades of grey,530967230.0,13.27418075,tt2322441,Fifty Shades of Grey,Fifty Shades of Grey,2015,125,"Drama,Romance,Thriller",4.1,279126,Drama,fifty shades of grey
79,2009-06-19,the proposal,40000000.0,163958031.0,,2009,unknown,,,,the proposal,,,tt8106592,The Proposal,The Proposal,2018,86,Documentary,5.6,41,Documentary,the proposal
80,2013-12-13,american hustle,40000000.0,150117807.0,251217807.0,2013,Sony,150100000.0,101100000.0,2013.0,american hustle,211217807.0,5.280445175,tt1800241,American Hustle,American Hustle,2013,138,"Crime,Drama",7.2,418221,Crime,american hustle
83,2014-07-25,lucy,40000000.0,126573960.0,463273960.0,2014,Uni.,126700000.0,336700000.0,2014.0,lucy,423273960.0,10.581849,tt2872732,Lucy,Lucy,2014,89,"Action,Sci-Fi,Thriller",6.4,403194,Action,lucy
83,2014-07-25,lucy,40000000.0,126573960.0,463273960.0,2014,Uni.,126700000.0,336700000.0,2014.0,lucy,423273960.0,10.581849,tt6142034,Lucy,Lucy,2016,40,Documentary,7.0,6,Documentary,lucy
84,2013-12-25,lone survivor,40000000.0,125095601.0,154795601.0,2013,Uni.,125100000.0,29700000.0,2013.0,lone survivor,114795601.0,2.869890025,tt1091191,Lone Survivor,Lone Survivor,2013,121,"Action,Biography,Drama",7.5,246641,Action,lone survivor
91,2010-10-01,the social network,40000000.0,96962694.0,224962694.0,2010,Sony,97000000.0,128000000.0,2010.0,the social network,184962694.0,4.62406735,tt1285016,The Social Network,The Social Network,2010,120,"Biography,Drama",7.7,568578,Biography,the social network
95,2016-01-15,ride along 2,40000000.0,90862685.0,124262685.0,2016,Uni.,91200000.0,33400000.0,2016.0,ride along 2,84262685.0,2.106567125,tt2869728,Ride Along 2,Ride Along 2,2016,102,"Action,Comedy,Crime",5.9,48688,Action,ride along 2
97,2015-03-27,get hard,40000000.0,90411453.0,111811453.0,2015,WB,90400000.0,21400000.0,2015.0,get hard,71811453.0,1.795286325,tt2561572,Get Hard,Get Hard,2015,100,"Comedy,Crime",6.0,111187,Comedy,get hard
100,2016-10-14,the accountant,40000000.0,86260045.0,155160045.0,2016,WB,86300000.0,68900000.0,2016.0,the accountant,115160045.0,2.879001125,tt2140479,The Accountant,The Accountant,2016,128,"Action,Crime,Drama",7.3,233022,Action,the accountant
1,2014-11-14,dumb and dumber to,40000000.0,86208010.0,169808010.0,2014,Uni.,86200000.0,83600000.0,2014.0,dumb and dumber to,129808010.0,3.24520025,tt2096672,Dumb and Dumber To,Dumb and Dumber To,2014,109,"Adventure,Comedy",5.6,118646,Adventure,dumb and dumber to
2,2014-04-25,the other woman,40000000.0,83911193.0,84338193.0,2014,IFC,25400.0,427000.0,2011.0,the other woman,44338193.0,1.108454825,tt2203939,The Other Woman,The Other Woman,2014,109,"Comedy,Romance",6.0,122889,Comedy,the other woman
6,2015-09-25,the intern,40000000.0,75764672.0,194564672.0,2015,WB,75800000.0,118800000.0,2015.0,the intern,154564672.0,3.8641168,tt2361509,The Intern,The Intern,2015,121,"Comedy,Drama",7.1,191494,Comedy,the intern
10,2015-10-16,bridge of spies,40000000.0,72313754.0,165513754.0,2015,BV,72300000.0,93200000.0,2015.0,bridge of spies,125513754.0,3.13784385,tt3682448,Bridge of Spies,Bridge of Spies,2015,142,"Drama,History,Thriller",7.6,263004,Drama,bridge of spies
16,2018-09-21,the house with a clock in its walls,40000000.0,68549695.0,131449695.0,2018,Uni.,68500000.0,62900000.0,2018.0,the house with a clock in its walls,91449695.0,2.286242375,tt2119543,The House with a Clock in Its Walls,The House with a Clock in Its Walls,2018,105,"Comedy,Fantasy,Horror",6.0,32995,Comedy,the house with a clock in its walls
17,2016-11-04,hacksaw ridge,40000000.0,67209615.0,175309615.0,2016,LGF,67200000.0,108100000.0,2016.0,hacksaw ridge,135309615.0,3.382740375,tt2119532,Hacksaw Ridge,Hacksaw Ridge,2016,139,"Biography,Drama,History",8.1,366904,Biography,hacksaw ridge
21,2011-02-18,unknown,40000000.0,63686397.0,130786396.0,2011,WB,63700000.0,67099999.0,2011.0,unknown,90786396.0,2.2696599,tt1401152,Unknown,Unknown,2011,113,"Action,Mystery,Thriller",6.9,235167,Action,unknown
21,2011-02-18,unknown,40000000.0,63686397.0,130786396.0,2011,WB,63700000.0,67099999.0,2011.0,unknown,90786396.0,2.2696599,tt2402731,Unknown,Unknown,2012,96,Drama,6.9,14,Drama,unknown
84,2006-11-03,unknown,3700000.0,26403.0,67126402.0,2006,WB,63700000.0,67099999.0,2011.0,unknown,63426402.0,17.14227081081081,tt1401152,Unknown,Unknown,2011,113,"Action,Mystery,Thriller",6.9,235167,Action,unknown
84,2006-11-03,unknown,3700000.0,26403.0,67126402.0,2006,WB,63700000.0,67099999.0,2011.0,unknown,63426402.0,17.14227081081081,tt2402731,Unknown,Unknown,2012,96,Drama,6.9,14,Drama,unknown
22,2010-06-04,get him to the greek,40000000.0,61153526.0,91453526.0,2010,Uni.,61000000.0,30300000.0,2010.0,get him to the greek,51453526.0,1.28633815,tt1226229,Get Him to the Greek,Get Him to the Greek,2010,109,"Adventure,Comedy,Music",6.4,161653,Adventure,get him to the greek
25,2011-03-18,the lincoln lawyer,40000000.0,58009200.0,75009200.0,2011,LGF,58000000.0,17000000.0,2011.0,the lincoln lawyer,35009200.0,0.87523,tt1189340,The Lincoln Lawyer,The Lincoln Lawyer,2011,118,"Crime,Drama,Thriller",7.3,196109,Crime,the lincoln lawyer
28,2013-02-15,escape from planet earth,40000000.0,57012977.0,74612977.0,2013,Wein.,57000000.0,17600000.0,2013.0,escape from planet earth,34612977.0,0.865324425,tt0765446,Escape from Planet Earth,Escape from Planet Earth,2013,89,"Adventure,Animation,Comedy",5.9,23298,Adventure,escape from planet earth
31,2014-11-26,horrible bosses 2,40000000.0,54445357.0,107645357.0,2014,WB,54400000.0,53200000.0,2014.0,horrible bosses 2,67645357.0,1.691133925,tt2170439,Horrible Bosses 2,Horrible Bosses 2,2014,108,"Comedy,Crime",6.3,144442,Comedy,horrible bosses 2
35,2010-07-09,predators,40000000.0,52000688.0,127200688.0,2010,Fox,52000000.0,75200000.0,2010.0,predators,87200688.0,2.1800172,tt1424381,Predators,Predators,2010,107,"Action,Adventure,Sci-Fi",6.4,199764,Action,predators
36,2012-08-15,the odd life of timothy green,40000000.0,51853450.0,56053450.0,2012,BV,51900000.0,4200000.0,2012.0,the odd life of timothy green,16053450.0,0.40133625,tt1462769,The Odd Life of Timothy Green,The Odd Life of Timothy Green,2012,105,"Comedy,Drama,Family",6.6,42770,Comedy,the odd life of timothy green
43,2014-06-20,jersey boys,40000000.0,47047013.0,67647013.0,2014,WB,47000000.0,20600000.0,2014.0,jersey boys,27647013.0,0.691175325,tt1742044,Jersey Boys,Jersey Boys,2014,134,"Biography,Drama,Music",6.8,30410,Biography,jersey boys
48,2014-05-30,a million ways to die in the west,40000000.0,42720965.0,86820965.0,2014,Uni.,43100000.0,44100000.0,2014.0,a million ways to die in the west,46820965.0,1.170524125,tt2557490,A Million Ways to Die in the West,A Million Ways to Die in the West,2014,116,"Comedy,Western",6.1,160534,Comedy,a million ways to die in the west
49,2011-08-12,final destination 5,40000000.0,42587643.0,157887643.0,2011,WB (NL),42600000.0,115300000.0,2011.0,final destination 5,117887643.0,2.947191075,tt1622979,Final Destination 5,Final Destination 5,2011,92,Horror,5.9,98061,Horror,final destination 5
50,2018-11-16,widows,40000000.0,42402632.0,76002632.0,2018,Fox,42400000.0,33600000.0,2018.0,widows,36002632.0,0.9000658,tt1785670,Widows,Viudas,2011,100,"Comedy,Drama",6.3,484,Comedy,widows
50,2018-11-16,widows,40000000.0,42402632.0,76002632.0,2018,Fox,42400000.0,33600000.0,2018.0,widows,36002632.0,0.9000658,tt4218572,Widows,Widows,2018,129,"Crime,Drama,Thriller",7.0,61615,Crime,widows
54,2014-07-18,sex tape,40000000.0,38543473.0,126043473.0,2014,Sony,38500000.0,87500000.0,2014.0,sex tape,86043473.0,2.151086825,tt1956620,Sex Tape,Sex Tape,2014,94,"Comedy,Romance",5.1,100520,Comedy,sex tape
55,2011-04-15,scream 4,40000000.0,38180928.0,97180928.0,2011,W/Dim.,38200000.0,59000000.0,2011.0,scream 4,57180928.0,1.4295232,tt1262416,Scream 4,Scream 4,2011,111,"Horror,Mystery",6.2,118779,Horror,scream 4
58,2011-03-18,paul,40000000.0,37412945.0,98012945.0,2011,Uni.,37400000.0,60600000.0,2011.0,paul,58012945.0,1.450323625,tt1092026,Paul,Paul,2011,104,"Adventure,Comedy,Sci-Fi",7.0,220567,Adventure,paul
58,2011-03-18,paul,40000000.0,37412945.0,98012945.0,2011,Uni.,37400000.0,60600000.0,2011.0,paul,58012945.0,1.450323625,tt5132504,Paul,Paul,2016,71,Drama,4.8,6,Drama,paul
59,2012-12-19,the guilt trip,40000000.0,37134215.0,41834215.0,2012,Par.,37100000.0,4700000.0,2012.0,the guilt trip,1834215.0,0.045855375,tt1694020,The Guilt Trip,The Guilt Trip,2012,95,"Comedy,Drama",5.8,33702,Comedy,the guilt trip
60,2011-08-26,colombiana,40000000.0,36665854.0,60965854.0,2011,TriS,36700000.0,24300000.0,2011.0,colombiana,20965854.0,0.52414635,tt1657507,Colombiana,Colombiana,2011,108,"Action,Drama,Thriller",6.4,87659,Action,colombiana
62,2018-01-12,the commuter,40000000.0,36343858.0,119943858.0,2018,LGF,36300000.0,83600000.0,2018.0,the commuter,79943858.0,1.99859645,tt1590193,The Commuter,The Commuter,2018,105,"Action,Mystery,Thriller",6.3,83114,Action,the commuter
67,2011-04-08,arthur,40000000.0,33035397.0,,2011,unknown,,,,arthur,,,tt1334512,Arthur,Arthur,2011,110,"Comedy,Romance",5.7,49013,Comedy,arthur
69,2016-12-21,patriots day,40000000.0,31886361.0,50586361.0,2016,LGF,31900000.0,18700000.0,2016.0,patriots day,10586361.0,0.264659025,tt4572514,Patriots Day,Patriots Day,2016,133,"Action,Crime,Drama",7.4,76204,Action,patriots day
73,2010-11-10,morning glory,40000000.0,31011732.0,60011732.0,2010,Par.,31000000.0,29000000.0,2010.0,morning glory,20011732.0,0.5002933,tt1126618,Morning Glory,Morning Glory,2010,107,"Comedy,Drama,Romance",6.5,67367,Comedy,morning glory
75,2019-05-03,long shot,40000000.0,30202860.0,,2019,unknown,,,,long shot,,,tt2139881,Long Shot,Long Shot,2019,125,"Comedy,Romance",7.2,12814,Comedy,long shot
76,2000-08-25,the art of war,40000000.0,30199105.0,,2000,unknown,,,,the art of war,,,tt7091956,The Art of War,The Art of War,2018,96,War,2.8,9,War,the art of war
77,2013-12-25,grudge match,40000000.0,29807260.0,44907260.0,2013,WB,29800000.0,15100000.0,2013.0,grudge match,4907260.0,0.1226815,tt1661382,Grudge Match,Grudge Match,2013,113,"Comedy,Drama,Sport",6.4,54080,Comedy,grudge match
81,2017-08-11,the nut job 2: nutty by nature,40000000.0,28370522.0,65170522.0,2017,ORF,28400000.0,36800000.0,2017.0,the nut job 2: nutty by nature,25170522.0,0.62926305,tt3486626,The Nut Job 2: Nutty by Nature,The Nut Job 2: Nutty by Nature,2017,91,"Adventure,Animation,Comedy",5.5,4820,Adventure,the nut job 2: nutty by nature
84,2017-01-27,resident evil: the final chapter,40000000.0,26844692.0,312244692.0,2017,SGem,26800000.0,285400000.0,2017.0,resident evil: the final chapter,272244692.0,6.8061173,tt2592614,Resident Evil: The Final Chapter,Resident Evil: The Final Chapter,2016,107,"Action,Horror,Sci-Fi",5.6,74979,Action,resident evil: the final chapter
86,2017-06-30,the house,40000000.0,25584504.0,34184504.0,2017,WB (NL),25600000.0,8600000.0,2017.0,the house,-5815496.0,-0.1453874,tt1961562,The House,The House,2011,109,"Drama,Mystery,Thriller",4.6,50,Drama,the house
86,2017-06-30,the house,40000000.0,25584504.0,34184504.0,2017,WB (NL),25600000.0,8600000.0,2017.0,the house,-5815496.0,-0.1453874,tt2408288,The House,Jib,2011,72,Animation,7.3,58,Animation,the house
86,2017-06-30,the house,40000000.0,25584504.0,34184504.0,2017,WB (NL),25600000.0,8600000.0,2017.0,the house,-5815496.0,-0.1453874,tt3425402,The House,Huset,2016,90,Thriller,4.5,476,Thriller,the house
86,2017-06-30,the house,40000000.0,25584504.0,34184504.0,2017,WB (NL),25600000.0,8600000.0,2017.0,the house,-5815496.0,-0.1453874,tt4481514,The House,The House,2017,88,"Comedy,Crime",5.6,33365,Comedy,the house
88,2007-04-05,the reaping,40000000.0,25126214.0,,2007,unknown,,,,the reaping,,,tt4203258,The Reaping,La cosecha,2014,84,"Comedy,Horror,Thriller",4.9,36,Comedy,the reaping
89,2011-01-07,season of the witch,40000000.0,24827228.0,91627228.0,2011,Rela.,24800000.0,66800000.0,2011.0,season of the witch,51627228.0,1.2906807,tt0479997,Season of the Witch,Season of the Witch,2011,95,"Action,Adventure,Fantasy",5.4,85777,Action,season of the witch
90,1994-06-03,renaissance man,40000000.0,24172899.0,,1994,unknown,,,,renaissance man,,,tt5198910,Renaissance Man,Renaissance Man,2018,90,Documentary,4.7,6,Documentary,renaissance man
94,2016-08-26,mechanic: resurrection,40000000.0,21218403.0,125718403.0,2016,LG/S,21200000.0,104500000.0,2016.0,mechanic: resurrection,85718403.0,2.142960075,tt3522806,Mechanic: Resurrection,Mechanic: Resurrection,2016,98,"Action,Adventure,Thriller",5.7,67275,Action,mechanic: resurrection
99,2012-02-03,big miracle,40000000.0,20157300.0,24757300.0,2012,Uni.,20200000.0,4600000.0,2012.0,big miracle,-15242700.0,-0.3810675,tt1430615,Big Miracle,Big Miracle,2012,107,"Biography,Drama,Family",6.5,17585,Biography,big miracle
100,2012-12-21,the impossible,40000000.0,19019882.0,180319882.0,2012,LG/S,19000000.0,161300000.0,2012.0,the impossible,140319882.0,3.50799705,tt1649419,The Impossible,Lo imposible,2012,114,"Drama,History,Thriller",7.6,177762,Drama,the impossible
1,2012-03-09,a thousand words,40000000.0,18450127.0,22050127.0,2012,P/DW,18500000.0,3600000.0,2012.0,a thousand words,-17949873.0,-0.448746825,tt0763831,A Thousand Words,A Thousand Words,2012,91,"Comedy,Drama",5.9,36387,Comedy,a thousand words
15,2015-03-20,the gunman,40000000.0,10664749.0,24164749.0,2015,ORF,10700000.0,13500000.0,2015.0,the gunman,-15835251.0,-0.395881275,tt2515034,The Gunman,The Gunman,2015,115,"Action,Crime,Drama",5.8,36053,Action,the gunman
19,2013-08-16,paranoia,40000000.0,7388654.0,13788654.0,2013,Rela.,7400000.0,6400000.0,2013.0,paranoia,-26211346.0,-0.65528365,tt1413495,Paranoia,Paranoia,2013,106,"Drama,Thriller",5.7,33149,Drama,paranoia
19,2013-08-16,paranoia,40000000.0,7388654.0,13788654.0,2013,Rela.,7400000.0,6400000.0,2013.0,paranoia,-26211346.0,-0.65528365,tt1904995,Paranoia,Paranoia,2012,87,Thriller,5.3,26,Thriller,paranoia
21,2015-07-10,baahubali: the beginning,40000000.0,6738000.0,,2015,unknown,,,,baahubali: the beginning,,,tt2631186,Baahubali: The Beginning,Bahubali: The Beginning,2015,159,"Action,Drama",8.1,93243,Action,baahubali: the beginning
22,2018-03-09,the hurricane heist,40000000.0,6115824.0,,2018,unknown,,,,the hurricane heist,,,tt5360952,The Hurricane Heist,The Hurricane Heist,2018,103,"Action,Adventure,Crime",5.1,15326,Action,the hurricane heist
24,2015-11-25,victor frankenstein,40000000.0,5775076.0,34275076.0,2015,Fox,5800000.0,28500000.0,2015.0,victor frankenstein,-5724924.0,-0.1431231,tt1976009,Victor Frankenstein,Victor Frankenstein,2015,110,"Drama,Horror,Sci-Fi",6.0,47492,Drama,victor frankenstein
27,2014-06-27,snowpiercer,40000000.0,4563029.0,86763029.0,2014,RTWC,4600000.0,82200000.0,2014.0,snowpiercer,46763029.0,1.169075725,tt1706620,Snowpiercer,Snowpiercer,2013,126,"Action,Drama,Sci-Fi",7.1,239264,Action,snowpiercer
31,1986-07-01,pirates,40000000.0,1641825.0,,1986,unknown,,,,pirates,,,tt3485166,Pirates,Hae-jeok: Ba-da-ro gan san-jeok,2014,130,"Action,Adventure,Comedy",6.6,2387,Action,pirates
36,2004-09-24,the last shot,40000000.0,463730.0,,2004,unknown,,,,the last shot,,,tt1754651,The Last Shot,The Last Shot,2010,47,Action,8.0,9,Action,the last shot
37,2007-03-16,nomad,40000000.0,79123.0,,2007,unknown,,,,nomad,,,tt6111842,Nomad,Nomad,2018,83,Drama,3.1,7,Drama,nomad
40,2016-11-11,uss indianapolis: men of courage,40000000.0,0.0,,2016,unknown,,,,uss indianapolis: men of courage,,,tt2032572,USS Indianapolis: Men of Courage,USS Indianapolis: Men of Courage,2016,128,"Action,Drama,History",5.2,9453,Action,uss indianapolis: men of courage
48,2012-10-05,frankenweenie,39000000.0,35287788.0,81487788.0,2012,BV,35300000.0,46200000.0,2012.0,frankenweenie,42487788.0,1.0894304615384616,tt1142977,Frankenweenie,Frankenweenie,2012,87,"Animation,Comedy,Family",7.0,89489,Animation,frankenweenie
50,2005-09-30,serenity,39000000.0,25514517.0,,2005,unknown,,,,serenity,,,tt6476140,Serenity,Serenity,2019,106,"Drama,Mystery,Sci-Fi",5.3,17904,Drama,serenity
93,2019-01-25,serenity,25000000.0,8547045.0,,2019,unknown,,,,serenity,,,tt6476140,Serenity,Serenity,2019,106,"Drama,Mystery,Sci-Fi",5.3,17904,Drama,serenity
59,2017-06-02,captain underpants: the first epic movie,38000000.0,73921000.0,125521000.0,2017,Fox,73900000.0,51600000.0,2017.0,captain underpants: the first epic movie,87521000.0,2.303184210526316,tt2091256,Captain Underpants: The First Epic Movie,Captain Underpants: The First Epic Movie,2017,89,"Action,Animation,Comedy",6.2,21903,Action,captain underpants: the first epic movie
60,2015-04-17,paul blart: mall cop 2,38000000.0,71091594.0,107691594.0,2015,Sony,71000000.0,36600000.0,2015.0,paul blart: mall cop 2,69691594.0,1.8339893157894738,tt3450650,Paul Blart: Mall Cop 2,Paul Blart: Mall Cop 2,2015,94,"Action,Comedy,Crime",4.4,30828,Action,paul blart: mall cop 2
62,2016-12-23,why him?,38000000.0,60323786.0,118123786.0,2016,Fox,60300000.0,57800000.0,2016.0,why him?,80123786.0,2.1085206842105264,tt4501244,Why Him?,Why Him?,2016,111,Comedy,6.2,89628,Comedy,why him?
63,2011-04-22,water for elephants,38000000.0,58709717.0,117109717.0,2011,Fox,58700000.0,58400000.0,2011.0,water for elephants,79109717.0,2.0818346578947367,tt1067583,Water for Elephants,Water for Elephants,2011,120,"Drama,Romance",6.9,105812,Drama,water for elephants
64,2010-10-08,life as we know it,38000000.0,53374681.0,105674681.0,2010,WB,53400000.0,52300000.0,2010.0,life as we know it,67674681.0,1.7809126578947367,tt1055292,Life as We Know It,Life as We Know It,2010,114,"Comedy,Drama,Romance",6.6,113077,Comedy,life as we know it
66,2013-09-06,riddick,38000000.0,42025135.0,98325135.0,2013,Uni.,42000000.0,56300000.0,2013.0,riddick,60325135.0,1.587503552631579,tt1411250,Riddick,Riddick,2013,119,"Action,Adventure,Sci-Fi",6.4,144821,Action,riddick
69,2016-01-22,the 5th wave,38000000.0,34912982.0,109912982.0,2016,Sony,34900000.0,75000000.0,2016.0,the 5th wave,71912982.0,1.892446894736842,tt2304933,The 5th Wave,The 5th Wave,2016,112,"Action,Adventure,Drama",5.2,90788,Action,the 5th wave
70,2009-02-06,push,38000000.0,31811527.0,,2009,unknown,,,,push,,,tt8976772,Push,Push,2019,92,Documentary,7.3,33,Documentary,push
71,2013-09-20,rush,38000000.0,26947624.0,,2013,unknown,,,,rush,,,tt1979320,Rush,Rush,2013,123,"Action,Biography,Drama",8.1,393437,Action,rush
71,2013-09-20,rush,38000000.0,26947624.0,,2013,unknown,,,,rush,,,tt1987632,Rush,Rush,2011,87,"Comedy,Romance",7.9,8,Comedy,rush
71,2013-09-20,rush,38000000.0,26947624.0,,2013,unknown,,,,rush,,,tt2256514,Rush,Rush,2012,110,"Crime,Thriller",3.8,780,Crime,rush
75,2017-10-20,only the brave,38000000.0,18340051.0,25740051.0,2017,Sony,18300000.0,7400000.0,2017.0,only the brave,-12259949.0,-0.3226302368421053,tt3829920,Only the Brave,Only the Brave,2017,134,"Action,Biography,Drama",7.7,45482,Action,only the brave
77,2011-10-14,the thing,38000000.0,16999934.0,,2011,unknown,,,,the thing,,,tt0905372,The Thing,The Thing,2011,103,"Horror,Mystery,Sci-Fi",6.2,111900,Horror,the thing
82,2018-09-21,the sisters brothers,38000000.0,3143056.0,13143056.0,2018,Annapurna,3100000.0,10000000.0,2018.0,the sisters brothers,-24856944.0,-0.6541301052631578,tt4971344,The Sisters Brothers,Les frères Sisters,2018,122,"Adventure,Comedy,Crime",7.0,32135,Adventure,the sisters brothers
85,2019-01-11,the upside,37500000.0,108235497.0,,2019,unknown,,,,the upside,,,tt1987680,The Upside,The Upside,2017,126,"Comedy,Drama",6.7,24169,Comedy,the upside
86,2012-05-18,what to expect when you're expecting,37500000.0,41152203.0,84352203.0,2012,LGF,41200000.0,43200000.0,2012.0,what to expect when you're expecting,46852203.0,1.24939208,tt1586265,What to Expect When You're Expecting,What to Expect When You're Expecting,2012,110,"Comedy,Drama,Romance",5.7,65890,Comedy,what to expect when you're expecting
87,2012-09-14,the master,37500000.0,16247159.0,28147159.0,2012,Wein.,16399999.0,11900000.0,2012.0,the master,-9352841.0,-0.24940909333333333,tt1560747,The Master,The Master,2012,138,Drama,7.1,131365,Drama,the master
87,2012-09-14,the master,37500000.0,16247159.0,28147159.0,2012,Wein.,16399999.0,11900000.0,2012.0,the master,-9352841.0,-0.24940909333333333,tt4273106,The Master,The Master,2014,86,"Action,History",4.8,54,Action,the master
90,2013-08-07,we're the millers,37000000.0,150394119.0,269994119.0,2013,WB (NL),150400000.0,119600000.0,2013.0,we're the millers,232994119.0,6.297138351351351,tt1723121,We're the Millers,We're the Millers,2013,110,"Comedy,Crime",7.0,371759,Comedy,we're the millers
91,2015-11-25,creed,37000000.0,109767581.0,173567581.0,2015,WB (NL),109800000.0,63800000.0,2015.0,creed,136567581.0,3.691015702702703,tt1632705,Creed,Creed,2010,77,Horror,6.6,12,Horror,creed
91,2015-11-25,creed,37000000.0,109767581.0,173567581.0,2015,WB (NL),109800000.0,63800000.0,2015.0,creed,136567581.0,3.691015702702703,tt3076658,Creed,Creed,2015,133,"Drama,Sport",7.6,224671,Drama,creed
91,2015-11-25,creed,37000000.0,109767581.0,173567581.0,2015,WB (NL),109800000.0,63800000.0,2015.0,creed,136567581.0,3.691015702702703,tt4354930,Creed,Creed,2016,80,"Crime,Drama",5.8,25,Crime,creed
92,2010-09-17,the town,37000000.0,92186262.0,153986262.0,2010,WB,92200000.0,61800000.0,2010.0,the town,116986262.0,3.161790864864865,tt0840361,The Town,The Town,2010,125,"Crime,Drama,Thriller",7.6,322524,Crime,the town
93,2011-09-23,dolphin tale,37000000.0,72286779.0,95386779.0,2011,WB,72300000.0,23100000.0,2011.0,dolphin tale,58386779.0,1.578021054054054,tt1564349,Dolphin Tale,Dolphin Tale,2011,113,"Drama,Family",6.9,20746,Drama,dolphin tale
94,2018-02-23,game night,37000000.0,69179066.0,117679066.0,2018,WB (NL),69200000.0,48500000.0,2018.0,game night,80679066.0,2.180515297297297,tt2704998,Game Night,Game Night,2018,100,"Action,Comedy,Crime",7.0,163279,Action,game night
98,2016-02-12,how to be single,37000000.0,46843513.0,112343513.0,2016,WB (NL),46800000.0,65500000.0,2016.0,how to be single,75343513.0,2.0363111621621623,tt1292566,How to Be Single,How to Be Single,2016,110,"Comedy,Drama,Romance",6.1,74329,Comedy,how to be single
99,2010-02-26,cop out,37000000.0,44875481.0,55575481.0,2010,WB,44900000.0,10700000.0,2010.0,cop out,18575481.0,0.502040027027027,tt1385867,Cop Out,Cop Out,2010,107,"Action,Comedy,Crime",5.6,81656,Action,cop out
100,2011-01-28,the rite,37000000.0,33047633.0,96047633.0,2011,WB (NL),33000000.0,63000000.0,2011.0,the rite,59047633.0,1.595881972972973,tt1161864,The Rite,The Rite,2011,114,"Drama,Horror,Mystery",6.0,85604,Drama,the rite
3,2015-05-29,aloha,37000000.0,21052030.0,26252030.0,2015,Sony,21100000.0,5200000.0,2015.0,aloha,-10747970.0,-0.2904856756756757,tt1243974,Aloha,Aloha,2015,105,"Comedy,Drama,Romance",5.4,54646,Comedy,aloha
5,2018-10-05,a star is born,36000000.0,215288866.0,,2018,unknown,,,,a star is born,,,tt1517451,A Star Is Born,A Star Is Born,2018,136,"Drama,Music,Romance",7.8,249245,Drama,a star is born
5,2018-10-05,a star is born,36000000.0,215288866.0,,2018,unknown,,,,a star is born,,,tt1776364,A Star is Born,Zvezda je rodena,2010,75,"Documentary,Music",5.1,15,Documentary,a star is born
10,2010-03-26,hot tub time machine,36000000.0,50269859.0,64569859.0,2010,MGM,50300000.0,14300000.0,2010.0,hot tub time machine,28569859.0,0.7936071944444445,tt1231587,Hot Tub Time Machine,Hot Tub Time Machine,2010,101,"Comedy,Sci-Fi",6.4,153962,Comedy,hot tub time machine
11,1997-05-02,breakdown,36000000.0,50159144.0,,1997,unknown,,,,breakdown,,,tt3381610,Breakdown,Breakdown,2016,110,"Drama,Thriller",5.3,689,Drama,breakdown
12,2014-09-12,dolphin tale 2,36000000.0,42024533.0,57824533.0,2014,WB,42000000.0,15800000.0,2014.0,dolphin tale 2,21824533.0,0.6062370277777778,tt2978462,Dolphin Tale 2,Dolphin Tale 2,2014,107,"Drama,Family",6.4,7579,Drama,dolphin tale 2
13,2016-12-16,collateral beauty,36000000.0,31016021.0,88516021.0,2016,WB (NL),31000000.0,57500000.0,2016.0,collateral beauty,52516021.0,1.4587783611111111,tt4682786,Collateral Beauty,Collateral Beauty,2016,97,"Drama,Romance",6.8,78764,Drama,collateral beauty
21,2011-05-06,there be dragons,36000000.0,1069334.0,,2011,unknown,,,,there be dragons,,,tt1316616,There Be Dragons,There Be Dragons,2011,122,"Biography,Drama,War",5.8,4326,Biography,there be dragons
22,2017-04-14,queen of the desert,36000000.0,0.0,,2017,unknown,,,,queen of the desert,,,tt1837636,Queen of the Desert,Queen of the Desert,2015,128,"Adventure,Biography,Drama",5.7,8529,Adventure,queen of the desert
24,2017-09-08,it,35000000.0,327481748.0,700381748.0,2017,WB (NL),327500000.0,372900000.0,2017.0,it,665381748.0,19.010907085714287,tt1396484,It,It,2017,135,"Horror,Thriller",7.4,359123,Horror,it
29,2010-12-22,true grit,35000000.0,171243005.0,252243005.0,2010,Par.,171200000.0,81000000.0,2010.0,true grit,217243005.0,6.206943,tt1403865,True Grit,True Grit,2010,110,"Adventure,Drama,Western",7.6,284034,Adventure,true grit
31,1998-09-18,rush hour,35000000.0,141186864.0,,1998,unknown,,,,rush hour,,,tt7620218,Rush Hour,Rush Hour,2018,80,Documentary,6.6,71,Documentary,rush hour
32,2013-02-08,identity thief,35000000.0,134506920.0,174006920.0,2013,Uni.,134500000.0,39500000.0,2013.0,identity thief,139006920.0,3.9716262857142857,tt2024432,Identity Thief,Identity Thief,2013,111,"Adventure,Comedy,Crime",5.7,115624,Adventure,identity thief
34,2011-07-08,horrible bosses,35000000.0,117538559.0,209638559.0,2011,WB (NL),117500000.0,92100000.0,2011.0,horrible bosses,174638559.0,4.989673114285714,tt1499658,Horrible Bosses,Horrible Bosses,2011,98,"Comedy,Crime",6.9,398695,Comedy,horrible bosses
36,2015-07-17,trainwreck,35000000.0,110212700.0,140812700.0,2015,Uni.,110200000.0,30600000.0,2015.0,trainwreck,105812700.0,3.02322,tt3152624,Trainwreck,Trainwreck,2015,125,"Comedy,Drama,Romance",6.2,121860,Comedy,trainwreck
37,2013-12-13,saving mr. banks,35000000.0,83299761.0,117899761.0,2013,BV,83300000.0,34600000.0,2013.0,saving mr. banks,82899761.0,2.3685646,tt2140373,Saving Mr. Banks,Saving Mr. Banks,2013,125,"Biography,Comedy,Drama",7.5,140678,Biography,saving mr. banks
39,2008-03-28,21,35000000.0,81159365.0,,2008,unknown,,,,21,,,tt5097012,21,21,2016,98,Horror,7.2,23,Horror,21
45,2012-12-21,this is 40,35000000.0,67544505.0,88044505.0,2012,Uni.,67500000.0,20500000.0,2012.0,this is 40,53044505.0,1.5155572857142856,tt1758830,This Is 40,This Is 40,2012,134,"Comedy,Romance",6.2,118862,Comedy,this is 40
47,2005-07-29,sky high,35000000.0,63939454.0,,2005,unknown,,,,sky high,,,tt2466604,Sky High,Sky High,2012,70,"Adventure,Documentary,Drama",7.4,10,Adventure,sky high
49,2010-04-30,a nightmare on elm street,35000000.0,63075011.0,,2010,unknown,,,,a nightmare on elm street,,,tt1179056,A Nightmare on Elm Street,A Nightmare on Elm Street,2010,95,"Crime,Drama,Horror",5.2,85497,Crime,a nightmare on elm street
17,1984-11-09,a nightmare on elm street,1800000.0,25504513.0,,1984,unknown,,,,a nightmare on elm street,,,tt1179056,A Nightmare on Elm Street,A Nightmare on Elm Street,2010,95,"Crime,Drama,Horror",5.2,85497,Crime,a nightmare on elm street
53,2010-10-08,secretariat,35000000.0,59699513.0,60236513.0,2010,BV,59700000.0,537000.0,2010.0,secretariat,25236513.0,0.7210432285714286,tt1028576,Secretariat,Secretariat,2010,123,"Biography,Drama,Family",7.2,24536,Biography,secretariat
55,2011-07-22,friends with benefits,35000000.0,55802754.0,149502754.0,2011,SGem,55800000.0,93700000.0,2011.0,friends with benefits,114502754.0,3.271507257142857,tt1632708,Friends with Benefits,Friends with Benefits,2011,109,"Comedy,Romance",6.6,317338,Comedy,friends with benefits
56,2016-05-20,neighbors 2: sorority rising,35000000.0,55340730.0,107940730.0,2016,Uni.,55500000.0,52600000.0,2016.0,neighbors 2: sorority rising,72940730.0,2.0840208571428573,tt4438848,Neighbors 2: Sorority Rising,Neighbors 2: Sorority Rising,2016,92,Comedy,5.7,102793,Comedy,neighbors 2: sorority rising
59,2018-06-29,sicario: day of the soldado,35000000.0,50065850.0,75865850.0,2018,Sony,50100000.0,25800000.0,2018.0,sicario: day of the soldado,40865850.0,1.1675957142857143,tt5052474,Sicario: Day of the Soldado,Sicario: Day of the Soldado,2018,122,"Action,Crime,Drama",7.1,95650,Action,sicario: day of the soldado
62,2015-05-22,poltergeist,35000000.0,47425125.0,,2015,unknown,,,,poltergeist,,,tt1029360,Poltergeist,Poltergeist,2015,93,"Horror,Thriller",4.9,51538,Horror,poltergeist
22,1982-06-04,poltergeist,10700000.0,74706019.0,,1982,unknown,,,,poltergeist,,,tt1029360,Poltergeist,Poltergeist,2015,93,"Horror,Thriller",4.9,51538,Horror,poltergeist
63,2018-10-12,goosebumps 2: haunted halloween,35000000.0,46697321.0,93297321.0,2018,Sony,46700000.0,46600000.0,2018.0,goosebumps 2: haunted halloween,58297321.0,1.665637742857143,tt5664636,Goosebumps 2: Haunted Halloween,Goosebumps 2: Haunted Halloween,2018,90,"Adventure,Comedy,Family",5.6,11459,Adventure,goosebumps 2: haunted halloween
64,2018-01-19,12 strong,35000000.0,45819713.0,67419713.0,2018,WB,45800000.0,21600000.0,2018.0,12 strong,32419713.0,0.9262775142857143,tt1413492,12 Strong,12 Strong,2018,130,"Action,Drama,History",6.6,50155,Action,12 strong
72,2011-05-06,something borrowed,35000000.0,39046489.0,60146489.0,2011,WB,39000000.0,21100000.0,2011.0,something borrowed,25146489.0,0.7184711142857143,tt0491152,Something Borrowed,Something Borrowed,2011,112,"Comedy,Drama,Romance",5.9,54314,Comedy,something borrowed
74,2011-10-28,in time,35000000.0,37553932.0,173953932.0,2011,Fox,37500000.0,136400000.0,2011.0,in time,138953932.0,3.970112342857143,tt1637688,In Time,In Time,2011,109,"Action,Crime,Drama",6.7,346077,Action,in time
75,2010-04-23,the back-up plan,35000000.0,37490007.0,77490007.0,2010,CBS,37500000.0,40000000.0,2010.0,the back-up plan,42490007.0,1.2140002,tt1212436,The Back-up Plan,The Back-up Plan,2010,104,"Comedy,Romance",5.4,46128,Comedy,the back-up plan
76,2011-11-09,j. edgar,35000000.0,37306030.0,84906030.0,2011,WB,37300000.0,47600000.0,2011.0,j. edgar,49906030.0,1.4258865714285713,tt1616195,J. Edgar,J. Edgar,2011,137,"Biography,Crime,Drama",6.6,115925,Biography,j. edgar
78,2018-08-17,mile 22,35000000.0,36108758.0,66308758.0,2018,STX,36100000.0,30200000.0,2018.0,mile 22,31308758.0,0.8945359428571429,tt4560436,Mile 22,Mile 22,2018,94,"Action,Adventure,Thriller",6.1,47862,Action,mile 22
79,2015-05-08,hot pursuit,35000000.0,34580201.0,51680201.0,2015,WB (NL),34600000.0,17100000.0,2015.0,hot pursuit,16680201.0,0.4765771714285714,tt2967224,Hot Pursuit,Hot Pursuit,2015,87,"Action,Comedy,Crime",5.1,44723,Action,hot pursuit
80,2015-12-25,concussion,35000000.0,34531832.0,,2015,unknown,,,,concussion,,,tt2296697,Concussion,Concussion,2013,96,Drama,5.7,3813,Drama,concussion
80,2015-12-25,concussion,35000000.0,34531832.0,,2015,unknown,,,,concussion,,,tt3322364,Concussion,Concussion,2015,123,"Biography,Drama,Sport",7.1,77576,Biography,concussion
81,2017-10-13,the foreigner,35000000.0,34393507.0,145393507.0,2017,STX,34400000.0,111000000.0,2017.0,the foreigner,110393507.0,3.1541002,tt1615160,The Foreigner,The Foreigner,2017,113,"Action,Thriller",7.0,81288,Action,the foreigner
81,2017-10-13,the foreigner,35000000.0,34393507.0,145393507.0,2017,STX,34400000.0,111000000.0,2017.0,the foreigner,110393507.0,3.1541002,tt2170623,The Foreigner,The Foreigner,2012,100,"Comedy,Romance",6.8,1526,Comedy,the foreigner
82,2004-12-03,closer,35000000.0,33987757.0,,2004,unknown,,,,closer,,,tt3667264,Closer,Closer,2015,87,Drama,5.7,172,Drama,closer
89,2018-06-01,adrift,35000000.0,31445011.0,59945011.0,2018,STX,31400000.0,28500000.0,2018.0,adrift,24945011.0,0.7127146,tt2408090,Adrift,A la deriva,2012,65,Drama,6.0,6,Drama,adrift
89,2018-06-01,adrift,35000000.0,31445011.0,59945011.0,2018,STX,31400000.0,28500000.0,2018.0,adrift,24945011.0,0.7127146,tt6306064,Adrift,Adrift,2018,96,"Action,Adventure,Biography",6.6,34115,Action,adrift
91,2017-01-06,underworld: blood wars,35000000.0,30353973.0,81053973.0,2017,SGem,30400000.0,50700000.0,2017.0,underworld: blood wars,46053973.0,1.3158278,tt3717252,Underworld: Blood Wars,Underworld: Blood Wars,2016,91,"Action,Adventure,Fantasy",5.8,62942,Action,underworld: blood wars
96,2011-09-23,abduction,35000000.0,28087155.0,82087155.0,2011,LGF,28100000.0,54000000.0,2011.0,abduction,47087155.0,1.3453472857142856,tt1600195,Abduction,Abduction,2011,106,"Action,Mystery,Thriller",5.1,72552,Action,abduction
96,2011-09-23,abduction,35000000.0,28087155.0,82087155.0,2011,LGF,28100000.0,54000000.0,2011.0,abduction,47087155.0,1.3453472857142856,tt2447982,Abduction,Abduction,2011,84,"Horror,Thriller",5.2,10,Horror,abduction
96,2011-09-23,abduction,35000000.0,28087155.0,82087155.0,2011,LGF,28100000.0,54000000.0,2011.0,abduction,47087155.0,1.3453472857142856,tt5943940,Abduction,Abduction,2017,90,"Action,Comedy,Drama",3.0,60,Action,abduction
96,2011-09-23,abduction,35000000.0,28087155.0,82087155.0,2011,LGF,28100000.0,54000000.0,2011.0,abduction,47087155.0,1.3453472857142856,tt7867360,Abduction,Abduction,2019,106,"Action,Sci-Fi",6.1,1592,Action,abduction
100,2012-10-19,alex cross,35000000.0,25888412.0,34588412.0,2012,LG/S,25900000.0,8700000.0,2012.0,alex cross,-411588.0,-0.011759657142857143,tt1712170,Alex Cross,Alex Cross,2012,101,"Action,Crime,Mystery",5.1,30951,Action,alex cross
4,2001-11-09,heist,35000000.0,23483357.0,,2001,unknown,,,,heist,,,tt3276924,Heist,Heist,2015,93,"Action,Crime,Thriller",6.1,24740,Action,heist
4,2001-11-09,heist,35000000.0,23483357.0,,2001,unknown,,,,heist,,,tt5112932,Heist,Heist,2015,47,Action,6.4,5,Action,heist
25,2015-11-13,heist,8900000.0,50136.0,,2015,unknown,,,,heist,,,tt3276924,Heist,Heist,2015,93,"Action,Crime,Thriller",6.1,24740,Action,heist
25,2015-11-13,heist,8900000.0,50136.0,,2015,unknown,,,,heist,,,tt5112932,Heist,Heist,2015,47,Action,6.4,5,Action,heist
6,2016-03-04,whiskey tango foxtrot,35000000.0,23083334.0,,2016,unknown,,,,whiskey tango foxtrot,,,tt3553442,Whiskey Tango Foxtrot,Whiskey Tango Foxtrot,2016,112,"Biography,Comedy,Drama",6.6,46265,Biography,whiskey tango foxtrot
8,2015-08-21,hitman: agent 47,35000000.0,22467450.0,82367450.0,2015,Fox,22500000.0,59900000.0,2015.0,hitman: agent 47,47367450.0,1.3533557142857142,tt2679042,Hitman: Agent 47,Hitman: Agent 47,2015,96,"Action,Adventure,Crime",5.7,80510,Action,hitman: agent 47
10,2012-08-24,premium rush,35000000.0,20275446.0,31075446.0,2012,Sony,20300000.0,10800000.0,2012.0,premium rush,-3924554.0,-0.11213011428571429,tt1547234,Premium Rush,Premium Rush,2012,91,"Action,Crime,Thriller",6.5,105279,Action,premium rush
11,2013-01-18,broken city,35000000.0,19701164.0,,2013,unknown,,,,broken city,,,tt1235522,Broken City,Broken City,2013,109,"Crime,Drama,Thriller",6.2,71704,Crime,broken city
14,2005-02-25,cursed,35000000.0,19294901.0,,2005,unknown,,,,cursed,,,tt3705608,Cursed,Wyklety,2017,112,"Drama,War",6.2,376,Drama,cursed
14,2005-02-25,cursed,35000000.0,19294901.0,,2005,unknown,,,,cursed,,,tt4024312,Cursed,Cursed,2016,81,Comedy,8.3,6,Comedy,cursed
17,2010-04-30,furry vengeance,35000000.0,17630465.0,36230465.0,2010,Sum.,17600000.0,18600000.0,2010.0,furry vengeance,1230465.0,0.03515614285714286,tt0492389,Furry Vengeance,Furry Vengeance,2010,92,"Comedy,Family",3.8,14700,Comedy,furry vengeance
18,2013-01-25,parker,35000000.0,17616641.0,46216641.0,2013,FD,17600000.0,28600000.0,2013.0,parker,11216641.0,0.32047545714285713,tt1904996,Parker,Parker,2013,118,"Action,Crime,Thriller",6.2,105529,Action,parker
20,2000-09-15,bait,35000000.0,15325127.0,,2000,unknown,,,,bait,,,tt1438173,Bait,Bait,2012,93,"Action,Adventure,Drama",5.2,14627,Action,bait
20,2000-09-15,bait,35000000.0,15325127.0,,2000,unknown,,,,bait,,,tt3700594,Bait,Bait,2014,82,"Drama,Thriller",5.5,448,Drama,bait
20,2000-09-15,bait,35000000.0,15325127.0,,2000,unknown,,,,bait,,,tt9652782,Bait,Bait,2019,89,Drama,7.0,79,Drama,bait
24,2011-05-27,the tree of life,35000000.0,13305665.0,54305665.0,2011,FoxS,13300000.0,41000000.0,2011.0,the tree of life,19305665.0,0.5515904285714286,tt0478304,The Tree of Life,The Tree of Life,2011,139,"Drama,Fantasy",6.8,156266,Drama,the tree of life
26,2006-08-11,zoom,35000000.0,11989328.0,,2006,unknown,,,,zoom,,,tt3763866,Zoom,Zoom,2015,96,"Animation,Comedy,Drama",6.1,2323,Animation,zoom
26,2006-08-11,zoom,35000000.0,11989328.0,,2006,unknown,,,,zoom,,,tt5815346,Zoom,Zoom,2016,158,"Comedy,Drama,Romance",7.2,85,Comedy,zoom
29,2014-03-28,sabotage,35000000.0,10508518.0,,2014,unknown,,,,sabotage,,,tt1742334,Sabotage,Sabotage,2014,109,"Action,Crime,Drama",5.7,55597,Action,sabotage
32,2015-03-06,unfinished business,35000000.0,10219501.0,14419501.0,2015,Fox,10200000.0,4200000.0,2015.0,unfinished business,-20580499.0,-0.5880142571428572,tt2358925,Unfinished Business,Unfinished Business,2015,91,"Comedy,Drama",5.4,29004,Comedy,unfinished business
33,2015-09-30,the walk,35000000.0,10161183.0,61161183.0,2015,TriS,10100000.0,51000000.0,2015.0,the walk,26161183.0,0.7474623714285714,tt2159988,The Walk,The Walk,2015,89,"Crime,Thriller",6.8,126,Crime,the walk
33,2015-09-30,the walk,35000000.0,10161183.0,61161183.0,2015,TriS,10100000.0,51000000.0,2015.0,the walk,26161183.0,0.7474623714285714,tt3488710,The Walk,The Walk,2015,123,"Adventure,Biography,Drama",7.3,109714,Adventure,the walk
35,2013-11-29,mandela: long walk to freedom,35000000.0,8323085.0,27323085.0,2013,Wein.,8300000.0,19000000.0,2013.0,mandela: long walk to freedom,-7676915.0,-0.21934042857142858,tt2304771,Mandela: Long Walk to Freedom,Mandela: Long Walk to Freedom,2013,141,"Biography,Drama,History",7.1,25027,Biography,mandela: long walk to freedom
39,2016-03-11,the brothers grimsby,35000000.0,6864016.0,25164016.0,2016,Sony,6900000.0,18300000.0,2016.0,the brothers grimsby,-9835984.0,-0.2810281142857143,tt3381008,The Brothers Grimsby,Grimsby,2016,83,"Action,Adventure,Comedy",6.2,82123,Action,the brothers grimsby
40,2017-10-20,the snowman,35000000.0,6670765.0,43070765.0,2017,Uni.,6700000.0,36400000.0,2017.0,the snowman,8070765.0,0.23059328571428572,tt1758810,The Snowman,The Snowman,2017,119,"Crime,Drama,Mystery",5.1,47890,Crime,the snowman
44,2011-01-28,biutiful,35000000.0,5101237.0,25101237.0,2011,RAtt.,5100000.0,20000000.0,2011.0,biutiful,-9898763.0,-0.2828218,tt1164999,Biutiful,Biutiful,2010,148,"Drama,Romance",7.5,80382,Drama,biutiful
47,2016-04-22,a hologram for the king,35000000.0,4212494.0,,2016,unknown,,,,a hologram for the king,,,tt2980210,A Hologram for the King,A Hologram for the King,2016,98,"Comedy,Drama,Romance",6.1,36062,Comedy,a hologram for the king
49,1986-10-03,playing for keeps,35000000.0,2000000.0,,1986,unknown,,,,playing for keeps,,,tt1540128,Playing for Keeps,Playing for Keeps,2012,105,"Comedy,Romance,Sport",5.7,27389,Comedy,playing for keeps
53,2012-09-14,stolen,35000000.0,289773.0,,2012,unknown,,,,stolen,,,tt1656186,Stolen,Stolen,2012,96,"Action,Crime,Thriller",5.5,41313,Action,stolen
53,2012-09-14,stolen,35000000.0,289773.0,,2012,unknown,,,,stolen,,,tt6215338,Stolen,Stolen,2016,86,"Crime,Drama",4.5,31,Crime,stolen
54,2011-10-14,trespass,35000000.0,16816.0,,2011,unknown,,,,trespass,,,tt1674784,Trespass,Trespass,2011,91,"Crime,Drama,Thriller",5.3,39404,Crime,trespass
56,2015-03-13,the lovers,35000000.0,0.0,,2015,unknown,,,,the lovers,,,tt1321869,The Lovers,The Lovers,2013,109,"Action,Adventure,Romance",4.6,2867,Action,the lovers
56,2015-03-13,the lovers,35000000.0,0.0,,2015,unknown,,,,the lovers,,,tt5770620,The Lovers,The Lovers,2017,97,"Comedy,Drama,Romance",6.1,2751,Comedy,the lovers
58,2011-12-25,the darkest hour,34800000.0,21443494.0,64643494.0,2011,Sum.,21400000.0,43200000.0,2011.0,the darkest hour,29843494.0,0.8575716666666666,tt1093357,The Darkest Hour,The Darkest Hour,2011,89,"Action,Adventure,Horror",4.9,55071,Action,the darkest hour
58,2011-12-25,the darkest hour,34800000.0,21443494.0,64643494.0,2011,Sum.,21400000.0,43200000.0,2011.0,the darkest hour,29843494.0,0.8575716666666666,tt4249090,The Darkest Hour,The Darkest Hour,2014,52,"Documentary,News",6.4,8,Documentary,the darkest hour
59,2017-06-28,baby driver,34000000.0,107825862.0,226925862.0,2017,TriS,107800000.0,119100000.0,2017.0,baby driver,192925862.0,5.674290058823529,tt3890160,Baby Driver,Baby Driver,2017,113,"Action,Crime,Drama",7.6,363977,Action,baby driver
60,2014-09-19,the maze runner,34000000.0,102427862.0,348327862.0,2014,Fox,102400000.0,245900000.0,2014.0,the maze runner,314327862.0,9.244937117647058,tt1790864,The Maze Runner,The Maze Runner,2014,113,"Action,Mystery,Sci-Fi",6.8,387038,Action,the maze runner
61,2015-04-10,the longest ride,34000000.0,37446117.0,62946117.0,2015,Fox,37400000.0,25500000.0,2015.0,the longest ride,28946117.0,0.8513563823529412,tt2726560,The Longest Ride,The Longest Ride,2015,123,"Drama,Romance",7.1,70327,Drama,the longest ride
64,2018-08-03,the darkest minds,34000000.0,12695691.0,41095691.0,2018,Fox,12700000.0,28400000.0,2018.0,the darkest minds,7095691.0,0.20869679411764705,tt4073790,The Darkest Minds,The Darkest Minds,2018,104,"Action,Adventure,Drama",5.7,21340,Action,the darkest minds
68,2014-09-05,thunder and the house of magic,34000000.0,4091.0,,2014,unknown,,,,thunder and the house of magic,,,tt3148834,Thunder and the House of Magic,The House of Magic,2013,85,"Adventure,Animation,Comedy",6.3,5626,Adventure,thunder and the house of magic
73,2016-07-08,mike and dave need wedding dates,33000000.0,46009673.0,77109673.0,2016,Fox,46000000.0,31100000.0,2016.0,mike and dave need wedding dates,44109673.0,1.3366567575757575,tt2823054,Mike and Dave Need Wedding Dates,Mike and Dave Need Wedding Dates,2016,98,"Adventure,Comedy,Romance",6.0,74849,Adventure,mike and dave need wedding dates
74,2012-07-27,step up revolution,33000000.0,35074677.0,140474677.0,2012,LG/S,35100000.0,105400000.0,2012.0,step up revolution,107474677.0,3.256808393939394,tt1800741,Step Up Revolution,Step Up Revolution,2012,99,"Drama,Music,Romance",6.5,51295,Drama,step up revolution
77,2000-09-08,the watcher,33000000.0,28946615.0,,2000,unknown,,,,the watcher,,,tt3261880,The Watcher,The Watcher,2014,45,Drama,7.8,8,Drama,the watcher
77,2000-09-08,the watcher,33000000.0,28946615.0,,2000,unknown,,,,the watcher,,,tt5497458,The Watcher,The Watcher,2016,89,"Horror,Thriller",5.4,2720,Horror,the watcher
77,2000-09-08,the watcher,33000000.0,28946615.0,,2000,unknown,,,,the watcher,,,tt8063826,The Watcher,The Watcher,2018,97,"Horror,Mystery,Thriller",4.4,554,Horror,the watcher
78,2012-04-27,safe,33000000.0,17142080.0,,2012,unknown,,,,safe,,,tt1656190,Safe,Safe,2012,94,"Action,Crime,Thriller",6.5,96388,Action,safe
78,2012-04-27,safe,33000000.0,17142080.0,,2012,unknown,,,,safe,,,tt6383726,Safe,Safe,2017,75,Thriller,3.8,41,Thriller,safe
79,2008-03-14,doomsday,33000000.0,11008770.0,,2008,unknown,,,,doomsday,,,tt2805976,Doomsday,Doomsday,2015,95,"Action,Sci-Fi",3.8,146,Action,doomsday
82,2015-07-31,the young and prodigious t.s. spivet,33000000.0,176847.0,,2015,unknown,,,,the young and prodigious t.s. spivet,,,tt1981107,The Young and Prodigious T.S. Spivet,The Young and Prodigious T.S. Spivet,2013,105,"Action,Adventure,Comedy",7.1,15372,Action,the young and prodigious t.s. spivet
83,2015-10-30,freaks of nature,33000000.0,70958.0,,2015,unknown,,,,freaks of nature,,,tt1817771,Freaks of Nature,Freaks of Nature,2015,92,"Comedy,Horror,Sci-Fi",5.9,9670,Comedy,freaks of nature
85,2011-05-13,bridesmaids,32500000.0,169211718.0,288511718.0,2011,Uni.,169100000.0,119300000.0,2011.0,bridesmaids,256011718.0,7.877283630769231,tt1478338,Bridesmaids,Bridesmaids,2011,125,"Comedy,Romance",6.8,249501,Comedy,bridesmaids
87,2013-04-26,the big wedding,32500000.0,21819348.0,46519348.0,2013,LGF,21800000.0,24700000.0,2013.0,the big wedding,14019348.0,0.43136455384615385,tt1931435,The Big Wedding,The Big Wedding,2013,89,"Comedy,Drama,Romance",5.6,44221,Comedy,the big wedding
88,2012-02-24,wanderlust,32500000.0,17288155.0,21488155.0,2012,Uni.,17500000.0,4200000.0,2012.0,wanderlust,-11011845.0,-0.338826,tt1655460,Wanderlust,Wanderlust,2012,98,"Comedy,Romance",5.6,69081,Comedy,wanderlust
91,2013-06-12,this is the end,32000000.0,101470202.0,126070202.0,2013,Sony,101500000.0,24600000.0,2013.0,this is the end,94070202.0,2.9396938125,tt1245492,This Is the End,This Is the End,2013,107,"Comedy,Fantasy",6.6,360556,Comedy,this is the end
95,2010-08-27,takers,32000000.0,57744720.0,69044720.0,2010,SGem,57700000.0,11300000.0,2010.0,takers,37044720.0,1.1576475,tt1135084,Takers,Takers,2010,107,"Action,Crime,Thriller",6.2,53377,Action,takers
96,2011-04-01,source code,32000000.0,54712227.0,147312227.0,2011,Sum.,54700000.0,92600000.0,2011.0,source code,115312227.0,3.60350709375,tt0945513,Source Code,Source Code,2011,93,"Action,Drama,Sci-Fi",7.5,452036,Action,source code
99,2018-04-20,i feel pretty,32000000.0,48795601.0,94495601.0,2018,STX,48800000.0,45700000.0,2018.0,i feel pretty,62495601.0,1.95298753125,tt6791096,I Feel Pretty,I Feel Pretty,2018,110,"Comedy,Romance",5.4,39936,Comedy,i feel pretty
1,2011-02-18,"big mommas: like father, like son",32000000.0,37915414.0,82715414.0,2011,Fox,37900000.0,44800000.0,2011.0,"big mommas: like father, like son",50715414.0,1.5848566875,tt1464174,"Big Mommas: Like Father, Like Son","Big Mommas: Like Father, Like Son",2011,107,"Action,Comedy,Crime",4.4,23520,Action,"big mommas: like father, like son"
2,1993-01-15,alive,32000000.0,36299670.0,,1993,unknown,,,,alive,,,tt3797214,Alive,Sanda,2014,179,Drama,6.8,44,Drama,alive
2,1993-01-15,alive,32000000.0,36299670.0,,1993,unknown,,,,alive,,,tt7611352,Alive,Alive,2018,91,"Horror,Thriller",6.8,26,Horror,alive
2,1993-01-15,alive,32000000.0,36299670.0,,1993,unknown,,,,alive,,,tt9684016,Alive,Alive,2016,95,"Adventure,Biography,Drama",7.1,15,Adventure,alive
7,2013-03-15,the incredible burt wonderstone,32000000.0,22537881.0,27437881.0,2013,WB (NL),22500000.0,4900000.0,2013.0,the incredible burt wonderstone,-4562119.0,-0.14256621875,tt0790628,The Incredible Burt Wonderstone,The Incredible Burt Wonderstone,2013,100,"Adventure,Comedy,Fantasy",5.9,67549,Adventure,the incredible burt wonderstone
10,2018-10-12,bad times at the el royale,32000000.0,17839115.0,31839115.0,2018,Fox,17800000.0,14000000.0,2018.0,bad times at the el royale,-160885.0,-0.00502765625,tt6628394,Bad Times at the El Royale,Bad Times at the El Royale,2018,141,"Crime,Drama,Mystery",7.1,86318,Crime,bad times at the el royale
11,2010-09-03,going the distance,32000000.0,17804299.0,42004299.0,2010,WB (NL),17800000.0,24200000.0,2010.0,going the distance,10004299.0,0.31263434375,tt1322312,Going the Distance,Going the Distance,2010,102,"Comedy,Romance",6.3,54421,Comedy,going the distance
13,2010-03-19,repo men,32000000.0,13942007.0,18542007.0,2010,Uni.,13800000.0,4600000.0,2010.0,repo men,-13457993.0,-0.42056228125,tt1053424,Repo Men,Repo Men,2010,111,"Action,Crime,Sci-Fi",6.3,96144,Action,repo men
21,2016-04-15,criminal,31500000.0,14708696.0,,2016,unknown,,,,criminal,,,tt3014866,Criminal,Criminal,2016,113,"Action,Crime,Drama",6.3,51666,Action,criminal
22,2013-04-12,42,31000000.0,95020213.0,,2013,unknown,,,,42,,,tt0453562,42,42,2013,128,"Biography,Drama,Sport",7.5,77703,Biography,42
23,2012-11-02,flight,31000000.0,93772375.0,161772375.0,2012,Par.,93800000.0,68000000.0,2012.0,flight,130772375.0,4.21846370967742,tt1907668,Flight,Flight,2012,138,"Drama,Thriller",7.3,303009,Drama,flight
27,2014-03-07,the grand budapest hotel,31000000.0,59076019.0,174576019.0,2014,FoxS,59300000.0,115500000.0,2014.0,the grand budapest hotel,143576019.0,4.631484483870968,tt2278388,The Grand Budapest Hotel,The Grand Budapest Hotel,2014,99,"Adventure,Comedy,Crime",8.1,633604,Adventure,the grand budapest hotel
28,2015-07-29,vacation,31000000.0,58884188.0,104884188.0,2015,WB (NL),58900000.0,46000000.0,2015.0,vacation,73884188.0,2.3833609032258063,tt1524930,Vacation,Vacation,2015,99,"Adventure,Comedy",6.1,87582,Adventure,vacation
31,2000-04-28,frequency,31000000.0,44983704.0,,2000,unknown,,,,frequency,,,tt2353965,Frequency,Distraction,2012,60,"Sci-Fi,Thriller",5.9,16,Sci-Fi,frequency
33,2010-01-22,extraordinary measures,31000000.0,12482741.0,15582741.0,2010,CBS,12100000.0,3100000.0,2010.0,extraordinary measures,-15417259.0,-0.497330935483871,tt1244659,Extraordinary Measures,Extraordinary Measures,2010,106,Drama,6.5,15673,Drama,extraordinary measures
34,2017-08-25,birth of the dragon,31000000.0,6901965.0,,2017,unknown,,,,birth of the dragon,,,tt2720826,Birth of the Dragon,Birth of the Dragon,2016,95,"Action,Biography,Drama",5.4,6090,Action,birth of the dragon
38,2018-08-15,crazy rich asians,30000000.0,174532921.0,238532921.0,2018,WB,174500000.0,64000000.0,2018.0,crazy rich asians,208532921.0,6.951097366666667,tt3104988,Crazy Rich Asians,Crazy Rich Asians,2018,120,"Comedy,Romance",7.0,96617,Comedy,crazy rich asians
40,1999-06-25,big daddy,30000000.0,163479795.0,,1999,unknown,,,,big daddy,,,tt6673682,Big Daddy,Big Daddy,2017,138,Drama,6.6,7,Drama,big daddy
42,2012-02-10,the vow,30000000.0,125014030.0,196114030.0,2012,SGem,125000000.0,71100000.0,2012.0,the vow,166114030.0,5.537134333333333,tt1606389,The Vow,The Vow,2012,104,"Drama,Romance",6.8,173629,Drama,the vow
43,1994-06-10,speed,30000000.0,121248145.0,,1994,unknown,,,,speed,,,tt4036590,Speed,Speed,2015,108,Drama,5.9,9,Drama,speed
45,2013-08-16,lee daniels' the butler,30000000.0,116632095.0,176632095.0,2013,Wein.,116600000.0,60000000.0,2013.0,lee daniels' the butler,146632095.0,4.8877365,tt1327773,Lee Daniels' The Butler,The Butler,2013,132,"Biography,Drama",7.2,102468,Biography,lee daniels' the butler
57,2015-12-18,sisters,30000000.0,87044645.0,105044645.0,2015,Uni.,87000000.0,18000000.0,2015.0,sisters,75044645.0,2.501488166666667,tt1850457,Sisters,Sisters,2015,118,Comedy,6.0,58994,Comedy,sisters
57,2015-12-18,sisters,30000000.0,87044645.0,105044645.0,2015,Uni.,87000000.0,18000000.0,2015.0,sisters,75044645.0,2.501488166666667,tt2612800,Sisters,Schwestern,2013,84,Drama,5.7,37,Drama,sisters
61,2004-06-25,the notebook,30000000.0,81001787.0,,2004,unknown,,,,the notebook,,,tt2324384,The Notebook,A nagy füzet,2013,112,"Drama,War",7.0,2767,Drama,the notebook
69,2012-09-28,looper,30000000.0,66486205.0,176486205.0,2012,TriS,66500000.0,110000000.0,2012.0,looper,146486205.0,4.8828735,tt1276104,Looper,Looper,2012,113,"Action,Crime,Drama",7.4,500595,Action,looper
70,2013-02-01,warm bodies,30000000.0,66380662.0,116980662.0,2013,LG/S,66400000.0,50600000.0,2013.0,warm bodies,86980662.0,2.8993554,tt1588173,Warm Bodies,Warm Bodies,2013,98,"Comedy,Horror,Romance",6.9,208709,Comedy,warm bodies
72,2014-01-17,the nut job,30000000.0,64251538.0,120851538.0,2014,ORF,64300000.0,56600000.0,2014.0,the nut job,90851538.0,3.0283846,tt1821658,The Nut Job,The Nut Job,2014,85,"Adventure,Animation,Comedy",5.7,24587,Adventure,the nut job
73,2001-02-16,down to earth,30000000.0,64172251.0,,2001,unknown,,,,down to earth,,,tt2223552,Down to Earth,Down to Earth,2015,90,"Adventure,Documentary",6.6,260,Adventure,down to earth
75,2012-08-08,hope springs,30000000.0,63536011.0,114236011.0,2012,Sony,63500000.0,50700000.0,2012.0,hope springs,84236011.0,2.8078670333333333,tt1535438,Hope Springs,Hope Springs,2012,100,"Comedy,Drama,Romance",6.3,38667,Comedy,hope springs
81,2009-01-09,bride wars,30000000.0,58715510.0,,2009,unknown,,,,bride wars,,,tt3833460,Bride Wars,Xin niang da zuo zhan,2015,90,Comedy,4.4,147,Comedy,bride wars
83,2011-05-20,midnight in paris,30000000.0,56816662.0,151116662.0,2011,SPC,56800000.0,94300000.0,2011.0,midnight in paris,121116662.0,4.037222066666667,tt1605783,Midnight in Paris,Midnight in Paris,2011,94,"Comedy,Fantasy,Romance",7.7,356500,Comedy,midnight in paris
84,2017-11-22,darkest hour,30000000.0,56443120.0,150843120.0,2017,Focus,56500000.0,94400000.0,2017.0,darkest hour,120843120.0,4.028104,tt4555426,Darkest Hour,Darkest Hour,2017,125,"Biography,Drama,History",7.4,136546,Biography,darkest hour
88,2018-05-11,life of the party,30000000.0,53059911.0,65859911.0,2018,WB (NL),53100000.0,12800000.0,2018.0,life of the party,35859911.0,1.1953303666666666,tt1826727,Life of the Party,Life of the Party,2017,84,"Comedy,Drama",7.6,47,Comedy,life of the party
88,2018-05-11,life of the party,30000000.0,53059911.0,65859911.0,2018,WB (NL),53100000.0,12800000.0,2018.0,life of the party,35859911.0,1.1953303666666666,tt5619332,Life of the Party,Life of the Party,2018,105,Comedy,5.5,25756,Comedy,life of the party
89,2010-05-14,letters to juliet,30000000.0,53032453.0,79132453.0,2010,Sum.,53000000.0,26100000.0,2010.0,letters to juliet,49132453.0,1.6377484333333334,tt0892318,Letters to Juliet,Letters to Juliet,2010,105,"Adventure,Comedy,Drama",6.6,86137,Adventure,letters to juliet
92,2015-07-24,southpaw,30000000.0,52421953.0,91921953.0,2015,Wein.,52400000.0,39500000.0,2015.0,southpaw,61921953.0,2.0640651,tt1798684,Southpaw,Southpaw,2015,124,"Drama,Sport",7.4,199783,Drama,southpaw
94,2017-07-28,atomic blonde,30000000.0,51573925.0,99873925.0,2017,Focus,51700000.0,48300000.0,2017.0,atomic blonde,69873925.0,2.329130833333333,tt2406566,Atomic Blonde,Atomic Blonde,2017,115,"Action,Mystery,Thriller",6.7,150407,Action,atomic blonde
100,2015-09-18,sicario,30000000.0,46889293.0,84889293.0,2015,LGF,46900000.0,38000000.0,2015.0,sicario,54889293.0,1.8296431,tt3397884,Sicario,Sicario,2015,121,"Action,Crime,Drama",7.6,328548,Action,sicario
3,2018-01-19,den of thieves,30000000.0,44947622.0,80547622.0,2018,STX,44900000.0,35600000.0,2018.0,den of thieves,50547622.0,1.6849207333333334,tt1259528,Den of Thieves,Den of Thieves,2018,140,"Action,Crime,Drama",7.0,69648,Action,den of thieves
4,2012-04-13,the three stooges,30000000.0,44338224.0,54838224.0,2012,Fox,44300000.0,10500000.0,2012.0,the three stooges,24838224.0,0.8279408,tt0383010,The Three Stooges,The Three Stooges,2012,92,"Comedy,Family",5.1,28570,Comedy,the three stooges
6,2014-10-24,john wick,30000000.0,43037835.0,88737835.0,2014,LG/S,43000000.0,45700000.0,2014.0,john wick,58737835.0,1.9579278333333334,tt2911666,John Wick,John Wick,2014,101,"Action,Crime,Thriller",7.4,449942,Action,john wick
8,2015-04-24,the age of adaline,30000000.0,42629776.0,65629776.0,2015,LGF,42600000.0,23000000.0,2015.0,the age of adaline,35629776.0,1.1876592,tt1655441,The Age of Adaline,The Age of Adaline,2015,112,"Drama,Fantasy,Romance",7.2,138924,Drama,the age of adaline
9,2010-08-06,step up 3d,30000000.0,42400223.0,,2010,unknown,,,,step up 3d,,,tt1193631,Step Up 3D,Step Up 3D,2010,107,"Drama,Music,Romance",6.2,53081,Drama,step up 3d
11,2012-04-13,the cabin in the woods,30000000.0,42073277.0,66473277.0,2012,LGF,42100000.0,24400000.0,2012.0,the cabin in the woods,36473277.0,1.2157759,tt1259521,The Cabin in the Woods,The Cabin in the Woods,2011,95,Horror,7.0,338445,Horror,the cabin in the woods
14,2011-04-08,hanna,30000000.0,40259119.0,63759119.0,2011,Focus,40300000.0,23500000.0,2011.0,hanna,33759119.0,1.1253039666666667,tt0993842,Hanna,Hanna,2011,111,"Action,Drama,Thriller",6.8,179178,Action,hanna
22,2013-09-13,the family,30000000.0,36918811.0,,2013,unknown,,,,the family,,,tt1728973,The Family,The Family,2011,88,"Horror,Thriller",5.0,833,Horror,the family
22,2013-09-13,the family,30000000.0,36918811.0,,2013,unknown,,,,the family,,,tt2404311,The Family,The Family,2013,111,"Comedy,Crime,Thriller",6.3,102576,Comedy,the family
22,2013-09-13,the family,30000000.0,36918811.0,,2013,unknown,,,,the family,,,tt4155318,The Family,The Family,2013,152,"Comedy,Crime,Drama",7.5,15,Comedy,the family
22,2013-09-13,the family,30000000.0,36918811.0,,2013,unknown,,,,the family,,,tt5029482,The Family,Jia,2015,280,Drama,8.6,34,Drama,the family
22,2013-09-13,the family,30000000.0,36918811.0,,2013,unknown,,,,the family,,,tt5161028,The Family,Druzina,2017,106,"Documentary,Drama",7.6,99,Documentary,the family
22,2013-09-13,the family,30000000.0,36918811.0,,2013,unknown,,,,the family,,,tt6107516,The Family,La familia,2017,82,Drama,6.6,325,Drama,the family
23,2018-02-09,the 15:17 to paris,30000000.0,36276286.0,57076286.0,2018,WB,36300000.0,20800000.0,2018.0,the 15:17 to paris,27076286.0,0.9025428666666667,tt6802308,The 15:17 to Paris,The 15:17 to Paris,2018,94,"Biography,Drama,Thriller",5.2,21880,Biography,the 15:17 to paris
25,2011-07-01,larry crowne,30000000.0,35608245.0,72008245.0,2011,Uni.,35600000.0,36400000.0,2011.0,larry crowne,42008245.0,1.4002748333333332,tt1583420,Larry Crowne,Larry Crowne,2011,98,"Comedy,Drama,Romance",6.1,58927,Comedy,larry crowne
26,2013-10-18,carrie,30000000.0,35266619.0,,2013,unknown,,,,carrie,,,tt1939659,Carrie,Carrie,2013,100,"Drama,Horror",5.9,125424,Drama,carrie
16,1976-11-16,carrie,1800000.0,25878153.0,,1976,unknown,,,,carrie,,,tt1939659,Carrie,Carrie,2013,100,"Drama,Horror",5.9,125424,Drama,carrie
28,2018-03-02,death wish,30000000.0,34017028.0,,2018,unknown,,,,death wish,,,tt1137450,Death Wish,Death Wish,2018,107,"Action,Crime,Drama",6.4,50279,Action,death wish
30,2015-06-03,entourage,30000000.0,32363404.0,49263404.0,2015,WB,32400000.0,16900000.0,2015.0,entourage,19263404.0,0.6421134666666667,tt1674771,Entourage,Entourage,2015,104,Comedy,6.6,71519,Comedy,entourage
32,2013-02-08,side effects,30000000.0,32172757.0,,2013,unknown,,,,side effects,,,tt2053463,Side Effects,Side Effects,2013,106,"Crime,Drama,Mystery",7.1,168466,Crime,side effects
29,2005-09-09,side effects,200000.0,44701.0,,2005,unknown,,,,side effects,,,tt2053463,Side Effects,Side Effects,2013,106,"Crime,Drama,Mystery",7.1,168466,Crime,side effects
34,2014-07-02,deliver us from evil,30000000.0,30577122.0,87977122.0,2014,SGem,30600000.0,57400000.0,2014.0,deliver us from evil,57977122.0,1.9325707333333333,tt2377322,Deliver Us from Evil,Deliver Us from Evil,2014,118,"Horror,Mystery,Thriller",6.2,63793,Horror,deliver us from evil
35,2014-08-01,get on up,30000000.0,30569935.0,33269935.0,2014,Uni.,30700000.0,2700000.0,2014.0,get on up,3269935.0,0.10899783333333334,tt2473602,Get on Up,Get on Up,2014,139,"Biography,Drama,Music",6.9,19024,Biography,get on up
37,2012-04-27,the five-year engagement,30000000.0,28700285.0,53800285.0,2012,Uni.,28800000.0,25100000.0,2012.0,the five-year engagement,23800285.0,0.7933428333333333,tt1195478,The Five-Year Engagement,The Five-Year Engagement,2012,124,"Comedy,Romance",6.2,88469,Comedy,the five-year engagement
39,2011-07-15,winnie the pooh,30000000.0,26692846.0,49892846.0,2011,BV,26700000.0,23200000.0,2011.0,winnie the pooh,19892846.0,0.6630948666666666,tt1449283,Winnie the Pooh,Winnie the Pooh,2011,63,"Adventure,Animation,Comedy",7.2,19605,Adventure,winnie the pooh
42,2018-09-14,white boy rick,30000000.0,24004833.0,25904833.0,2018,Studio 8,24000000.0,1900000.0,2018.0,white boy rick,-4095167.0,-0.13650556666666666,tt4537896,White Boy Rick,White Boy Rick,2018,111,"Crime,Drama",6.4,16255,Crime,white boy rick
43,1995-08-04,virtuosity,30000000.0,23998226.0,,1995,unknown,,,,virtuosity,,,tt3687104,Virtuosity,Virtuosity,2014,87,"Biography,Documentary,Music",7.7,21,Biography,virtuosity
45,2011-02-04,sanctum,30000000.0,23209310.0,108609310.0,2011,Uni.,23200000.0,85400000.0,2011.0,sanctum,78609310.0,2.6203103333333333,tt0881320,Sanctum,Sanctum,2011,108,"Adventure,Drama,Thriller",5.9,51318,Adventure,sanctum
47,2017-08-25,ballerina,30000000.0,21858070.0,,2017,unknown,,,,ballerina,,,tt2560702,Ballerina,Ballerina,2012,50,"Biography,Documentary",7.5,13,Biography,ballerina
49,2010-11-19,the next three days,30000000.0,21148651.0,67448651.0,2010,LGF,21100000.0,46300000.0,2010.0,the next three days,37448651.0,1.2482883666666666,tt1458175,The Next Three Days,The Next Three Days,2010,133,"Action,Crime,Drama",7.4,168066,Action,the next three days
50,2018-01-12,proud mary,30000000.0,20868638.0,21744638.0,2018,SGem,20900000.0,876000.0,2018.0,proud mary,-8255362.0,-0.2751787333333333,tt6421110,Proud Mary,Proud Mary,2018,89,"Action,Crime,Drama",4.9,6805,Action,proud mary
53,2013-10-04,runner runner,30000000.0,19316646.0,62716646.0,2013,Fox,19300000.0,43400000.0,2013.0,runner runner,32716646.0,1.0905548666666667,tt2364841,Runner Runner,Runner Runner,2013,88,"Crime,Thriller",5.6,58235,Crime,runner runner
55,2017-04-28,baahubali 2: the conclusion,30000000.0,18985794.0,252985794.0,2017,GrtIndia,20200000.0,234000000.0,2017.0,baahubali 2: the conclusion,222985794.0,7.4328598,tt4849438,Baahubali 2: The Conclusion,Baahubali 2: The Conclusion,2017,167,"Action,Drama",8.3,65656,Action,baahubali 2: the conclusion
58,2011-08-19,fright night,30000000.0,18298649.0,,2011,unknown,,,,fright night,,,tt1438176,Fright Night,Fright Night,2011,106,"Comedy,Horror",6.4,94555,Comedy,fright night
59,2017-09-15,mother!,30000000.0,17800004.0,44500004.0,2017,Par.,17800000.0,26700000.0,2017.0,mother!,14500004.0,0.48333346666666666,tt5109784,Mother!,Mother!,2017,121,"Drama,Horror,Mystery",6.6,156813,Drama,mother!
60,2015-10-09,steve jobs,30000000.0,17766658.0,34466658.0,2015,Uni.,17800000.0,16700000.0,2015.0,steve jobs,4466658.0,0.1488886,tt2080374,Steve Jobs,Steve Jobs,2015,122,"Biography,Drama",7.2,138668,Biography,steve jobs
69,2004-04-30,godsend,30000000.0,14334645.0,,2004,unknown,,,,godsend,,,tt2492700,Godsend,Sin-ui seon-mul,2013,107,Drama,6.4,35,Drama,godsend
72,2005-12-25,the new world,30000000.0,12712093.0,,2005,unknown,,,,the new world,,,tt2080410,The New World,Uus Maailm,2011,88,Documentary,7.2,74,Documentary,the new world
72,2005-12-25,the new world,30000000.0,12712093.0,,2005,unknown,,,,the new world,,,tt4354276,The New World,Nowy swiat,2015,90,Drama,5.1,47,Drama,the new world
74,2013-01-18,the last stand,30000000.0,12050299.0,48350299.0,2013,LGF,12100000.0,36300000.0,2013.0,the last stand,18350299.0,0.6116766333333333,tt1549920,The Last Stand,The Last Stand,2013,107,"Action,Thriller",6.4,126623,Action,the last stand
78,2013-03-08,dead man down,30000000.0,10895295.0,18095295.0,2013,FD,10900000.0,7200000.0,2013.0,dead man down,-11904705.0,-0.3968235,tt2101341,Dead Man Down,Dead Man Down,2013,118,"Action,Crime,Drama",6.5,61238,Action,dead man down
82,2017-04-14,the lost city of z,30000000.0,8574339.0,19274339.0,2017,BST,8600000.0,10700000.0,2017.0,the lost city of z,-10725661.0,-0.3575220333333333,tt1212428,The Lost City of Z,The Lost City of Z,2016,141,"Adventure,Biography,Drama",6.6,66475,Adventure,the lost city of z
84,2017-02-03,the space between us,30000000.0,7885294.0,14785294.0,2017,STX,7900000.0,6900000.0,2017.0,the space between us,-15214706.0,-0.5071568666666667,tt3922818,The Space Between Us,The Space Between Us,2017,120,"Adventure,Drama,Romance",6.4,41031,Adventure,the space between us
86,2011-01-14,barney's version,30000000.0,7502560.0,,2011,unknown,,,,barney's version,,,tt1423894,Barney's Version,Barney's Version,2010,134,"Comedy,Drama",7.3,23058,Comedy,barney's version
87,2002-09-20,trapped,30000000.0,6916869.0,,2002,unknown,,,,trapped,,,tt2249167,Trapped,Trapped,2012,92,"Adventure,Drama,Thriller",5.0,138,Adventure,trapped
87,2002-09-20,trapped,30000000.0,6916869.0,,2002,unknown,,,,trapped,,,tt2279346,Trapped,Trapped,2014,75,Horror,3.5,68,Horror,trapped
87,2002-09-20,trapped,30000000.0,6916869.0,,2002,unknown,,,,trapped,,,tt3269074,Trapped,Darband,2013,102,"Drama,Thriller",6.5,646,Drama,trapped
87,2002-09-20,trapped,30000000.0,6916869.0,,2002,unknown,,,,trapped,,,tt3611318,Trapped,Trapped,2015,56,"Drama,Mystery,Thriller",8.4,21,Drama,trapped
87,2002-09-20,trapped,30000000.0,6916869.0,,2002,unknown,,,,trapped,,,tt5259692,Trapped,Trapped,2016,90,Documentary,7.0,243,Documentary,trapped
87,2002-09-20,trapped,30000000.0,6916869.0,,2002,unknown,,,,trapped,,,tt6206564,Trapped,Trapped,2016,105,"Action,Drama,Thriller",7.6,7683,Action,trapped
88,2018-08-31,kin,30000000.0,5718096.0,10018096.0,2018,LGF,5700000.0,4300000.0,2018.0,kin,-19981904.0,-0.6660634666666667,tt2233624,Kin,Kin,2012,45,"Drama,Music",8.6,46,Drama,kin
88,2018-08-31,kin,30000000.0,5718096.0,10018096.0,2018,LGF,5700000.0,4300000.0,2018.0,kin,-19981904.0,-0.6660634666666667,tt6017942,Kin,Kin,2018,102,"Action,Drama,Sci-Fi",5.7,9048,Action,kin
90,2017-09-22,stronger,30000000.0,4211129.0,8411129.0,2017,RAtt.,4200000.0,4200000.0,2017.0,stronger,-21588871.0,-0.7196290333333333,tt3881784,Stronger,Stronger,2017,119,"Biography,Drama",7.0,33464,Biography,stronger
90,2017-09-22,stronger,30000000.0,4211129.0,8411129.0,2017,RAtt.,4200000.0,4200000.0,2017.0,stronger,-21588871.0,-0.7196290333333333,tt5738152,Stronger,Stronger,2017,125,Drama,6.8,22,Drama,stronger
90,2017-09-22,stronger,30000000.0,4211129.0,8411129.0,2017,RAtt.,4200000.0,4200000.0,2017.0,stronger,-21588871.0,-0.7196290333333333,tt7130472,Stronger,Stronger,2016,47,"Action,Sport",8.4,8,Action,stronger
91,1999-01-22,gloria,30000000.0,4167493.0,,1999,unknown,,,,gloria,,,tt2425486,Gloria,Gloria,2013,110,"Comedy,Drama,Romance",6.8,7640,Comedy,gloria
91,1999-01-22,gloria,30000000.0,4167493.0,,1999,unknown,,,,gloria,,,tt2618368,Gloria,Gloria,2014,126,"Biography,Drama,Music",6.5,975,Biography,gloria
99,2011-09-23,machine gun preacher,30000000.0,538690.0,3338690.0,2011,Rela.,539000.0,2800000.0,2011.0,machine gun preacher,-26661310.0,-0.8887103333333334,tt1586752,Machine Gun Preacher,Machine Gun Preacher,2011,129,"Action,Biography,Crime",6.8,60074,Action,machine gun preacher
100,2018-02-02,bilal: a new breed of hero,30000000.0,490973.0,2190973.0,2018,VE,491000.0,1700000.0,2018.0,bilal: a new breed of hero,-27809027.0,-0.9269675666666667,tt3576728,Bilal: A New Breed of Hero,Bilal: A New Breed of Hero,2015,105,"Action,Adventure,Animation",8.0,16854,Action,bilal: a new breed of hero
5,2015-01-30,wild card,30000000.0,3200.0,,2015,unknown,,,,wild card,,,tt2231253,Wild Card,Wild Card,2015,92,"Action,Crime,Drama",5.6,46463,Action,wild card
6,2015-06-05,united passions,30000000.0,918.0,,2015,unknown,,,,united passions,,,tt2814362,United Passions,United Passions,2014,110,"Drama,History,Sport",2.1,3878,Drama,united passions
8,2015-12-01,grace of monaco,30000000.0,0.0,,2015,unknown,,,,grace of monaco,,,tt2095649,Grace of Monaco,Grace of Monaco,2014,103,"Biography,Drama,Romance",5.7,16685,Biography,grace of monaco
11,2013-12-31,space pirate captain harlock,30000000.0,0.0,,2013,unknown,,,,space pirate captain harlock,,,tt1832471,Space Pirate Captain Harlock,Space Pirate Captain Harlock,2010,100,"Animation,Sci-Fi",7.1,324,Animation,space pirate captain harlock
13,2017-02-24,collide,29200000.0,2280004.0,4780004.0,2017,ORF,2300000.0,2500000.0,2017.0,collide,-24419996.0,-0.8363012328767123,tt2126235,Collide,Collide,2016,99,"Action,Crime,Thriller",5.7,13288,Action,collide
14,2015-05-15,pitch perfect 2,29000000.0,184296230.0,287496230.0,2015,Uni.,184300000.0,103200000.0,2015.0,pitch perfect 2,258496230.0,8.913663103448275,tt2848292,Pitch Perfect 2,Pitch Perfect 2,2015,115,"Comedy,Music",6.4,130692,Comedy,pitch perfect 2
16,2018-09-28,night school,29000000.0,77339130.0,,2018,unknown,,,,night school,,,tt5599520,Night School,Night School,2016,85,Documentary,7.2,112,Documentary,night school
16,2018-09-28,night school,29000000.0,77339130.0,,2018,unknown,,,,night school,,,tt6781982,Night School,Night School,2018,111,Comedy,5.6,23501,Comedy,night school
17,2016-04-08,the boss,29000000.0,63077560.0,78677560.0,2016,Uni.,63300000.0,15600000.0,2016.0,the boss,49677560.0,1.7130193103448277,tt2702724,The Boss,The Boss,2016,99,Comedy,5.4,39096,Comedy,the boss
21,2017-08-18,logan lucky,29000000.0,27778642.0,48478642.0,2017,BST,27800000.0,20700000.0,2017.0,logan lucky,19478642.0,0.6716773103448276,tt5439796,Logan Lucky,Logan Lucky,2017,118,"Comedy,Crime,Drama",7.0,105966,Comedy,logan lucky
22,2016-08-12,florence foster jenkins,29000000.0,27383770.0,48883770.0,2016,Par.,27400000.0,21500000.0,2016.0,florence foster jenkins,19883770.0,0.6856472413793103,tt4136084,Florence Foster Jenkins,Florence Foster Jenkins,2016,111,"Biography,Comedy,Drama",6.8,44970,Biography,florence foster jenkins
30,2019-09-30,unhinged,29000000.0,0.0,,2019,unknown,,,,unhinged,,,tt5940342,Unhinged,Unhinged,2017,93,Horror,4.2,512,Horror,unhinged
35,2015-08-14,straight outta compton,28000000.0,161197785.0,201597785.0,2015,Uni.,161200000.0,40400000.0,2015.0,straight outta compton,173597785.0,6.1999208928571425,tt1398426,Straight Outta Compton,Straight Outta Compton,2015,147,"Biography,Drama,History",7.9,165307,Biography,straight outta compton
36,2017-07-21,girls trip,28000000.0,115108515.0,140508515.0,2017,Uni.,115200000.0,25400000.0,2017.0,girls trip,112508515.0,4.01816125,tt3564472,Girls Trip,Girls Trip,2017,122,"Comedy,Drama",6.2,29321,Comedy,girls trip
40,2017-11-01,a bad moms christmas,28000000.0,72110659.0,130510659.0,2017,STX,72100000.0,58400000.0,2017.0,a bad moms christmas,102510659.0,3.6610949642857142,tt6359956,A Bad Moms Christmas,A Bad Moms Christmas,2017,104,"Adventure,Comedy",5.5,33056,Adventure,a bad moms christmas
41,2013-02-14,safe haven,28000000.0,71399120.0,97599120.0,2013,Rela.,71300000.0,26200000.0,2013.0,safe haven,69599120.0,2.4856828571428573,tt1702439,Safe Haven,Safe Haven,2013,115,"Drama,Romance,Thriller",6.7,97055,Drama,safe haven
42,2015-12-11,the big short,28000000.0,70259870.0,133459870.0,2015,Par.,70300000.0,63200000.0,2015.0,the big short,105459870.0,3.7664239285714287,tt1596363,The Big Short,The Big Short,2015,130,"Biography,Comedy,Drama",7.8,309227,Biography,the big short
43,2008-11-07,role models,28000000.0,67300955.0,,2008,unknown,,,,role models,,,tt6253546,Role Models,Role Models,2017,132,"Comedy,Drama",4.9,401,Comedy,role models
44,2014-10-10,"alexander and the terrible, horrible, no good, very bad day",28000000.0,66954149.0,101354149.0,2014,BV,67000000.0,34400000.0,2014.0,"alexander and the terrible, horrible, no good, very bad day",73354149.0,2.6197910357142855,tt1698641,"Alexander and the Terrible, Horrible, No Good, Very Bad Day","Alexander and the Terrible, Horrible, No Good, Very Bad Day",2014,81,"Comedy,Family",6.2,37325,Comedy,"alexander and the terrible, horrible, no good, very bad day"
45,2004-02-06,miracle,28000000.0,64378093.0,,2004,unknown,,,,miracle,,,tt3012818,Miracle,Zázrak,2013,78,Drama,5.8,114,Drama,miracle
45,2004-02-06,miracle,28000000.0,64378093.0,,2004,unknown,,,,miracle,,,tt3045930,Miracle,Goraereul Chatneun Jajeongeo,2011,100,Drama,7.0,7,Drama,miracle
45,2004-02-06,miracle,28000000.0,64378093.0,,2004,unknown,,,,miracle,,,tt6682904,Miracle,Stebuklas,2017,91,"Comedy,Drama",7.0,420,Comedy,miracle
46,2013-01-28,last vegas,28000000.0,63914167.0,134414167.0,2013,CBS,63900000.0,70500000.0,2013.0,last vegas,106414167.0,3.800505964285714,tt1204975,Last Vegas,Last Vegas,2013,105,"Comedy,Drama",6.6,121409,Comedy,last vegas
50,2018-06-15,tag,28000000.0,54730625.0,78130625.0,2018,WB (NL),54700000.0,23400000.0,2018.0,tag,50130625.0,1.7903794642857143,tt1967669,Tag,Tag,2015,91,Drama,4.6,158,Drama,tag
50,2018-06-15,tag,28000000.0,54730625.0,78130625.0,2018,WB (NL),54700000.0,23400000.0,2018.0,tag,50130625.0,1.7903794642857143,tt2854926,Tag,Tag,2018,100,Comedy,6.5,85186,Comedy,tag
50,2018-06-15,tag,28000000.0,54730625.0,78130625.0,2018,WB (NL),54700000.0,23400000.0,2018.0,tag,50130625.0,1.7903794642857143,tt4439120,Tag,Riaru onigokko,2015,85,"Action,Fantasy,Horror",6.1,4331,Action,tag
52,2003-04-25,identity,28000000.0,52131264.0,,2003,unknown,,,,identity,,,tt6319346,Identity,Identity,2018,93,"Crime,Drama",6.6,58,Crime,identity
53,2001-10-05,serendipity,28000000.0,50255310.0,,2001,unknown,,,,serendipity,,,tt8259618,Serendipity,Serendipity,2018,107,Drama,8.8,53,Drama,serendipity
54,2010-04-16,kick-ass,28000000.0,48071303.0,96171303.0,2010,LGF,48100000.0,48100000.0,2010.0,kick-ass,68171303.0,2.434689392857143,tt1250777,Kick-Ass,Kick-Ass,2010,117,"Action,Comedy",7.6,497363,Action,kick-ass
60,2011-08-12,30 minutes or less,28000000.0,37053924.0,40553924.0,2011,Sony,37100000.0,3500000.0,2011.0,30 minutes or less,12553924.0,0.4483544285714286,tt1622547,30 Minutes or Less,30 Minutes or Less,2011,83,"Action,Comedy,Crime",6.1,87254,Action,30 minutes or less
64,2014-02-21,3 days to kill,28000000.0,30697999.0,52597999.0,2014,Rela.,30700000.0,21900000.0,2014.0,3 days to kill,24597999.0,0.8784999642857143,tt2172934,3 Days to Kill,3 Days to Kill,2014,117,"Action,Drama,Thriller",6.2,81681,Action,3 days to kill
65,2013-08-16,kick-ass 2,28000000.0,28795985.0,60795985.0,2013,Uni.,28800000.0,32000000.0,2013.0,kick-ass 2,32795985.0,1.1712851785714287,tt1650554,Kick-Ass 2,Kick-Ass 2,2013,103,"Action,Comedy,Crime",6.6,238832,Action,kick-ass 2
67,2014-09-19,a walk among the tombstones,28000000.0,26017685.0,52917685.0,2014,Uni.,26300000.0,26900000.0,2014.0,a walk among the tombstones,24917685.0,0.8899173214285714,tt0365907,A Walk Among the Tombstones,A Walk Among the Tombstones,2014,114,"Action,Crime,Drama",6.5,105116,Action,a walk among the tombstones
68,2010-01-15,the spy next door,28000000.0,24307106.0,45207106.0,2010,LGF,24300000.0,20900000.0,2010.0,the spy next door,17207106.0,0.6145395,tt1273678,The Spy Next Door,The Spy Next Door,2010,94,"Action,Comedy,Family",5.5,36767,Action,the spy next door
69,2014-04-25,brick mansions,28000000.0,20396829.0,68896829.0,2014,Rela.,20400000.0,48500000.0,2014.0,brick mansions,40896829.0,1.4606010357142858,tt1430612,Brick Mansions,Brick Mansions,2014,90,"Action,Crime",5.7,37528,Action,brick mansions
72,2015-08-21,american ultra,28000000.0,14439985.0,27139985.0,2015,LGF,14400000.0,12700000.0,2015.0,american ultra,-860015.0,-0.030714821428571428,tt3316948,American Ultra,American Ultra,2015,96,"Action,Comedy,Sci-Fi",6.1,76769,Action,american ultra
74,2016-02-05,pride and prejudice and zombies,28000000.0,10907291.0,16407291.0,2016,SGem,10900000.0,5500000.0,2016.0,pride and prejudice and zombies,-11592709.0,-0.4140253214285714,tt1374989,Pride and Prejudice and Zombies,Pride and Prejudice and Zombies,2016,108,"Action,Comedy,Horror",5.8,46187,Action,pride and prejudice and zombies
78,2015-10-30,our brand is crisis,28000000.0,7002261.0,,2015,unknown,,,,our brand is crisis,,,tt1018765,Our Brand Is Crisis,Our Brand Is Crisis,2015,107,"Comedy,Drama",6.1,19033,Comedy,our brand is crisis
86,2012-01-13,joyful noise,27500000.0,30932113.0,31158113.0,2012,WB,30900000.0,226000.0,2012.0,joyful noise,3658113.0,0.1330222909090909,tt1710396,Joyful Noise,Joyful Noise,2012,118,"Comedy,Drama,Music",5.8,7575,Comedy,joyful noise
90,2011-10-28,anonymous,27500000.0,4463292.0,15363292.0,2011,Sony,4500000.0,10900000.0,2011.0,anonymous,-12136708.0,-0.44133483636363635,tt1521197,Anonymous,Anonymous,2011,130,"Drama,Thriller",6.9,37932,Drama,anonymous
91,2011-03-18,limitless,27000000.0,79249455.0,161849455.0,2011,Rela.,79200000.0,82600000.0,2011.0,limitless,134849455.0,4.994424259259259,tt1219289,Limitless,Limitless,2011,105,"Mystery,Sci-Fi,Thriller",7.4,492490,Mystery,limitless
91,2011-03-18,limitless,27000000.0,79249455.0,161849455.0,2011,Rela.,79200000.0,82600000.0,2011.0,limitless,134849455.0,4.994424259259259,tt4597838,Limitless,Limitless,2015,3,"Biography,Documentary",6.7,10,Biography,limitless
91,2011-03-18,limitless,27000000.0,79249455.0,161849455.0,2011,Rela.,79200000.0,82600000.0,2011.0,limitless,134849455.0,4.994424259259259,tt6084030,Limitless,Limitless,2017,57,Documentary,3.9,8,Documentary,limitless
98,2016-05-13,money monster,27000000.0,41012075.0,93312075.0,2016,TriS,41000000.0,52300000.0,2016.0,money monster,66312075.0,2.456002777777778,tt2241351,Money Monster,Money Monster,2016,98,"Crime,Drama,Thriller",6.5,86607,Crime,money monster
14,1999-11-24,flawless,27000000.0,4485485.0,,1999,unknown,,,,flawless,,,tt8653840,Flawless,Haneshef,2018,97,Drama,6.4,34,Drama,flawless
28,1990-08-10,flatliners,26000000.0,61308153.0,,1990,unknown,,,,flatliners,,,tt2039338,Flatliners,Flatliners,2017,109,"Drama,Horror,Mystery",5.2,33752,Drama,flatliners
11,2017-09-29,flatliners,20000000.0,16883115.0,,2017,unknown,,,,flatliners,,,tt2039338,Flatliners,Flatliners,2017,109,"Drama,Horror,Mystery",5.2,33752,Drama,flatliners
30,2005-08-19,red eye,26000000.0,57891803.0,,2005,unknown,,,,red eye,,,tt4828330,Red Eye,Red Eye,2017,73,Horror,3.3,275,Horror,red eye
33,2013-04-26,pain & gain,26000000.0,49875291.0,,2013,unknown,,,,pain & gain,,,tt1980209,Pain & Gain,Pain & Gain,2013,129,"Action,Comedy,Crime",6.4,187820,Action,pain & gain
37,2010-01-22,legion,26000000.0,40168080.0,,2010,unknown,,,,legion,,,tt1038686,Legion,Legion,2010,100,"Action,Fantasy,Horror",5.2,92709,Action,legion
38,2012-08-29,lawless,26000000.0,37397291.0,53697291.0,2012,Wein.,37400000.0,16300000.0,2012.0,lawless,27697291.0,1.065280423076923,tt1212450,Lawless,Lawless,2012,116,"Crime,Drama",7.3,214055,Crime,lawless
41,2009-12-04,brothers,26000000.0,28544157.0,,2009,unknown,,,,brothers,,,tt1754838,Brothers,Veljekset,2011,90,Drama,5.8,149,Drama,brothers
41,2009-12-04,brothers,26000000.0,28544157.0,,2009,unknown,,,,brothers,,,tt3650484,Brothers,Brødre,2015,100,Documentary,7.7,310,Documentary,brothers
41,2009-12-04,brothers,26000000.0,28544157.0,,2009,unknown,,,,brothers,,,tt3802576,Brothers,Brothers,2015,156,"Action,Drama,Sport",6.7,10689,Action,brothers
41,2009-12-04,brothers,26000000.0,28544157.0,,2009,unknown,,,,brothers,,,tt4952376,Brothers,Bracia,2015,68,Documentary,7.5,61,Documentary,brothers
41,2009-12-04,brothers,26000000.0,28544157.0,,2009,unknown,,,,brothers,,,tt6314294,Brothers,Broeders,2017,93,Drama,7.6,96,Drama,brothers
41,2009-12-04,brothers,26000000.0,28544157.0,,2009,unknown,,,,brothers,,,tt6447400,Brothers,Brothers,2017,95,"Action,Drama,War",5.2,8,Action,brothers
8,2015-08-14,brothers,13000000.0,656688.0,,2015,unknown,,,,brothers,,,tt1754838,Brothers,Veljekset,2011,90,Drama,5.8,149,Drama,brothers
8,2015-08-14,brothers,13000000.0,656688.0,,2015,unknown,,,,brothers,,,tt3650484,Brothers,Brødre,2015,100,Documentary,7.7,310,Documentary,brothers
8,2015-08-14,brothers,13000000.0,656688.0,,2015,unknown,,,,brothers,,,tt3802576,Brothers,Brothers,2015,156,"Action,Drama,Sport",6.7,10689,Action,brothers
8,2015-08-14,brothers,13000000.0,656688.0,,2015,unknown,,,,brothers,,,tt4952376,Brothers,Bracia,2015,68,Documentary,7.5,61,Documentary,brothers
8,2015-08-14,brothers,13000000.0,656688.0,,2015,unknown,,,,brothers,,,tt6314294,Brothers,Broeders,2017,93,Drama,7.6,96,Drama,brothers
8,2015-08-14,brothers,13000000.0,656688.0,,2015,unknown,,,,brothers,,,tt6447400,Brothers,Brothers,2017,95,"Action,Drama,War",5.2,8,Action,brothers
42,2014-10-17,the best of me,26000000.0,26766213.0,35966213.0,2014,Rela.,26800000.0,9200000.0,2014.0,the best of me,9966213.0,0.3833158846153846,tt1972779,The Best of Me,The Best of Me,2014,118,"Drama,Romance",6.7,59750,Drama,the best of me
44,2001-08-03,original sin,26000000.0,16521410.0,,2001,unknown,,,,original sin,,,tt6404166,Original Sin,Original Sin,2018,75,Comedy,7.7,9,Comedy,original sin
45,2012-04-27,the raven,26000000.0,16008272.0,29608272.0,2012,Rela.,16000000.0,13600000.0,2012.0,the raven,3608272.0,0.1387796923076923,tt1486192,The Raven,The Raven,2012,110,"Crime,Mystery,Thriller",6.4,79578,Crime,the raven
48,2015-07-10,self/less,26000000.0,12279691.0,30479691.0,2015,Focus,12300000.0,18200000.0,2015.0,self/less,4479691.0,0.17229580769230768,tt2140379,Self/less,Self/less,2015,117,"Action,Mystery,Sci-Fi",6.5,80743,Action,self/less
50,2013-10-18,the fifth estate,26000000.0,3254172.0,8554172.0,2013,BV,3300000.0,5300000.0,2013.0,the fifth estate,-17445828.0,-0.6709933846153846,tt1837703,The Fifth Estate,The Fifth Estate,2013,128,"Biography,Drama,Thriller",6.2,36392,Biography,the fifth estate
52,2014-03-21,blood ties,26000000.0,42472.0,,2014,unknown,,,,blood ties,,,tt1747958,Blood Ties,Blood Ties,2013,127,"Action,Crime,Drama",6.5,17771,Action,blood ties
52,2014-03-21,blood ties,26000000.0,42472.0,,2014,unknown,,,,blood ties,,,tt2941230,Blood Ties,Blodets bånd,2013,83,"Documentary,Drama,Family",7.0,50,Documentary,blood ties
54,2015-06-30,viy,26000000.0,0.0,,2015,unknown,,,,viy,,,tt1224378,Viy,Viy,2014,127,"Adventure,Fantasy,Mystery",5.3,4365,Adventure,viy
55,2015-03-17,accidental love,26000000.0,0.0,,2015,unknown,,,,accidental love,,,tt1137470,Accidental Love,Accidental Love,2015,100,"Comedy,Romance",4.1,7048,Comedy,accidental love
56,2015-04-24,the face of an angel,26000000.0,0.0,,2015,unknown,,,,the face of an angel,,,tt2967008,The Face of an Angel,The Face of an Angel,2014,101,"Crime,Drama",4.6,4211,Crime,the face of an angel
63,2011-08-10,the help,25000000.0,169705587.0,216605587.0,2011,BV,169700000.0,46900000.0,2011.0,the help,191605587.0,7.66422348,tt1454029,The Help,The Help,2011,146,Drama,8.1,392699,Drama,the help
64,2016-12-25,hidden figures,25000000.0,169607287.0,235907287.0,2016,Fox,169600000.0,66300000.0,2016.0,hidden figures,210907287.0,8.43629148,tt4846340,Hidden Figures,Hidden Figures,2016,127,"Biography,Drama,History",7.8,171131,Biography,hidden figures
67,2014-01-17,ride along,25000000.0,134202565.0,153702565.0,2014,Uni.,134900000.0,19500000.0,2014.0,ride along,128702565.0,5.1481026,tt1408253,Ride Along,Ride Along,2014,99,"Action,Comedy,Crime",6.2,94529,Action,ride along
67,2014-01-17,ride along,25000000.0,134202565.0,153702565.0,2014,Uni.,134900000.0,19500000.0,2014.0,ride along,128702565.0,5.1481026,tt2263520,Ride Along,Ride Along,2012,87,Action,4.4,14,Action,ride along
68,1992-11-25,the bodyguard,25000000.0,121945720.0,,1992,unknown,,,,the bodyguard,,,tt8332280,The Bodyguard,The Bodyguard,2018,99,Drama,8.3,34,Drama,the bodyguard
77,2010-02-05,dear john,25000000.0,80014842.0,115014842.0,2010,SGem,80000000.0,35000000.0,2010.0,dear john,90014842.0,3.60059368,tt0989757,Dear John,Dear John,2010,108,"Drama,Romance,War",6.3,128657,Drama,dear john
79,2012-12-25,parental guidance,25000000.0,77267296.0,119767296.0,2012,Fox,77300000.0,42500000.0,2012.0,parental guidance,94767296.0,3.79069184,tt1047540,Parental Guidance,Parental Guidance,2012,105,"Comedy,Family",6.1,23711,Comedy,parental guidance
83,2000-12-15,chocolat,25000000.0,71309760.0,,2000,unknown,,,,chocolat,,,tt4400038,Chocolat,Chocolat,2016,119,"Biography,Drama",7.0,5772,Biography,chocolat
84,2011-01-21,no strings attached,25000000.0,70662220.0,149262220.0,2011,Par.,70700000.0,78600000.0,2011.0,no strings attached,124262220.0,4.9704888,tt1411238,No Strings Attached,No Strings Attached,2011,108,"Comedy,Romance",6.2,197663,Comedy,no strings attached
85,2012-01-13,contraband,25000000.0,66528000.0,96228000.0,2012,Uni.,66500000.0,29700000.0,2012.0,contraband,71228000.0,2.84912,tt1524137,Contraband,Contraband,2012,109,"Action,Crime,Drama",6.5,111709,Action,contraband
87,2012-04-20,the lucky one,25000000.0,60457138.0,99357138.0,2012,WB,60500000.0,38900000.0,2012.0,the lucky one,74357138.0,2.97428552,tt1327194,The Lucky One,The Lucky One,2012,101,"Drama,Romance",6.5,94359,Drama,the lucky one
92,2011-04-22,madea's big happy family,25000000.0,53345287.0,,2011,unknown,,,,madea's big happy family,,,tt1787759,Madea's Big Happy Family,Madea's Big Happy Family,2011,106,"Comedy,Drama",4.7,6996,Comedy,madea's big happy family
95,2012-01-27,the grey,25000000.0,51580136.0,77280136.0,2012,ORF,51600000.0,25700000.0,2012.0,the grey,52280136.0,2.09120544,tt1601913,The Grey,The Grey,2011,117,"Action,Adventure,Drama",6.8,228798,Action,the grey
96,2005-01-28,hide and seek,25000000.0,51100486.0,,2005,unknown,,,,hide and seek,,,tt3155654,Hide and Seek,Sum-bakk-og-jil,2013,107,"Action,Horror,Mystery",6.4,1287,Action,hide and seek
96,2005-01-28,hide and seek,25000000.0,51100486.0,,2005,unknown,,,,hide and seek,,,tt5457656,Hide and Seek,Chupan Chupai,2017,118,"Comedy,Crime",5.9,178,Comedy,hide and seek
96,2005-01-28,hide and seek,25000000.0,51100486.0,,2005,unknown,,,,hide and seek,,,tt5662906,Hide and Seek,Zhuo mi cang,2016,105,"Mystery,Thriller",5.9,409,Mystery,hide and seek
96,2005-01-28,hide and seek,25000000.0,51100486.0,,2005,unknown,,,,hide and seek,,,tt8575408,Hide and Seek,Amur senza fin,2018,91,Comedy,6.6,31,Comedy,hide and seek
2,2014-08-15,the giver,25000000.0,45090374.0,66990374.0,2014,Wein.,45100000.0,21900000.0,2014.0,the giver,41990374.0,1.67961496,tt0435651,The Giver,The Giver,2014,97,"Drama,Romance,Sci-Fi",6.5,104999,Drama,the giver
4,1997-07-18,nothing to lose,25000000.0,44480039.0,,1997,unknown,,,,nothing to lose,,,tt6910020,Nothing to Lose,Nada a Perder,2018,134,"Biography,Drama",6.6,22563,Biography,nothing to lose
6,2015-11-20,the night before,25000000.0,43035725.0,52335725.0,2015,Sony,43000000.0,9300000.0,2015.0,the night before,27335725.0,1.093429,tt3530002,The Night Before,The Night Before,2015,101,"Adventure,Comedy,Fantasy",6.4,58455,Adventure,the night before
6,2015-11-20,the night before,25000000.0,43035725.0,52335725.0,2015,Sony,43000000.0,9300000.0,2015.0,the night before,27335725.0,1.093429,tt6006924,The Night Before,The Night Before,2017,81,Horror,4.7,150,Horror,the night before
15,2013-12-25,august: osage county,25000000.0,37738810.0,74238810.0,2013,Wein.,37700000.0,36500000.0,2013.0,august: osage county,49238810.0,1.9695524,tt1322269,August: Osage County,August: Osage County,2013,121,"Comedy,Drama",7.2,79383,Comedy,august: osage county
17,2014-05-16,million dollar arm,25000000.0,36447959.0,39247959.0,2014,BV,36500000.0,2800000.0,2014.0,million dollar arm,14247959.0,0.56991836,tt1647668,Million Dollar Arm,Million Dollar Arm,2014,124,"Biography,Drama,Sport",7.0,41008,Biography,million dollar arm
21,2018-09-07,peppermint,25000000.0,35418723.0,53818723.0,2018,STX,35400000.0,18400000.0,2018.0,peppermint,28818723.0,1.15274892,tt6850820,Peppermint,Peppermint,2018,101,"Action,Crime,Drama",6.5,35854,Action,peppermint
22,2007-09-21,good luck chuck,25000000.0,35017297.0,,2007,unknown,,,,good luck chuck,,,tt5138210,Good Luck Chuck,Good Luck Chuck,2016,51,Comedy,7.4,8,Comedy,good luck chuck
25,2014-12-10,the gambler,25000000.0,33680992.0,39280992.0,2014,Par.,33700000.0,5600000.0,2014.0,the gambler,14280992.0,0.57123968,tt1828325,The Gambler,The Gambler,2015,105,Drama,7.0,10,Drama,the gambler
25,2014-12-10,the gambler,25000000.0,33680992.0,39280992.0,2014,Par.,33700000.0,5600000.0,2014.0,the gambler,14280992.0,0.57123968,tt2039393,The Gambler,The Gambler,2014,111,"Crime,Drama,Thriller",6.0,59995,Crime,the gambler
25,2014-12-10,the gambler,25000000.0,33680992.0,39280992.0,2014,Par.,33700000.0,5600000.0,2014.0,the gambler,14280992.0,0.57123968,tt2843832,The Gambler,The Gambler,2013,52,Documentary,7.6,14,Documentary,the gambler
25,2014-12-10,the gambler,25000000.0,33680992.0,39280992.0,2014,Par.,33700000.0,5600000.0,2014.0,the gambler,14280992.0,0.57123968,tt2924336,The Gambler,Losejas,2013,109,"Drama,Thriller",7.2,1479,Drama,the gambler
25,2014-12-10,the gambler,25000000.0,33680992.0,39280992.0,2014,Par.,33700000.0,5600000.0,2014.0,the gambler,14280992.0,0.57123968,tt9447594,The Gambler,The Gambler,2019,121,"Action,Sci-Fi,Thriller",6.1,10,Action,the gambler
50,1999-08-04,the gambler,3000000.0,51773.0,5651773.0,1999,Par.,33700000.0,5600000.0,2014.0,the gambler,2651773.0,0.8839243333333333,tt1828325,The Gambler,The Gambler,2015,105,Drama,7.0,10,Drama,the gambler
50,1999-08-04,the gambler,3000000.0,51773.0,5651773.0,1999,Par.,33700000.0,5600000.0,2014.0,the gambler,2651773.0,0.8839243333333333,tt2039393,The Gambler,The Gambler,2014,111,"Crime,Drama,Thriller",6.0,59995,Crime,the gambler
50,1999-08-04,the gambler,3000000.0,51773.0,5651773.0,1999,Par.,33700000.0,5600000.0,2014.0,the gambler,2651773.0,0.8839243333333333,tt2843832,The Gambler,The Gambler,2013,52,Documentary,7.6,14,Documentary,the gambler
50,1999-08-04,the gambler,3000000.0,51773.0,5651773.0,1999,Par.,33700000.0,5600000.0,2014.0,the gambler,2651773.0,0.8839243333333333,tt2924336,The Gambler,Losejas,2013,109,"Drama,Thriller",7.2,1479,Drama,the gambler
50,1999-08-04,the gambler,3000000.0,51773.0,5651773.0,1999,Par.,33700000.0,5600000.0,2014.0,the gambler,2651773.0,0.8839243333333333,tt9447594,The Gambler,The Gambler,2019,121,"Action,Sci-Fi,Thriller",6.1,10,Action,the gambler
29,2017-02-17,fist fight,25000000.0,32187017.0,41087017.0,2017,WB (NL),32200000.0,8900000.0,2017.0,fist fight,16087017.0,0.64348068,tt3401882,Fist Fight,Fist Fight,2017,91,Comedy,5.6,35136,Comedy,fist fight
32,2011-12-09,the sitter,25000000.0,30542576.0,35042576.0,2011,Fox,30400000.0,4500000.0,2011.0,the sitter,10042576.0,0.40170304,tt1366344,The Sitter,The Sitter,2011,81,Comedy,5.7,65575,Comedy,the sitter
32,2011-12-09,the sitter,25000000.0,30542576.0,35042576.0,2011,Fox,30400000.0,4500000.0,2011.0,the sitter,10042576.0,0.40170304,tt4697228,The Sitter,Charlotte Wakes,2017,97,Horror,4.0,250,Horror,the sitter
36,2014-04-11,draft day,25000000.0,28842237.0,29462237.0,2014,LG/S,28800000.0,620000.0,2014.0,draft day,4462237.0,0.17848948,tt2223990,Draft Day,Draft Day,2014,110,"Drama,Sport",6.8,48812,Drama,draft day
38,2017-02-03,rings,25000000.0,27793018.0,83093018.0,2017,Par.,27800000.0,55300000.0,2017.0,rings,58093018.0,2.32372072,tt0498381,Rings,Rings,2017,102,"Drama,Horror,Mystery",4.5,34151,Drama,rings
43,2011-08-26,don't be afraid of the dark,25000000.0,24046682.0,36946682.0,2011,FD,24000000.0,12900000.0,2011.0,don't be afraid of the dark,11946682.0,0.47786728,tt1270761,Don't Be Afraid of the Dark,Don't Be Afraid of the Dark,2010,99,"Fantasy,Horror,Thriller",5.6,44490,Fantasy,don't be afraid of the dark
44,2010-04-23,the losers,25000000.0,23591432.0,29391432.0,2010,WB,23600000.0,5800000.0,2010.0,the losers,4391432.0,0.17565728,tt0480255,The Losers,The Losers,2010,97,"Action,Adventure,Crime",6.4,83876,Action,the losers
44,2010-04-23,the losers,25000000.0,23591432.0,29391432.0,2010,WB,23600000.0,5800000.0,2010.0,the losers,4391432.0,0.17565728,tt3746918,The Losers,The Losers,2013,112,Drama,1.7,70,Drama,the losers
46,2007-08-24,war,25000000.0,22486409.0,,2007,unknown,,,,war,,,tt4105466,War,Chrieg,2014,106,Drama,6.8,204,Drama,war
50,2011-02-11,the eagle,25000000.0,19490041.0,27090041.0,2011,Focus,19500000.0,7600000.0,2011.0,the eagle,2090041.0,0.08360164,tt1034389,The Eagle,The Eagle,2011,114,"Action,Adventure,Drama",6.2,61475,Action,the eagle
52,2011-09-02,shark night 3d,25000000.0,18877153.0,40177153.0,2011,Rela.,18900000.0,21300000.0,2011.0,shark night 3d,15177153.0,0.60708612,tt1633356,Shark Night 3D,Shark Night 3D,2011,90,"Horror,Thriller",4.0,23190,Horror,shark night 3d
53,2017-03-24,chips,25000000.0,18600152.0,26800151.0,2017,WB,18600000.0,8199999.0,2017.0,chips,1800151.0,0.07200604,tt0493405,CHIPS,CHIPS,2017,100,"Action,Comedy,Crime",6.0,37029,Action,chips
53,2017-03-24,chips,25000000.0,18600152.0,26800151.0,2017,WB,18600000.0,8199999.0,2017.0,chips,1800151.0,0.07200604,tt2011351,Chips,Potechi,2012,68,Comedy,6.8,145,Comedy,chips
56,2017-12-22,father figures,25000000.0,17501244.0,25601244.0,2017,WB,17500000.0,8100000.0,2017.0,father figures,601244.0,0.02404976,tt1966359,Father Figures,Father Figures,2017,113,"Adventure,Comedy,Drama",5.5,14373,Adventure,father figures
56,2017-12-22,father figures,25000000.0,17501244.0,25601244.0,2017,WB,17500000.0,8100000.0,2017.0,father figures,601244.0,0.02404976,tt2925960,Father Figures,Father Figures,2013,58,Documentary,6.8,102,Documentary,father figures
58,2013-10-25,the counselor,25000000.0,16973715.0,70973715.0,2013,Fox,17000000.0,54000000.0,2013.0,the counselor,45973715.0,1.8389486,tt2193215,The Counselor,The Counselor,2013,117,"Crime,Drama,Thriller",5.3,92096,Crime,the counselor
60,2018-12-07,mary queen of scots,25000000.0,16468499.0,46368499.0,2018,Focus,16500000.0,29900000.0,2018.0,mary queen of scots,21368499.0,0.85473996,tt1555069,Mary Queen of Scots,Mary Queen of Scots,2013,119,"Biography,Drama,History",5.5,753,Biography,mary queen of scots
60,2018-12-07,mary queen of scots,25000000.0,16468499.0,46368499.0,2018,Focus,16500000.0,29900000.0,2018.0,mary queen of scots,21368499.0,0.85473996,tt2328900,Mary Queen of Scots,Mary Queen of Scots,2018,124,"Biography,Drama,History",6.3,23866,Biography,mary queen of scots
63,1986-04-18,legend,25000000.0,15502112.0,56602112.0,1986,Uni.,1900000.0,41100000.0,2015.0,legend,31602112.0,1.26408448,tt3555036,Legend,Legend,2014,168,"Action,Drama",6.5,1568,Action,legend
63,1986-04-18,legend,25000000.0,15502112.0,56602112.0,1986,Uni.,1900000.0,41100000.0,2015.0,legend,31602112.0,1.26408448,tt3569230,Legend,Legend,2015,132,"Biography,Crime,Drama",7.0,138947,Biography,legend
10,2015-11-20,legend,25000000.0,1872994.0,42972994.0,2015,Uni.,1900000.0,41100000.0,2015.0,legend,17972994.0,0.71891976,tt3555036,Legend,Legend,2014,168,"Action,Drama",6.5,1568,Action,legend
10,2015-11-20,legend,25000000.0,1872994.0,42972994.0,2015,Uni.,1900000.0,41100000.0,2015.0,legend,17972994.0,0.71891976,tt3569230,Legend,Legend,2015,132,"Biography,Crime,Drama",7.0,138947,Biography,legend
66,2009-11-06,the box,25000000.0,15051977.0,,2009,unknown,,,,the box,,,tt1728200,The Box,The Box,2011,89,Drama,6.3,51,Drama,the box
68,2010-10-08,my soul to take,25000000.0,14744435.0,20944435.0,2010,Uni.,14700000.0,6200000.0,2010.0,my soul to take,-4055565.0,-0.1622226,tt0872230,My Soul to Take,My Soul to Take,2010,107,"Horror,Mystery,Thriller",4.8,18381,Horror,my soul to take
74,2011-09-09,warrior,25000000.0,13657115.0,23057115.0,2011,LGF,13700000.0,9400000.0,2011.0,warrior,-1942885.0,-0.0777154,tt1291584,Warrior,Warrior,2011,140,"Drama,Sport",8.2,403755,Drama,warrior
76,2017-09-22,battle of the sexes,25000000.0,12638526.0,,2017,unknown,,,,battle of the sexes,,,tt4622512,Battle of the Sexes,Battle of the Sexes,2017,121,"Biography,Comedy,Drama",6.7,43245,Biography,battle of the sexes
77,2012-12-21,cirque du soleil: worlds away,25000000.0,12512862.0,34112862.0,2012,Par.,12500000.0,21600000.0,2012.0,cirque du soleil: worlds away,9112862.0,0.36451448,tt1792647,Cirque du Soleil: Worlds Away,Cirque du Soleil: Worlds Away,2012,91,Fantasy,6.8,7643,Fantasy,cirque du soleil: worlds away
78,2015-11-13,the 33,25000000.0,12227722.0,24927722.0,2015,WB,12200000.0,12700000.0,2015.0,the 33,-72278.0,-0.00289112,tt2006295,The 33,The 33,2015,127,"Biography,Drama,History",6.9,32263,Biography,the 33
80,2011-04-15,the conspirator,25000000.0,11538204.0,15438204.0,2011,RAtt.,11500000.0,3900000.0,2011.0,the conspirator,-9561796.0,-0.38247184,tt0968264,The Conspirator,The Conspirator,2010,122,"Crime,Drama,History",6.9,26416,Crime,the conspirator
88,2011-09-16,straw dogs,25000000.0,10324441.0,,2011,unknown,,,,straw dogs,,,tt0999913,Straw Dogs,Straw Dogs,2011,110,"Action,Drama,Thriller",5.8,30924,Action,straw dogs
90,2002-08-16,possession,25000000.0,10103647.0,,2002,unknown,,,,possession,,,tt2044843,Possession,Possession,2012,90,"Drama,Mystery",7.2,12,Drama,possession
90,2002-08-16,possession,25000000.0,10103647.0,,2002,unknown,,,,possession,,,tt2359241,Possession,Possession,2012,80,Horror,5.4,27,Horror,possession
90,2002-08-16,possession,25000000.0,10103647.0,,2002,unknown,,,,possession,,,tt2998154,Possession,Possession,2013,82,Drama,6.8,6,Drama,possession
94,2009-11-25,the road,25000000.0,8114270.0,,2009,unknown,,,,the road,,,tt2063008,The Road,The Road,2011,110,"Crime,Drama,Horror",5.6,1617,Crime,the road
94,2009-11-25,the road,25000000.0,8114270.0,,2009,unknown,,,,the road,,,tt2346048,The Road,Käräjävuorentie,2012,102,Drama,5.4,17,Drama,the road
94,2009-11-25,the road,25000000.0,8114270.0,,2009,unknown,,,,the road,,,tt4621482,The Road,The Road,2015,96,Drama,5.5,13,Drama,the road
94,2009-11-25,the road,25000000.0,8114270.0,,2009,unknown,,,,the road,,,tt5142610,The Road,The Road,2015,95,Documentary,7.7,70,Documentary,the road
95,2018-10-12,beautiful boy,25000000.0,7634767.0,,2018,unknown,,,,beautiful boy,,,tt1226837,Beautiful Boy,Beautiful Boy,2018,120,"Biography,Drama",7.3,30368,Biography,beautiful boy
95,2018-10-12,beautiful boy,25000000.0,7634767.0,,2018,unknown,,,,beautiful boy,,,tt1533013,Beautiful Boy,Beautiful Boy,2010,100,Drama,6.6,6058,Drama,beautiful boy
97,2019-03-15,captive state,25000000.0,5958315.0,,2019,unknown,,,,captive state,,,tt5968394,Captive State,Captive State,2019,109,"Sci-Fi,Thriller",6.9,28780,Sci-Fi,captive state
5,2008-10-03,blindness,25000000.0,3073392.0,,2008,unknown,,,,blindness,,,tt5662990,Blindness,Zacma,2016,115,Drama,5.4,114,Drama,blindness
6,2018-04-13,sgt. stubby: an american hero,25000000.0,3054285.0,,2018,unknown,,,,sgt. stubby: an american hero,,,tt5314190,Sgt. Stubby: An American Hero,Sgt. Stubby: An American Hero,2018,84,"Adventure,Animation,Family",6.9,1225,Adventure,sgt. stubby: an american hero
7,2011-12-16,carnage,25000000.0,2546747.0,,2011,unknown,,,,carnage,,,tt1692486,Carnage,Carnage,2011,80,"Comedy,Drama",7.2,111372,Comedy,carnage
7,2011-12-16,carnage,25000000.0,2546747.0,,2011,unknown,,,,carnage,,,tt6667360,Carnage,Carnage: Swallowing the Past,2017,68,Comedy,7.8,1108,Comedy,carnage
8,2017-09-01,tulip fever,25000000.0,2455635.0,8355635.0,2017,Wein.,2500000.0,5900000.0,2017.0,tulip fever,-16644365.0,-0.6657746,tt0491203,Tulip Fever,Tulip Fever,2017,105,"Drama,History,Romance",6.2,15037,Drama,tulip fever
12,2016-01-29,jane got a gun,25000000.0,1513793.0,,2016,unknown,,,,jane got a gun,,,tt2140037,Jane Got a Gun,Jane Got a Gun,2015,98,"Action,Drama,Western",5.9,19051,Action,jane got a gun
17,2013-03-22,on the road,25000000.0,720828.0,8720828.0,2013,IFC,744000.0,8000000.0,2012.0,on the road,-16279172.0,-0.65116688,tt0337692,On the Road,On the Road,2012,124,"Adventure,Drama,Romance",6.1,37886,Adventure,on the road
17,2013-03-22,on the road,25000000.0,720828.0,8720828.0,2013,IFC,744000.0,8000000.0,2012.0,on the road,-16279172.0,-0.65116688,tt4339118,On the Road,On the Road,2014,89,Drama,6.0,6,Drama,on the road
17,2013-03-22,on the road,25000000.0,720828.0,8720828.0,2013,IFC,744000.0,8000000.0,2012.0,on the road,-16279172.0,-0.65116688,tt5647250,On the Road,On the Road,2016,121,Drama,5.7,127,Drama,on the road
19,2010-06-30,love ranch,25000000.0,137885.0,,2010,unknown,,,,love ranch,,,tt1125929,Love Ranch,Love Ranch,2010,117,"Biography,Comedy,Drama",5.6,2742,Biography,love ranch
25,2011-07-08,ironclad,25000000.0,0.0,,2011,unknown,,,,ironclad,,,tt1233301,Ironclad,Ironclad,2011,121,"Action,Adventure,Drama",6.2,38477,Action,ironclad
26,2019-05-10,the professor and the madman,25000000.0,0.0,,2019,unknown,,,,the professor and the madman,,,tt5932728,The Professor and the Madman,The Professor and the Madman,2019,124,"Biography,Drama,Mystery",7.4,10383,Biography,the professor and the madman
27,2015-03-10,red sky,25000000.0,0.0,,2015,unknown,,,,red sky,,,tt1946381,Red Sky,Red Sky,2014,100,"Action,Thriller",4.1,1337,Action,red sky
27,2015-03-10,red sky,25000000.0,0.0,,2015,unknown,,,,red sky,,,tt3396636,Red Sky,Red Sky,2013,56,Thriller,4.9,17,Thriller,red sky
27,2015-03-10,red sky,25000000.0,0.0,,2015,unknown,,,,red sky,,,tt6950432,Red Sky,Ciel rouge,2017,91,"Drama,War",4.1,35,Drama,red sky
29,2014-01-10,the adventurer: the curse of the midas box,25000000.0,0.0,,2014,unknown,,,,the adventurer: the curse of the midas box,,,tt1376213,The Adventurer: The Curse of the Midas Box,The Adventurer: The Curse of the Midas Box,2013,100,"Adventure,Family,Fantasy",5.4,5257,Adventure,the adventurer: the curse of the midas box
30,2019-12-31,reagan,25000000.0,0.0,,2019,unknown,,,,reagan,,,tt1822382,Reagan,Reagan,2011,105,"Biography,Documentary",7.4,732,Biography,reagan
31,2012-11-09,dangerous liaisons,24200000.0,17000.0,,2012,unknown,,,,dangerous liaisons,,,tt2071441,Dangerous Liaisons,Wi-heom-han gyan-gye,2012,110,"Drama,Mystery,Romance",5.9,1694,Drama,dangerous liaisons
88,1988-12-21,dangerous liaisons,14000000.0,34700000.0,,1988,unknown,,,,dangerous liaisons,,,tt2071441,Dangerous Liaisons,Wi-heom-han gyan-gye,2012,110,"Drama,Mystery,Romance",5.9,1694,Drama,dangerous liaisons
36,2014-06-20,think like a man too,24000000.0,65028687.0,70028687.0,2014,SGem,65200000.0,5000000.0,2014.0,think like a man too,46028687.0,1.9178619583333334,tt2239832,Think Like a Man Too,Think Like a Man Too,2014,106,"Comedy,Romance",5.8,18533,Comedy,think like a man too
37,2016-12-16,fences,24000000.0,57682904.0,64382904.0,2016,Par.,57700000.0,6700000.0,2016.0,fences,40382904.0,1.682621,tt2671706,Fences,Fences,2016,139,Drama,7.2,86749,Drama,fences
39,2011-10-14,footloose,24000000.0,51802742.0,,2011,unknown,,,,footloose,,,tt1068242,Footloose,Footloose,2011,113,"Comedy,Drama,Music",5.9,43251,Comedy,footloose
61,1984-02-17,footloose,8200000.0,80000000.0,,1984,unknown,,,,footloose,,,tt1068242,Footloose,Footloose,2011,113,"Comedy,Drama,Music",5.9,43251,Comedy,footloose
40,2017-04-07,going in style,24000000.0,45018541.0,,2017,unknown,,,,going in style,,,tt2568862,Going in Style,Going in Style,2017,96,"Comedy,Crime",6.6,66418,Comedy,going in style
44,2007-11-21,hitman,24000000.0,39687694.0,,2007,unknown,,,,hitman,,,tt2261633,Hitman,Hitman,2012,95,Action,5.8,85,Action,hitman
44,2007-11-21,hitman,24000000.0,39687694.0,,2007,unknown,,,,hitman,,,tt6625996,Hitman,Hitman,2014,147,Action,4.9,12,Action,hitman
52,2010-08-20,piranha 3d,24000000.0,25003155.0,83203155.0,2010,W/Dim.,25000000.0,58200000.0,2010.0,piranha 3d,59203155.0,2.466798125,tt0464154,Piranha 3D,Piranha 3D,2010,88,"Comedy,Horror",5.4,81327,Comedy,piranha 3d
53,2010-11-24,faster,24000000.0,23240020.0,35640020.0,2010,CBS,23200000.0,12400000.0,2010.0,faster,11640020.0,0.4850008333333333,tt1433108,Faster,Faster,2010,98,"Action,Crime,Drama",6.5,93618,Action,faster
58,2011-09-16,i don't know how she does it,24000000.0,9659074.0,30559074.0,2011,Wein.,9700000.0,20900000.0,2011.0,i don't know how she does it,6559074.0,0.27329475,tt1742650,I Don't Know How She Does It,I Don't Know How She Does It,2011,89,"Comedy,Romance",4.9,18552,Comedy,i don't know how she does it
60,2013-12-20,dhoom 3,24000000.0,8031955.0,88031955.0,2013,Yash,8000000.0,80000000.0,2013.0,dhoom 3,64031955.0,2.667998125,tt1833673,Dhoom 3,Dhoom:3,2013,172,"Action,Thriller",5.4,40466,Action,dhoom 3
71,2018-11-16,green book,23000000.0,85080171.0,319780171.0,2018,Uni.,85100000.0,234700000.0,2018.0,green book,296780171.0,12.903485695652174,tt6966692,Green Book,Green Book,2018,130,"Biography,Comedy,Drama",8.3,204972,Biography,green book
73,2015-01-16,the wedding ringer,23000000.0,64460211.0,79760211.0,2015,SGem,64500000.0,15300000.0,2015.0,the wedding ringer,56760211.0,2.467835260869565,tt0884732,The Wedding Ringer,The Wedding Ringer,2015,101,Comedy,6.7,66893,Comedy,the wedding ringer
74,2000-03-17,final destination,23000000.0,53302314.0,,2000,unknown,,,,final destination,,,tt5056454,Final Destination,Final Destination,2013,65,Documentary,6.1,35,Documentary,final destination
76,2011-10-07,the ides of march,23000000.0,40962534.0,75962534.0,2011,Sony,41000000.0,35000000.0,2011.0,the ides of march,52962534.0,2.302718869565217,tt1124035,The Ides of March,The Ides of March,2011,101,"Drama,Thriller",7.1,207417,Drama,the ides of march
78,2018-10-05,the hate u give,23000000.0,29719483.0,34919483.0,2018,Fox,29700000.0,5200000.0,2018.0,the hate u give,11919483.0,0.5182383913043478,tt5580266,The Hate U Give,The Hate U Give,2018,133,"Crime,Drama",7.3,17583,Crime,the hate u give
80,2014-01-10,her,23000000.0,25568251.0,,2014,unknown,,,,her,,,tt1798709,Her,Her,2013,126,"Drama,Romance,Sci-Fi",8.0,467232,Drama,her
83,2012-01-20,haywire,23000000.0,18942396.0,33342396.0,2012,Rela.,18900000.0,14400000.0,2012.0,haywire,10342396.0,0.4496693913043478,tt1506999,Haywire,Haywire,2011,93,"Action,Drama,Thriller",5.8,78681,Action,haywire
86,2016-02-26,eddie the eagle,23000000.0,15789389.0,46189389.0,2016,Fox,15800000.0,30400000.0,2016.0,eddie the eagle,23189389.0,1.0082343043478261,tt1083452,Eddie the Eagle,Eddie the Eagle,2015,106,"Biography,Comedy,Drama",7.4,75331,Biography,eddie the eagle
88,2000-08-25,the crew,23000000.0,13019253.0,,2000,unknown,,,,the crew,,,tt4428728,The Crew,Braqueurs,2015,81,"Crime,Drama,Thriller",6.3,3030,Crime,the crew
97,2013-06-28,redemption,23000000.0,36686.0,,2013,unknown,,,,redemption,,,tt1350546,Redemption,Redemption,2011,97,"Adventure,Drama,Romance",4.5,98,Adventure,redemption
97,2013-06-28,redemption,23000000.0,36686.0,,2013,unknown,,,,redemption,,,tt1893256,Redemption,Hummingbird,2013,100,"Action,Crime,Drama",6.2,61317,Action,redemption
97,2013-06-28,redemption,23000000.0,36686.0,,2013,unknown,,,,redemption,,,tt3104228,Redemption,Sha jie,2013,110,"Family,Horror,Romance",4.6,25,Family,redemption
97,2013-06-28,redemption,23000000.0,36686.0,,2013,unknown,,,,redemption,,,tt3279418,Redemption,Redemption,2013,106,"Drama,Mystery,Thriller",8.4,5,Drama,redemption
97,2013-06-28,redemption,23000000.0,36686.0,,2013,unknown,,,,redemption,,,tt8666442,Redemption,Geula,2018,104,Drama,7.2,42,Drama,redemption
98,2008-04-25,rogue,23000000.0,10452.0,,2008,unknown,,,,rogue,,,tt6682124,Rogue,Rogue,2017,134,"Action,Romance,Thriller",5.8,69,Action,rogue
3,2016-11-18,nocturnal animals,22500000.0,10663357.0,30263357.0,2016,Focus,10700000.0,19600000.0,2016.0,nocturnal animals,7763357.0,0.34503808888888887,tt4550098,Nocturnal Animals,Nocturnal Animals,2016,116,"Drama,Thriller",7.5,205240,Drama,nocturnal animals
4,2015-04-24,the water diviner,22500000.0,4200117.0,38200117.0,2015,WB,4200000.0,34000000.0,2015.0,the water diviner,15700117.0,0.6977829777777778,tt3007512,The Water Diviner,The Water Diviner,2014,111,"Drama,History,War",7.1,66595,Drama,the water diviner
5,1990-07-13,ghost,22000000.0,217631306.0,,1990,unknown,,,,ghost,,,tt1655400,Ghost,Gôsuto,2010,115,"Drama,Fantasy,Mystery",5.8,229,Drama,ghost
5,1990-07-13,ghost,22000000.0,217631306.0,,1990,unknown,,,,ghost,,,tt2175671,Ghost,Ghost,2012,118,Horror,2.3,205,Horror,ghost
11,2014-02-28,son of god,22000000.0,59700064.0,67800064.0,2014,Fox,59700000.0,8100000.0,2014.0,son of god,45800064.0,2.081821090909091,tt1805411,Son of God,Son of God,2010,80,Documentary,6.8,13,Documentary,son of god
11,2014-02-28,son of god,22000000.0,59700064.0,67800064.0,2014,Fox,59700000.0,8100000.0,2014.0,son of god,45800064.0,2.081821090909091,tt3210686,Son of God,Son of God,2014,138,"Biography,Drama,History",5.8,17606,Biography,son of god
13,2014-08-08,the hundred-foot journey,22000000.0,54235441.0,88835441.0,2014,BV,54200000.0,34600000.0,2014.0,the hundred-foot journey,66835441.0,3.0379745909090907,tt2980648,The Hundred-Foot Journey,The Hundred-Foot Journey,2014,122,"Comedy,Drama",7.3,69562,Comedy,the hundred-foot journey
16,1995-07-28,the net,22000000.0,50621733.0,,1995,unknown,,,,the net,,,tt5996202,The Net,Geumul,2016,114,Drama,7.3,2098,Drama,the net
16,1995-07-28,the net,22000000.0,50621733.0,,1995,unknown,,,,the net,,,tt6864720,The Net,Nevod,2017,75,Drama,5.3,18,Drama,the net
17,2012-08-03,diary of a wimpy kid: dog days,22000000.0,49008662.0,77108662.0,2012,Fox,49000000.0,28100000.0,2012.0,diary of a wimpy kid: dog days,55108662.0,2.5049391818181816,tt2023453,Diary of a Wimpy Kid: Dog Days,Diary of a Wimpy Kid: Dog Days,2012,94,"Comedy,Family",6.3,19571,Comedy,diary of a wimpy kid: dog days
19,2005-11-11,derailed,22000000.0,36020063.0,,2005,unknown,,,,derailed,,,tt6173644,Derailed,Doo namja,2016,107,"Action,Crime",6.3,212,Action,derailed
21,2013-11-22,delivery man,22000000.0,30659817.0,49959817.0,2013,BV,30700000.0,19300000.0,2013.0,delivery man,27959817.0,1.2709007727272728,tt2387559,Delivery Man,Delivery Man,2013,105,"Comedy,Drama",6.4,70706,Comedy,delivery man
22,2016-02-05,"hail, caesar!",22000000.0,30080225.0,63180225.0,2016,Uni.,30500000.0,33100000.0,2016.0,"hail, caesar!",41180225.0,1.8718284090909092,tt0475290,"Hail, Caesar!","Hail, Caesar!",2016,106,"Comedy,Drama,Music",6.3,111422,Comedy,"hail, caesar!"
27,2017-05-19,diary of a wimpy kid: the long haul,22000000.0,20738724.0,40138724.0,2017,Fox,20700000.0,19400000.0,2017.0,diary of a wimpy kid: the long haul,18138724.0,0.8244874545454546,tt6003368,Diary of a Wimpy Kid: The Long Haul,Diary of a Wimpy Kid: The Long Haul,2017,91,"Comedy,Family",4.4,5635,Comedy,diary of a wimpy kid: the long haul
29,2013-11-27,homefront,22000000.0,20158492.0,43058492.0,2013,ORF,20200000.0,22900000.0,2013.0,homefront,21058492.0,0.9572041818181818,tt2312718,Homefront,Homefront,2013,100,"Action,Thriller",6.5,98549,Action,homefront
29,2013-11-27,homefront,22000000.0,20158492.0,43058492.0,2013,ORF,20200000.0,22900000.0,2013.0,homefront,21058492.0,0.9572041818181818,tt2558484,Homefront,The Things We Leave Behind,2013,111,Drama,7.7,17,Drama,homefront
33,2001-09-14,the glass house,22000000.0,17951431.0,,2001,unknown,,,,the glass house,,,tt3106750,The Glass House,The Glass House,2014,95,"Drama,Thriller",7.4,8,Drama,the glass house
34,2015-09-04,the transporter refueled,22000000.0,16029670.0,72629670.0,2015,EC,16000000.0,56600000.0,2015.0,the transporter refueled,50629670.0,2.3013486363636364,tt2938956,The Transporter Refueled,The Transporter Refueled,2015,96,"Action,Adventure,Crime",5.2,36201,Action,the transporter refueled
37,2012-08-22,hit & run,22000000.0,13749300.0,,2012,unknown,,,,hit & run,,,tt10300710,Hit & Run,Hit & Run,2019,114,"Action,Comedy",7.1,43,Action,hit & run
40,2017-11-17,"roman j. israel, esq.",22000000.0,11962712.0,13062712.0,2017,Sony,12000000.0,1100000.0,2017.0,"roman j. israel, esq.",-8937288.0,-0.4062403636363636,tt6000478,"Roman J. Israel, Esq.","Roman J. Israel, Esq.",2017,122,"Crime,Drama,Thriller",6.4,23632,Crime,"roman j. israel, esq."
41,2013-12-04,out of the furnace,22000000.0,11330849.0,15630849.0,2013,Rela.,11300000.0,4300000.0,2013.0,out of the furnace,-6369151.0,-0.28950686363636363,tt1206543,Out of the Furnace,Out of the Furnace,2013,116,"Crime,Drama,Thriller",6.8,99037,Crime,out of the furnace
44,2017-12-08,just getting started,22000000.0,6069605.0,7669605.0,2017,BG,6100000.0,1600000.0,2017.0,just getting started,-14330395.0,-0.6513815909090909,tt5721088,Just Getting Started,Just Getting Started,2017,91,"Action,Comedy",4.4,4829,Action,just getting started
49,2014-10-31,before i go to sleep,22000000.0,3242457.0,15442457.0,2014,CE,3200000.0,12200000.0,2014.0,before i go to sleep,-6557543.0,-0.2980701363636364,tt1726592,Before I Go to Sleep,Before I Go to Sleep,2014,92,"Drama,Horror,Mystery",6.3,64684,Drama,before i go to sleep
50,2010-10-08,stone,22000000.0,1810078.0,9510078.0,2010,Over.,1800000.0,7700000.0,2010.0,stone,-12489922.0,-0.5677237272727272,tt1423995,Stone,Stone,2010,105,"Drama,Thriller",5.4,38667,Drama,stone
50,2010-10-08,stone,22000000.0,1810078.0,9510078.0,2010,Over.,1800000.0,7700000.0,2010.0,stone,-12489922.0,-0.5677237272727272,tt2156825,Stone,Kamen,2012,90,"Crime,Drama,Thriller",5.6,607,Crime,stone
58,2012-06-22,to rome with love,21500000.0,16684352.0,73284352.0,2012,SPC,16700000.0,56600000.0,2012.0,to rome with love,51784352.0,2.408574511627907,tt1859650,To Rome with Love,To Rome with Love,2012,112,"Comedy,Music,Romance",6.3,79381,Comedy,to rome with love
59,2012-11-16,silver linings playbook,21000000.0,132092958.0,236392958.0,2012,Wein.,132100000.0,104300000.0,2012.0,silver linings playbook,215392958.0,10.256807523809524,tt1045658,Silver Linings Playbook,Silver Linings Playbook,2012,122,"Comedy,Drama,Romance",7.7,621018,Comedy,silver linings playbook
60,2018-04-06,blockers,21000000.0,60311495.0,94011495.0,2018,Uni.,60300000.0,33700000.0,2018.0,blockers,73011495.0,3.476737857142857,tt2531344,Blockers,Blockers,2018,102,Comedy,6.2,57142,Comedy,blockers
61,2019-04-05,pet sematary,21000000.0,54724696.0,,2019,unknown,,,,pet sematary,,,tt0837563,Pet Sematary,Pet Sematary,2019,101,"Horror,Mystery,Thriller",6.0,34472,Horror,pet sematary
61,1989-04-21,pet sematary,11500000.0,57469179.0,,1989,unknown,,,,pet sematary,,,tt0837563,Pet Sematary,Pet Sematary,2019,101,"Horror,Mystery,Thriller",6.0,34472,Horror,pet sematary
64,2010-04-16,death at a funeral,21000000.0,42739347.0,,2010,unknown,,,,death at a funeral,,,tt1321509,Death at a Funeral,Death at a Funeral,2010,92,Comedy,5.7,42042,Comedy,death at a funeral
53,2007-08-17,death at a funeral,20000000.0,8580428.0,,2007,unknown,,,,death at a funeral,,,tt1321509,Death at a Funeral,Death at a Funeral,2010,92,Comedy,5.7,42042,Comedy,death at a funeral
67,2010-11-05,for colored girls,21000000.0,37729698.0,37746998.0,2010,LGF,37700000.0,17300.0,2010.0,for colored girls,16746998.0,0.7974760952380953,tt1405500,For Colored Girls,For Colored Girls,2010,133,Drama,6.1,6728,Drama,for colored girls
69,2017-08-04,kidnap,21000000.0,30718107.0,,2017,unknown,,,,kidnap,,,tt1458169,Kidnap,Kidnap,2017,95,"Crime,Drama,Thriller",5.9,28898,Crime,kidnap
72,2011-12-09,tinker tailor soldier spy,21000000.0,24149393.0,,2011,unknown,,,,tinker tailor soldier spy,,,tt1340800,Tinker Tailor Soldier Spy,Tinker Tailor Soldier Spy,2011,122,"Drama,Mystery,Thriller",7.1,174890,Drama,tinker tailor soldier spy
79,2011-05-06,the beaver,21000000.0,970816.0,7270816.0,2011,Sum.,971000.0,6300000.0,2011.0,the beaver,-13729184.0,-0.6537706666666667,tt1321860,The Beaver,The Beaver,2011,91,Drama,6.7,45173,Drama,the beaver
80,2017-02-24,bitter harvest,21000000.0,557241.0,,2017,unknown,,,,bitter harvest,,,tt3182620,Bitter Harvest,Bitter Harvest,2017,103,"Drama,Romance,War",6.1,3057,Drama,bitter harvest
81,1999-10-22,molly,21000000.0,17396.0,,1999,unknown,,,,molly,,,tt6522982,Molly,Molly,2017,91,"Action,Sci-Fi",4.6,726,Action,molly
82,2019-02-01,velvet buzzsaw,21000000.0,0.0,,2019,unknown,,,,velvet buzzsaw,,,tt7043012,Velvet Buzzsaw,Velvet Buzzsaw,2019,113,"Horror,Mystery,Thriller",5.7,40213,Horror,velvet buzzsaw
85,2006-08-11,pulse,20500000.0,20264436.0,,2006,unknown,,,,pulse,,,tt4161036,Pulse,Pulse,2017,84,"Drama,Fantasy,Sci-Fi",5.3,56,Drama,pulse
88,2019-03-22,us,20000000.0,175006930.0,,2019,unknown,,,,us,,,tt2708782,Us,Vi,2013,92,Drama,5.3,814,Drama,us
88,2019-03-22,us,20000000.0,175006930.0,,2019,unknown,,,,us,,,tt4862056,Us,Us,2015,75,Comedy,8.3,14,Comedy,us
88,2019-03-22,us,20000000.0,175006930.0,,2019,unknown,,,,us,,,tt6857112,Us,Us,2019,116,"Horror,Mystery,Thriller",7.1,102511,Horror,us
92,2016-12-09,la la land,20000000.0,151101803.0,446101803.0,2016,LG/S,151100000.0,295000000.0,2016.0,la la land,426101803.0,21.30509015,tt3783958,La La Land,La La Land,2016,128,"Comedy,Drama,Music",8.0,436070,Comedy,la la land
93,2013-07-19,the conjuring,20000000.0,137400141.0,319500141.0,2013,WB (NL),137400000.0,182100000.0,2013.0,the conjuring,299500141.0,14.97500705,tt1457767,The Conjuring,The Conjuring,2013,112,"Horror,Mystery,Thriller",7.5,397233,Horror,the conjuring
95,2017-11-17,wonder,20000000.0,132422809.0,305922809.0,2017,LGF,132400000.0,173500000.0,2017.0,wonder,285922809.0,14.29614045,tt2543472,Wonder,Wonder,2017,113,"Drama,Family",8.0,111632,Drama,wonder
98,2010-10-15,jackass 3d,20000000.0,117229692.0,,2010,unknown,,,,jackass 3d,,,tt1116184,Jackass 3D,Jackass 3D,2010,95,"Action,Comedy,Documentary",7.0,53289,Action,jackass 3d
99,2016-07-29,bad moms,20000000.0,113257297.0,183957297.0,2016,STX,113300000.0,70700000.0,2016.0,bad moms,163957297.0,8.19786485,tt4651520,Bad Moms,Bad Moms,2016,100,Comedy,6.2,100952,Comedy,bad moms
100,2019-01-18,glass,20000000.0,111035005.0,,2019,unknown,,,,glass,,,tt4598720,Glass,Glass,2016,71,"Drama,Mystery,Thriller",8.2,84,Drama,glass
100,2019-01-18,glass,20000000.0,111035005.0,,2019,unknown,,,,glass,,,tt5144236,Glass,Glass,2015,77,"Crime,Horror,Mystery",3.4,29,Crime,glass
100,2019-01-18,glass,20000000.0,111035005.0,,2019,unknown,,,,glass,,,tt6823368,Glass,Glass,2019,129,"Drama,Sci-Fi,Thriller",6.8,133793,Drama,glass
3,2014-07-02,tammy,20000000.0,84525432.0,100525432.0,2014,WB (NL),84500000.0,16000000.0,2014.0,tammy,80525432.0,4.0262716,tt2103254,Tammy,Tammy,2014,97,"Comedy,Romance",4.9,44345,Comedy,tammy
5,2011-11-16,the descendants,20000000.0,82624961.0,177324961.0,2011,FoxS,82600000.0,94700000.0,2011.0,the descendants,157324961.0,7.86624805,tt1033575,The Descendants,The Descendants,2011,115,"Comedy,Drama",7.3,223464,Comedy,the descendants
5,2011-11-16,the descendants,20000000.0,82624961.0,177324961.0,2011,FoxS,82600000.0,94700000.0,2011.0,the descendants,157324961.0,7.86624805,tt5838908,The Descendants,The Descendants,2015,80,Drama,7.5,12,Drama,the descendants
12,2009-04-24,obsessed,20000000.0,68261644.0,,2009,unknown,,,,obsessed,,,tt3303730,Obsessed,In-gan-jung-dok,2014,132,Drama,6.2,758,Drama,obsessed
15,2010-03-31,the last song,20000000.0,62950384.0,89050384.0,2010,BV,63000000.0,26100000.0,2010.0,the last song,69050384.0,3.4525192,tt1294226,The Last Song,The Last Song,2010,107,"Drama,Music,Romance",6.0,74914,Drama,the last song
16,2010-04-02,why did i get married too?,20000000.0,60095852.0,,2010,unknown,,,,why did i get married too?,,,tt1391137,Why Did I Get Married Too?,Why Did I Get Married Too?,2010,121,"Comedy,Drama,Romance",4.6,8653,Comedy,why did i get married too?
18,2013-10-18,12 years a slave,20000000.0,56671993.0,187771993.0,2013,FoxS,56700000.0,131100000.0,2013.0,12 years a slave,167771993.0,8.38859965,tt2024544,12 Years a Slave,12 Years a Slave,2013,134,"Biography,Drama,History",8.1,577301,Biography,12 years a slave
20,2016-06-03,me before you,20000000.0,56245075.0,208345075.0,2016,WB (NL),56200000.0,152100000.0,2016.0,me before you,188345075.0,9.41725375,tt2674426,Me Before You,Me Before You,2016,106,"Drama,Romance",7.4,174567,Drama,me before you
21,2019-02-08,what men want,20000000.0,54611903.0,,2019,unknown,,,,what men want,,,tt7634968,What Men Want,What Men Want,2019,117,"Comedy,Fantasy,Romance",4.9,10141,Comedy,what men want
22,2016-04-15,barbershop: the next cut,20000000.0,54030051.0,55030051.0,2016,WB (NL),54000000.0,1000000.0,2016.0,barbershop: the next cut,35030051.0,1.75150255,tt3628584,Barbershop: The Next Cut,Barbershop: The Next Cut,2016,111,"Comedy,Drama",5.9,13306,Comedy,barbershop: the next cut
24,2018-09-14,a simple favor,20000000.0,53548586.0,97648586.0,2018,LGF,53500000.0,44100000.0,2018.0,a simple favor,77648586.0,3.8824293,tt7040874,A Simple Favor,A Simple Favor,2018,117,"Comedy,Crime,Drama",6.9,83338,Comedy,a simple favor
25,2015-01-09,selma,20000000.0,52076908.0,66776908.0,2015,Par.,52100000.0,14700000.0,2014.0,selma,46776908.0,2.3388454,tt1020072,Selma,Selma,2014,128,"Biography,Drama,History",7.5,77633,Biography,selma
34,2015-11-06,spotlight,20000000.0,45055776.0,98255776.0,2015,ORF,45100000.0,53200000.0,2015.0,spotlight,78255776.0,3.9127888,tt1895587,Spotlight,Spotlight,2015,129,"Crime,Drama",8.1,365110,Crime,spotlight
34,2015-11-06,spotlight,20000000.0,45055776.0,98255776.0,2015,ORF,45100000.0,53200000.0,2015.0,spotlight,78255776.0,3.9127888,tt7785302,Spotlight,Spotlight,2015,99,Drama,8.0,12,Drama,spotlight
35,2018-03-30,acrimony,20000000.0,43549096.0,,2018,unknown,,,,acrimony,,,tt6063050,Acrimony,Acrimony,2018,120,"Drama,Romance,Thriller",5.7,6119,Drama,acrimony
36,2015-06-26,max,20000000.0,42656255.0,,2015,unknown,,,,max,,,tt2390281,Max,Max,2012,83,Comedy,5.1,248,Comedy,max
36,2015-06-26,max,20000000.0,42656255.0,,2015,unknown,,,,max,,,tt3369806,Max,Max,2015,111,"Adventure,Drama,Family",6.8,23976,Adventure,max
38,2009-07-24,orphan,20000000.0,41596251.0,,2009,unknown,,,,orphan,,,tt4746516,Orphan,Orpheline,2016,111,Drama,6.1,584,Drama,orphan
39,2017-11-17,the star,20000000.0,40847995.0,62847995.0,2017,Sony,40900000.0,22000000.0,2017.0,the star,42847995.0,2.14239975,tt4587656,The Star,The Star,2017,86,"Adventure,Animation,Comedy",6.1,5159,Adventure,the star
43,2016-07-27,nerve,20000000.0,38583626.0,85283626.0,2016,LGF,38600000.0,46700000.0,2016.0,nerve,65283626.0,3.2641813,tt1772317,Nerve,Nerve,2011,83,"Comedy,Drama",6.8,88,Comedy,nerve
43,2016-07-27,nerve,20000000.0,38583626.0,85283626.0,2016,LGF,38600000.0,46700000.0,2016.0,nerve,65283626.0,3.2641813,tt2495778,Nerve,Nerve,2013,86,"Drama,Mystery,Thriller",4.6,118,Drama,nerve
43,2016-07-27,nerve,20000000.0,38583626.0,85283626.0,2016,LGF,38600000.0,46700000.0,2016.0,nerve,65283626.0,3.2641813,tt3531824,Nerve,Nerve,2016,96,"Action,Adventure,Crime",6.5,102782,Action,nerve
43,2016-07-27,nerve,20000000.0,38583626.0,85283626.0,2016,LGF,38600000.0,46700000.0,2016.0,nerve,65283626.0,3.2641813,tt5324464,Nerve,Nerve,2015,62,"Documentary,History",6.2,6,Documentary,nerve
48,2016-02-19,risen,20000000.0,36880033.0,46080033.0,2016,Sony,36900000.0,9200000.0,2016.0,risen,26080033.0,1.30400165,tt0850709,Risen,Risen,2010,121,"Biography,Drama",5.3,182,Biography,risen
48,2016-02-19,risen,20000000.0,36880033.0,46080033.0,2016,Sony,36900000.0,9200000.0,2016.0,risen,26080033.0,1.30400165,tt3231054,Risen,Risen,2016,107,"Action,Adventure,Drama",6.3,22813,Action,risen
49,2010-08-18,vampires suck,20000000.0,36661504.0,80561504.0,2010,Fox,36700000.0,43900000.0,2010.0,vampires suck,60561504.0,3.0280752,tt1666186,Vampires Suck,Vampires Suck,2010,82,Comedy,3.4,43984,Comedy,vampires suck
50,1979-12-21,the black hole,20000000.0,35841901.0,,1979,unknown,,,,the black hole,,,tt1877707,The Black Hole,Mind's Eye,2016,111,"Sci-Fi,Thriller",2.8,346,Sci-Fi,the black hole
51,2010-09-01,the american,20000000.0,35606376.0,67906375.0,2010,Focus,35600000.0,32299999.0,2010.0,the american,47906375.0,2.39531875,tt1440728,The American,The American,2010,105,"Crime,Drama,Thriller",6.3,86863,Crime,the american
53,2011-11-04,a very harold & kumar 3d christmas,20000000.0,35061031.0,35387031.0,2011,WB,35100000.0,326000.0,2011.0,a very harold & kumar 3d christmas,15387031.0,0.76935155,tt1268799,A Very Harold & Kumar 3D Christmas,A Very Harold & Kumar 3D Christmas,2011,90,"Adventure,Comedy",6.3,62151,Adventure,a very harold & kumar 3d christmas
55,2013-01-04,texas chainsaw 3d,20000000.0,34341945.0,47241945.0,2013,LGF,34300000.0,12900000.0,2013.0,texas chainsaw 3d,27241945.0,1.36209725,tt1572315,Texas Chainsaw 3D,Texas Chainsaw 3D,2013,92,"Horror,Thriller",4.8,41784,Horror,texas chainsaw 3d
57,2014-09-19,this is where i leave you,20000000.0,34296320.0,41296320.0,2014,WB,34300000.0,7000000.0,2014.0,this is where i leave you,21296320.0,1.064816,tt1371150,This Is Where I Leave You,This Is Where I Leave You,2014,103,"Comedy,Drama",6.6,65202,Comedy,this is where i leave you
60,1995-10-27,copycat,20000000.0,32051917.0,,1995,unknown,,,,copycat,,,tt2236686,Copycat,Copycat,2016,90,Comedy,5.1,157,Comedy,copycat
62,2010-03-12,she's out of my league,20000000.0,32010860.0,49810860.0,2010,Par.,32000000.0,17800000.0,2010.0,she's out of my league,29810860.0,1.490543,tt0815236,She's Out of My League,She's Out of My League,2010,104,"Comedy,Romance",6.4,117245,Comedy,she's out of my league
63,2008-11-26,milk,20000000.0,31841299.0,,2008,unknown,,,,milk,,,tt4418698,Milk,Milk,2015,91,"Documentary,Family",7.2,14,Documentary,milk
65,2011-08-31,the debt,20000000.0,31177548.0,45677548.0,2011,Focus,31200000.0,14500000.0,2011.0,the debt,25677548.0,1.2838774,tt1226753,The Debt,The Debt,2010,113,"Drama,Thriller",6.9,61046,Drama,the debt
65,2011-08-31,the debt,20000000.0,31177548.0,45677548.0,2011,Focus,31200000.0,14500000.0,2011.0,the debt,25677548.0,1.2838774,tt2698966,The Debt,Oliver's Deal,2015,99,"Drama,Mystery,Thriller",6.1,624,Drama,the debt
76,2013-08-23,the world's end,20000000.0,26004851.0,46104851.0,2013,Focus,26000000.0,20100000.0,2013.0,the world's end,26104851.0,1.30524255,tt1213663,The World's End,The World's End,2013,109,"Action,Comedy,Sci-Fi",7.0,235308,Action,the world's end
78,2010-09-24,you again,20000000.0,25702053.0,32002053.0,2010,BV,25700000.0,6300000.0,2010.0,you again,12002053.0,0.60010265,tt1414382,You Again,You Again,2010,105,"Comedy,Family,Romance",5.8,46690,Comedy,you again
81,2018-12-25,on the basis of sex,20000000.0,24622687.0,38222687.0,2018,Focus,24600000.0,13600000.0,2018.0,on the basis of sex,18222687.0,0.91113435,tt4669788,On the Basis of Sex,On the Basis of Sex,2018,120,"Biography,Drama",6.9,12083,Biography,on the basis of sex
82,2014-02-14,endless love,20000000.0,23438250.0,,2014,unknown,,,,endless love,,,tt2318092,Endless Love,Endless Love,2014,104,"Drama,Romance",6.3,37869,Drama,endless love
83,2006-09-08,the covenant,20000000.0,23364784.0,,2006,unknown,,,,the covenant,,,tt3296724,The Covenant,The Covenant,2013,99,Musical,6.2,5,Musical,the covenant
83,2006-09-08,the covenant,20000000.0,23364784.0,,2006,unknown,,,,the covenant,,,tt5607782,The Covenant,The Covenant,2017,90,Horror,5.2,1359,Horror,the covenant
84,2011-07-01,monte carlo,20000000.0,23186769.0,39686769.0,2011,Fox,23200000.0,16500000.0,2011.0,monte carlo,19686769.0,0.98433845,tt1067774,Monte Carlo,Monte Carlo,2011,109,"Adventure,Comedy,Family",5.8,38731,Adventure,monte carlo
87,2017-06-16,rough night,20000000.0,22105643.0,47305643.0,2017,Sony,22100000.0,25200000.0,2017.0,rough night,27305643.0,1.36528215,tt4799050,Rough Night,Rough Night,2017,101,"Comedy,Crime,Thriller",5.2,39447,Comedy,rough night
88,1998-12-04,psycho,20000000.0,21541218.0,,1998,unknown,,,,psycho,,,tt3000390,Psycho,Psycho,2013,86,Thriller,5.2,35,Thriller,psycho
91,2009-08-21,shorts,20000000.0,20919166.0,,2009,unknown,,,,shorts,,,tt3257168,Shorts,Shorts,2013,95,Drama,6.5,408,Drama,shorts
92,1998-10-30,vampires,20000000.0,20268825.0,,1998,unknown,,,,vampires,,,tt1500906,Vampires,Vampires,2010,88,"Comedy,Fantasy,Horror",6.2,851,Comedy,vampires
94,2015-11-20,secret in their eyes,20000000.0,20180155.0,,2015,unknown,,,,secret in their eyes,,,tt1741273,Secret in Their Eyes,Secret in Their Eyes,2015,111,"Crime,Drama,Mystery",6.3,37455,Crime,secret in their eyes
99,1981-07-31,under the rainbow,20000000.0,18826490.0,,1981,unknown,,,,under the rainbow,,,tt2241691,Under the Rainbow,Au bout du conte,2013,112,"Comedy,Drama,Romance",5.9,1174,Comedy,under the rainbow
99,1981-07-31,under the rainbow,20000000.0,18826490.0,,1981,unknown,,,,under the rainbow,,,tt4670270,Under the Rainbow,Under the Rainbow,2015,75,Horror,6.2,8,Horror,under the rainbow
16,2004-09-03,paparazzi,20000000.0,15712072.0,,2004,unknown,,,,paparazzi,,,tt5303564,Paparazzi,Paparazzi,2015,110,"Action,Drama,Romance",5.9,30,Action,paparazzi
22,2012-04-13,lockout,20000000.0,14326865.0,32226865.0,2012,FD,14300000.0,17900000.0,2012.0,lockout,12226865.0,0.61134325,tt1592525,Lockout,Lockout,2012,95,"Action,Sci-Fi,Thriller",6.1,89554,Action,lockout
24,2011-09-30,what's your number?,20000000.0,14011084.0,30411083.0,2011,Fox,14000000.0,16399999.0,2011.0,what's your number?,10411083.0,0.52055415,tt0770703,What's Your Number?,What's Your Number?,2011,106,"Comedy,Romance",6.1,67922,Comedy,what's your number?
27,2015-10-30,burnt,20000000.0,13651946.0,36651946.0,2015,Wein.,13700000.0,23000000.0,2015.0,burnt,16651946.0,0.8325973,tt2503944,Burnt,Burnt,2015,101,"Comedy,Drama",6.6,95988,Comedy,burnt
33,2016-02-26,triple 9,20000000.0,12639297.0,23139297.0,2016,ORF,12600000.0,10500000.0,2016.0,triple 9,3139297.0,0.15696485,tt1712261,Triple 9,Triple 9,2016,115,"Crime,Thriller",6.3,60369,Crime,triple 9
34,2016-09-02,the light between oceans,20000000.0,12545979.0,25945979.0,2016,BV,12500000.0,13400000.0,2016.0,the light between oceans,5945979.0,0.29729895,tt2547584,The Light Between Oceans,The Light Between Oceans,2016,133,"Drama,Romance",7.2,46247,Drama,the light between oceans
38,2010-10-01,let me in,20000000.0,12134935.0,24134935.0,2010,Over.,12100000.0,12000000.0,2010.0,let me in,4134935.0,0.20674675,tt1228987,Let Me In,Let Me In,2010,116,"Drama,Fantasy,Horror",7.1,107012,Drama,let me in
38,2010-10-01,let me in,20000000.0,12134935.0,24134935.0,2010,Over.,12100000.0,12000000.0,2010.0,let me in,4134935.0,0.20674675,tt7122852,Let Me In,Let Me In,2017,74,Horror,5.1,7,Horror,let me in
47,2016-06-03,popstar: never stop never stopping,20000000.0,9496130.0,,2016,unknown,,,,popstar: never stop never stopping,,,tt3960412,Popstar: Never Stop Never Stopping,Popstar: Never Stop Never Stopping,2016,87,"Comedy,Music",6.7,47278,Comedy,popstar: never stop never stopping
48,2017-10-27,thank you for your service,20000000.0,9479390.0,,2017,unknown,,,,thank you for your service,,,tt2352196,Thank You for Your Service,Thank You for Your Service,2015,88,"Documentary,Drama",7.7,74,Documentary,thank you for your service
48,2017-10-27,thank you for your service,20000000.0,9479390.0,,2017,unknown,,,,thank you for your service,,,tt2776878,Thank You for Your Service,Thank You for Your Service,2017,109,"Biography,Drama,War",6.5,10006,Biography,thank you for your service
49,2009-12-04,everybody's fine,20000000.0,9208876.0,,2009,unknown,,,,everybody's fine,,,tt5328352,Everybody's Fine,Everybody's Fine,2016,105,Drama,5.9,62,Drama,everybody's fine
51,2013-09-20,battle of the year,20000000.0,8888355.0,16588355.0,2013,SGem,8900000.0,7700000.0,2013.0,battle of the year,-3411645.0,-0.17058225,tt1532958,Battle of the Year,Battle of the Year,2013,110,"Drama,Music",5.1,8769,Drama,battle of the year
54,2005-09-09,the man,20000000.0,8330720.0,,2005,unknown,,,,the man,,,tt1740683,The Man,Mesteren,2017,94,Drama,6.3,513,Drama,the man
56,2014-12-12,inherent vice,20000000.0,8110975.0,14710975.0,2014,WB,8100000.0,6600000.0,2014.0,inherent vice,-5289025.0,-0.26445125,tt1791528,Inherent Vice,Inherent Vice,2014,148,"Comedy,Crime,Drama",6.7,83346,Comedy,inherent vice
58,2013-10-11,machete kills,20000000.0,8008161.0,15008161.0,2013,ORF,8000000.0,7000000.0,2013.0,machete kills,-4991839.0,-0.24959195,tt2002718,Machete Kills,Machete Kills,2013,107,"Action,Crime,Sci-Fi",5.6,69968,Action,machete kills
65,2015-04-24,little boy,20000000.0,6485961.0,,2015,unknown,,,,little boy,,,tt1810683,Little Boy,Little Boy,2015,106,"Drama,History,War",7.4,20945,Drama,little boy
67,2012-10-26,chasing mavericks,20000000.0,6002756.0,6003356.0,2012,Fox,6000000.0,600.0,2012.0,chasing mavericks,-13996644.0,-0.6998322,tt1629757,Chasing Mavericks,Chasing Mavericks,2012,116,"Biography,Drama,Sport",7.2,28994,Biography,chasing mavericks
68,2014-12-31,a most violent year,20000000.0,5749134.0,12049134.0,2014,A24,5700000.0,6300000.0,2014.0,a most violent year,-7950866.0,-0.3975433,tt2937898,A Most Violent Year,A Most Violent Year,2014,125,"Crime,Drama,Thriller",7.0,60165,Crime,a most violent year
69,2011-11-23,a dangerous method,20000000.0,5702083.0,27502083.0,2011,SPC,5700000.0,21800000.0,2011.0,a dangerous method,7502083.0,0.37510415,tt1571222,A Dangerous Method,A Dangerous Method,2011,99,"Biography,Drama,Romance",6.4,93259,Biography,a dangerous method
74,2016-08-26,hands of stone,20000000.0,4712792.0,,2016,unknown,,,,hands of stone,,,tt1781827,Hands of Stone,Hands of Stone,2016,111,"Action,Biography,Drama",6.6,12851,Action,hands of stone
78,2012-09-07,the cold light of day,20000000.0,3763583.0,16863583.0,2012,LG/S,3800000.0,13100000.0,2012.0,the cold light of day,-3136417.0,-0.15682085,tt1366365,The Cold Light of Day,The Cold Light of Day,2012,93,"Action,Thriller",4.9,33039,Action,the cold light of day
81,2018-10-26,suspiria,20000000.0,2483472.0,7883472.0,2018,Amazon,2500000.0,5400000.0,2018.0,suspiria,-12116528.0,-0.6058264,tt1034415,Suspiria,Suspiria,2018,152,"Fantasy,Horror,Mystery",6.8,37360,Fantasy,suspiria
82,2017-11-03,lbj,20000000.0,2468683.0,,2017,unknown,,,,lbj,,,tt4778988,LBJ,LBJ,2016,98,"Biography,Drama,History",6.5,4396,Biography,lbj
85,2015-11-13,my all-american,20000000.0,2246000.0,,2015,unknown,,,,my all-american,,,tt3719896,My All-American,My All-American,2015,118,"Biography,Drama,Sport",7.2,5058,Biography,my all-american
89,2002-12-06,equilibrium,20000000.0,1190018.0,,2002,unknown,,,,equilibrium,,,tt2549398,Equilibrium,Equilibrium,2012,77,"Comedy,Mystery,Thriller",5.7,13,Comedy,equilibrium
89,2002-12-06,equilibrium,20000000.0,1190018.0,,2002,unknown,,,,equilibrium,,,tt7263736,Equilibrium,L'equilibrio,2017,90,Drama,6.2,63,Drama,equilibrium
90,2011-04-29,dylan dog: dead of night,20000000.0,1186538.0,4586538.0,2011,OMNI/FSR,1200000.0,3400000.0,2011.0,dylan dog: dead of night,-15413462.0,-0.7706731,tt1013860,Dylan Dog: Dead of Night,Dylan Dog: Dead of Night,2010,107,"Action,Comedy,Crime",5.1,14120,Action,dylan dog: dead of night
91,2012-08-29,the oogieloves in the big balloon adventure,20000000.0,1065907.0,,2012,unknown,,,,the oogieloves in the big balloon adventure,,,tt1520498,The Oogieloves in the Big Balloon Adventure,The Oogieloves in the Big Balloon Adventure,2012,88,"Adventure,Family,Fantasy",6.0,14723,Adventure,the oogieloves in the big balloon adventure
94,2010-08-06,middle men,20000000.0,754301.0,,2010,unknown,,,,middle men,,,tt1664697,Middle Men,Middle Men,2010,82,"Action,Comedy,Crime",5.8,45,Action,middle men
96,2010-12-03,all good things,20000000.0,582024.0,644524.0,2010,Magn.,582000.0,62500.0,2010.0,all good things,-19355476.0,-0.9677738,tt1175709,All Good Things,All Good Things,2010,101,"Crime,Drama,Mystery",6.3,49684,Crime,all good things
97,2015-11-13,by the sea,20000000.0,538460.0,3338460.0,2015,Uni.,538000.0,2800000.0,2015.0,by the sea,-16661540.0,-0.833077,tt3707106,By the Sea,By the Sea,2015,122,"Drama,Romance",5.3,16206,Drama,by the sea
97,2015-11-13,by the sea,20000000.0,538460.0,3338460.0,2015,Uni.,538000.0,2800000.0,2015.0,by the sea,-16661540.0,-0.833077,tt4301034,By the Sea,A Orillas del Mar,2016,80,Drama,8.0,33,Drama,by the sea
1,2010-12-10,the tempest,20000000.0,277943.0,346643.0,2010,Mira.,278000.0,68700.0,2010.0,the tempest,-19653357.0,-0.98266785,tt1274300,The Tempest,The Tempest,2010,110,"Comedy,Drama,Fantasy",5.4,7073,Comedy,the tempest
1,2010-12-10,the tempest,20000000.0,277943.0,346643.0,2010,Mira.,278000.0,68700.0,2010.0,the tempest,-19653357.0,-0.98266785,tt1683003,The Tempest,The Tempest,2010,131,Drama,7.8,94,Drama,the tempest
1,2010-12-10,the tempest,20000000.0,277943.0,346643.0,2010,Mira.,278000.0,68700.0,2010.0,the tempest,-19653357.0,-0.98266785,tt3840898,The Tempest,The Tempest,2014,169,"Comedy,Drama",8.5,171,Comedy,the tempest
6,2015-10-30,regression,20000000.0,55039.0,17655039.0,2015,W/Dim.,55000.0,17600000.0,2016.0,regression,-2344961.0,-0.11724805,tt3319920,Regression,Regression,2015,106,"Crime,Horror,Mystery",5.7,33335,Crime,regression
7,2008-12-31,admiral,20000000.0,0.0,,2008,unknown,,,,admiral,,,tt2544766,Admiral,Michiel de Ruyter,2015,151,"Action,Adventure,Biography",7.0,7978,Action,admiral
8,2012-12-31,zambezia,20000000.0,0.0,,2012,unknown,,,,zambezia,,,tt1488181,Zambezia,Zambezia,2012,83,"Adventure,Animation,Comedy",5.8,6010,Adventure,zambezia
11,2015-05-29,survivor,20000000.0,0.0,,2015,unknown,,,,survivor,,,tt2215463,Survivor,Survivor,2012,81,"Biography,Crime,Documentary",9.0,45,Biography,survivor
11,2015-05-29,survivor,20000000.0,0.0,,2015,unknown,,,,survivor,,,tt3247714,Survivor,Survivor,2015,96,"Action,Crime,Thriller",5.6,28614,Action,survivor
11,2015-05-29,survivor,20000000.0,0.0,,2015,unknown,,,,survivor,,,tt3297792,Survivor,Survivor,2014,93,"Action,Adventure,Fantasy",4.1,1750,Action,survivor
12,2016-11-18,the history of love,20000000.0,0.0,,2016,unknown,,,,the history of love,,,tt0443533,The History of Love,The History of Love,2016,134,"Drama,Romance,War",6.3,1024,Drama,the history of love
14,2014-08-29,dwegons and leprechauns,20000000.0,0.0,,2014,unknown,,,,dwegons and leprechauns,,,tt1134666,Dwegons and Leprechauns,Dwegons and Leprechauns,2014,98,Animation,4.2,84,Animation,dwegons and leprechauns
15,2016-07-22,fight valley,20000000.0,0.0,,2016,unknown,,,,fight valley,,,tt4280822,Fight Valley,Fight Valley,2016,90,"Action,Drama",2.7,494,Action,fight valley
17,2018-12-13,bird box,19800000.0,0.0,,2018,unknown,,,,bird box,,,tt2737304,Bird Box,Bird Box,2018,124,"Drama,Horror,Sci-Fi",6.6,218063,Drama,bird box
19,2017-12-01,the shape of water,19500000.0,63859435.0,195259435.0,2017,FoxS,63900000.0,131400000.0,2017.0,the shape of water,175759435.0,9.01330435897436,tt5580390,The Shape of Water,The Shape of Water,2017,123,"Adventure,Drama,Fantasy",7.3,308112,Adventure,the shape of water
22,2013-08-23,the frozen ground,19200000.0,0.0,,2013,unknown,,,,the frozen ground,,,tt2005374,The Frozen Ground,The Frozen Ground,2013,105,"Crime,Drama,Mystery",6.4,51915,Crime,the frozen ground
23,2011-07-29,the devil's double,19100000.0,1361512.0,,2011,unknown,,,,the devil's double,,,tt1270262,The Devil's Double,The Devil's Double,2011,109,"Biography,Drama,Thriller",7.1,58342,Biography,the devil's double
27,2011-06-24,bad teacher,19000000.0,100292856.0,216192856.0,2011,Sony,100300000.0,115900000.0,2011.0,bad teacher,197192856.0,10.378571368421053,tt1284575,Bad Teacher,Bad Teacher,2011,92,"Comedy,Romance",5.7,181189,Comedy,bad teacher
28,2016-08-12,sausage party,19000000.0,97670358.0,140670358.0,2016,Sony,97700000.0,43000000.0,2016.0,sausage party,121670358.0,6.403703052631579,tt1700841,Sausage Party,Sausage Party,2016,89,"Adventure,Animation,Comedy",6.2,159111,Adventure,sausage party
36,2010-02-26,the crazies,19000000.0,39123589.0,54823589.0,2010,Over.,39100000.0,15700000.0,2010.0,the crazies,35823589.0,1.885452052631579,tt0455407,The Crazies,The Crazies,2010,101,"Horror,Thriller",6.5,104465,Horror,the crazies
39,2010-08-20,the switch,19000000.0,27758465.0,49858465.0,2010,Mira.,27800000.0,22100000.0,2010.0,the switch,30858465.0,1.6241297368421053,tt0889573,The Switch,The Switch,2010,101,"Comedy,Drama,Romance",6.1,90661,Comedy,the switch
40,2010-01-08,leap year,19000000.0,25918920.0,32618920.0,2010,Uni.,25900000.0,6700000.0,2010.0,leap year,13618920.0,0.7167852631578947,tt1216492,Leap Year,Leap Year,2010,100,"Comedy,Romance",6.5,86125,Comedy,leap year
40,2010-01-08,leap year,19000000.0,25918920.0,32618920.0,2010,Uni.,25900000.0,6700000.0,2010.0,leap year,13618920.0,0.7167852631578947,tt1537401,Leap Year,Año bisiesto,2010,94,"Drama,Romance",5.9,2211,Drama,leap year
41,2013-11-08,the book thief,19000000.0,21488481.0,76588481.0,2013,Fox,21500000.0,55100000.0,2013.0,the book thief,57588481.0,3.0309726842105262,tt0816442,The Book Thief,The Book Thief,2013,131,"Drama,War",7.6,119023,Drama,the book thief
47,1998-01-09,firestorm,19000000.0,8123860.0,,1998,unknown,,,,firestorm,,,tt1436031,Firestorm,Firestorm,2010,54,Documentary,7.3,6,Documentary,firestorm
47,1998-01-09,firestorm,19000000.0,8123860.0,,1998,unknown,,,,firestorm,,,tt3341072,Firestorm,Fung bou,2013,118,"Action,Crime,Thriller",6.2,2391,Action,firestorm
48,2011-03-04,take me home tonight,19000000.0,6928068.0,,2011,unknown,,,,take me home tonight,,,tt0810922,Take Me Home Tonight,Take Me Home Tonight,2011,97,"Comedy,Drama,Romance",6.3,48393,Comedy,take me home tonight
49,2012-09-28,won't back down,19000000.0,5310554.0,,2012,unknown,,,,won't back down,,,tt1870529,Won't Back Down,Won't Back Down,2012,121,Drama,6.4,5915,Drama,won't back down
49,2012-09-28,won't back down,19000000.0,5310554.0,,2012,unknown,,,,won't back down,,,tt3779570,Won't Back Down,Won't Back Down,2014,114,Sport,7.9,77,Sport,won't back down
50,2018-06-01,action point,19000000.0,5059608.0,,2018,unknown,,,,action point,,,tt6495770,Action Point,Action Point,2018,85,Comedy,5.0,6657,Comedy,action point
63,2001-02-02,left behind,18500000.0,4221341.0,,2001,unknown,,,,left behind,,,tt2243377,Left Behind,Left Behind,2012,86,"Horror,Mystery,Thriller",6.5,33,Horror,left behind
63,2001-02-02,left behind,18500000.0,4221341.0,,2001,unknown,,,,left behind,,,tt2467046,Left Behind,Left Behind,2014,110,"Action,Drama,Fantasy",3.1,33515,Action,left behind
57,2014-10-03,left behind,16000000.0,14019924.0,,2014,unknown,,,,left behind,,,tt2243377,Left Behind,Left Behind,2012,86,"Horror,Mystery,Thriller",6.5,33,Horror,left behind
57,2014-10-03,left behind,16000000.0,14019924.0,,2014,unknown,,,,left behind,,,tt2467046,Left Behind,Left Behind,2014,110,"Action,Drama,Fantasy",3.1,33515,Action,left behind
64,2014-05-09,neighbors,18000000.0,150086800.0,270586800.0,2014,Uni.,150200000.0,120500000.0,2014.0,neighbors,252586800.0,14.0326,tt2004420,Neighbors,Neighbors,2014,97,Comedy,6.3,266020,Comedy,neighbors
64,2014-05-09,neighbors,18000000.0,150086800.0,270586800.0,2014,Uni.,150200000.0,120500000.0,2014.0,neighbors,252586800.0,14.0326,tt9392532,Neighbors,Neighbors,2018,90,"Comedy,Drama",7.6,18,Comedy,neighbors
66,1994-07-29,the mask,18000000.0,119920129.0,,1994,unknown,,,,the mask,,,tt7504864,The Mask,The Mask,2017,139,"Crime,Fantasy,Thriller",5.7,30,Crime,the mask
67,1988-06-03,big,18000000.0,114968774.0,,1988,unknown,,,,big,,,tt7766254,Big,Big,2017,99,Documentary,8.5,6,Documentary,big
77,2016-03-25,my big fat greek wedding 2,18000000.0,59689605.0,88889605.0,2016,Uni.,59700000.0,29200000.0,2016.0,my big fat greek wedding 2,70889605.0,3.9383113888888888,tt3760922,My Big Fat Greek Wedding 2,My Big Fat Greek Wedding 2,2016,94,"Comedy,Romance",6.0,25933,Comedy,my big fat greek wedding 2
78,2015-09-11,the perfect guy,18000000.0,57027435.0,60227435.0,2015,SGem,57000000.0,3200000.0,2015.0,the perfect guy,42227435.0,2.345968611111111,tt3862750,The Perfect Guy,The Perfect Guy,2015,100,"Crime,Drama,Horror",5.6,8998,Crime,the perfect guy
80,2011-03-25,diary of a wimpy kid: rodrick rules,18000000.0,52698535.0,72398535.0,2011,Fox,52700000.0,19700000.0,2011.0,diary of a wimpy kid: rodrick rules,54398535.0,3.0221408333333333,tt1650043,Diary of a Wimpy Kid: Rodrick Rules,Diary of a Wimpy Kid: Rodrick Rules,2011,99,"Comedy,Family",6.6,23135,Comedy,diary of a wimpy kid: rodrick rules
83,2011-04-08,soul surfer,18000000.0,43853424.0,47053424.0,2011,TriS,43900000.0,3200000.0,2011.0,soul surfer,29053424.0,1.614079111111111,tt1596346,Soul Surfer,Soul Surfer,2011,112,"Biography,Drama,Family",7.1,41659,Biography,soul surfer
85,2018-06-29,uncle drew,18000000.0,42469946.0,46669946.0,2018,LG/S,42500000.0,4200000.0,2018.0,uncle drew,28669946.0,1.5927747777777779,tt7334528,Uncle Drew,Uncle Drew,2018,103,"Comedy,Sport",5.7,9739,Comedy,uncle drew
86,2014-10-17,birdman or (the unexpected virtue of ignorance),18000000.0,42340598.0,,2014,unknown,,,,birdman or (the unexpected virtue of ignorance),,,tt2562232,Birdman or (The Unexpected Virtue of Ignorance),Birdman or (The Unexpected Virtue of Ignorance),2014,119,"Comedy,Drama",7.7,519417,Comedy,birdman or (the unexpected virtue of ignorance)
90,2013-07-26,blue jasmine,18000000.0,33404871.0,97504870.0,2013,SPC,33400000.0,64099999.0,2013.0,blue jasmine,79504870.0,4.416937222222222,tt2334873,Blue Jasmine,Blue Jasmine,2013,98,Drama,7.3,179453,Drama,blue jasmine
92,2003-12-05,honey,18000000.0,30272254.0,,2003,unknown,,,,honey,,,tt1571724,Honey,Bal,2010,103,Drama,7.2,6221,Drama,honey
92,2003-12-05,honey,18000000.0,30272254.0,,2003,unknown,,,,honey,,,tt2357461,Honey,Miele,2013,96,Drama,6.8,1704,Drama,honey
92,2003-12-05,honey,18000000.0,30272254.0,,2003,unknown,,,,honey,,,tt6861402,Honey,Hanii,2018,105,"Drama,Romance",7.3,95,Drama,honey
95,2015-08-07,ricki and the flash,18000000.0,26839498.0,41339498.0,2015,TriS,26800000.0,14500000.0,2015.0,ricki and the flash,23339498.0,1.2966387777777777,tt3623726,Ricki and the Flash,Ricki and the Flash,2015,101,"Comedy,Drama,Music",5.9,20932,Comedy,ricki and the flash
96,1989-12-13,glory,18000000.0,26593580.0,,1989,unknown,,,,glory,,,tt5937296,Glory,Slava,2016,101,Drama,7.6,1622,Drama,glory
98,2015-11-13,love the coopers,18000000.0,26302731.0,42402731.0,2015,LGF,26300000.0,16100000.0,2015.0,love the coopers,24402731.0,1.3557072777777779,tt2279339,Love the Coopers,Love the Coopers,2015,107,"Comedy,Fantasy,Romance",5.8,18018,Comedy,love the coopers
3,2009-09-25,fame,18000000.0,22455510.0,,2009,unknown,,,,fame,,,tt5861350,Fame,Fame,2017,58,Documentary,8.6,7,Documentary,fame
4,2017-04-28,the circle,18000000.0,20497844.0,,2017,unknown,,,,the circle,,,tt2122313,The Circle,Cirkeln,2015,144,"Drama,Fantasy,Horror",5.9,2396,Drama,the circle
4,2017-04-28,the circle,18000000.0,20497844.0,,2017,unknown,,,,the circle,,,tt2786328,The Circle,The Circle,2013,48,"Adventure,Documentary,History",7.6,8,Adventure,the circle
4,2017-04-28,the circle,18000000.0,20497844.0,,2017,unknown,,,,the circle,,,tt2943946,The Circle,The Circle,2017,93,"Drama,Horror,Thriller",5.1,17,Drama,the circle
4,2017-04-28,the circle,18000000.0,20497844.0,,2017,unknown,,,,the circle,,,tt3148952,The Circle,Der Kreis,2014,102,"Biography,Drama,Romance",7.3,1316,Biography,the circle
4,2017-04-28,the circle,18000000.0,20497844.0,,2017,unknown,,,,the circle,,,tt4287320,The Circle,The Circle,2017,110,"Drama,Sci-Fi,Thriller",5.3,72536,Drama,the circle
6,2010-11-05,127 hours,18000000.0,18335230.0,60735230.0,2010,FoxS,18300000.0,42400000.0,2010.0,127 hours,42735230.0,2.3741794444444446,tt1542344,127 Hours,127 Hours,2010,94,"Adventure,Biography,Drama",7.6,323949,Adventure,127 hours
9,2016-01-15,norm of the north,18000000.0,17062499.0,,2016,unknown,,,,norm of the north,,,tt1594972,Norm of the North,Norm of the North,2016,90,"Adventure,Animation,Comedy",3.6,7951,Adventure,norm of the north
11,2013-08-16,jobs,18000000.0,16131410.0,35931410.0,2013,ORF,16100000.0,19800000.0,2013.0,jobs,17931410.0,0.9961894444444445,tt2357129,Jobs,Jobs,2013,128,"Biography,Drama",5.9,88788,Biography,jobs
14,2014-07-25,and so it goes,18000000.0,15160801.0,25360801.0,2014,CE,15200000.0,10200000.0,2014.0,and so it goes,7360801.0,0.4089333888888889,tt2465146,And So It Goes,And So It Goes,2014,94,"Comedy,Drama,Romance",5.8,11597,Comedy,and so it goes
19,2014-01-31,labor day,18000000.0,13371528.0,20271528.0,2014,Par.,13400000.0,6900000.0,2014.0,labor day,2271528.0,0.126196,tt1967545,Labor Day,Labor Day,2013,111,"Drama,Romance",6.9,39242,Drama,labor day
20,2013-08-30,getaway,18000000.0,10501938.0,,2013,unknown,,,,getaway,,,tt2167202,Getaway,Getaway,2013,90,"Action,Crime,Thriller",4.4,22157,Action,getaway
25,2010-01-15,the last station,18000000.0,6617867.0,13517867.0,2010,SPC,6600000.0,6900000.0,2010.0,the last station,-4482133.0,-0.24900738888888888,tt3436064,The Last Station,La última estación,2012,90,Documentary,7.6,10,Documentary,the last station
26,1981-06-26,dragonslayer,18000000.0,6000000.0,,1981,unknown,,,,dragonslayer,,,tt1633989,Dragonslayer,Dragonslayer,2011,74,Documentary,5.8,516,Documentary,dragonslayer
32,1996-12-25,hamlet,18000000.0,4501094.0,,1996,unknown,,,,hamlet,,,tt1964758,Hamlet,Hamlet,2011,88,Drama,5.4,22,Drama,hamlet
32,1996-12-25,hamlet,18000000.0,4501094.0,,1996,unknown,,,,hamlet,,,tt4052786,Hamlet,Hamlet,2014,90,Drama,5.6,13,Drama,hamlet
32,1996-12-25,hamlet,18000000.0,4501094.0,,1996,unknown,,,,hamlet,,,tt4197632,Hamlet,Hamlet,2015,184,Drama,6.5,77,Drama,hamlet
32,1996-12-25,hamlet,18000000.0,4501094.0,,1996,unknown,,,,hamlet,,,tt4476736,Hamlet,National Theatre Live: Hamlet,2015,217,Drama,8.6,1587,Drama,hamlet
32,1996-12-25,hamlet,18000000.0,4501094.0,,1996,unknown,,,,hamlet,,,tt5104954,Hamlet,Hamlet,2016,166,Drama,7.6,14,Drama,hamlet
34,2000-05-12,hamlet,2000000.0,1577287.0,,2000,unknown,,,,hamlet,,,tt1964758,Hamlet,Hamlet,2011,88,Drama,5.4,22,Drama,hamlet
34,2000-05-12,hamlet,2000000.0,1577287.0,,2000,unknown,,,,hamlet,,,tt4052786,Hamlet,Hamlet,2014,90,Drama,5.6,13,Drama,hamlet
34,2000-05-12,hamlet,2000000.0,1577287.0,,2000,unknown,,,,hamlet,,,tt4197632,Hamlet,Hamlet,2015,184,Drama,6.5,77,Drama,hamlet
34,2000-05-12,hamlet,2000000.0,1577287.0,,2000,unknown,,,,hamlet,,,tt4476736,Hamlet,National Theatre Live: Hamlet,2015,217,Drama,8.6,1587,Drama,hamlet
34,2000-05-12,hamlet,2000000.0,1577287.0,,2000,unknown,,,,hamlet,,,tt5104954,Hamlet,Hamlet,2016,166,Drama,7.6,14,Drama,hamlet
33,2014-04-11,the railway man,18000000.0,4438438.0,22338438.0,2014,Wein.,4400000.0,17900000.0,2014.0,the railway man,4338438.0,0.24102433333333334,tt2058107,The Railway Man,The Railway Man,2013,116,"Biography,Drama,Romance",7.1,34586,Biography,the railway man
34,1995-12-29,restoration,18000000.0,4100000.0,,1995,unknown,,,,restoration,,,tt1787663,Restoration,Boker Tov Adon Fidelman,2011,102,Drama,6.8,207,Drama,restoration
34,1995-12-29,restoration,18000000.0,4100000.0,,1995,unknown,,,,restoration,,,tt3842962,Restoration,Restoration,2016,50,"Sci-Fi,Thriller",6.7,82,Sci-Fi,restoration
34,1995-12-29,restoration,18000000.0,4100000.0,,1995,unknown,,,,restoration,,,tt4517738,Restoration,Restoration,2016,92,Horror,4.0,808,Horror,restoration
34,1995-12-29,restoration,18000000.0,4100000.0,,1995,unknown,,,,restoration,,,tt4926752,Restoration,Restoration,2016,93,Drama,8.4,17,Drama,restoration
35,2016-03-18,midnight special,18000000.0,3712282.0,6212282.0,2016,WB,3700000.0,2500000.0,2016.0,midnight special,-11787718.0,-0.6548732222222222,tt2649554,Midnight Special,Midnight Special,2016,112,"Action,Drama,Mystery",6.6,67921,Action,midnight special
36,2016-11-25,miss sloane,18000000.0,3500605.0,9100605.0,2016,EC,3500000.0,5600000.0,2016.0,miss sloane,-8899395.0,-0.49441083333333335,tt4540710,Miss Sloane,Miss Sloane,2016,132,"Drama,Thriller",7.5,52788,Drama,miss sloane
37,2013-09-27,metallica through the never,18000000.0,3419967.0,8019967.0,2013,PH,3400000.0,4600000.0,2013.0,metallica through the never,-9980033.0,-0.5544462777777778,tt2172935,Metallica Through the Never,Metallica Through the Never,2013,93,Music,7.2,15592,Music,metallica through the never
39,1996-02-23,unforgettable,18000000.0,2483790.0,,1996,unknown,,,,unforgettable,,,tt1247436,Unforgettable,Unforgettable,2010,88,Documentary,5.9,7,Documentary,unforgettable
39,1996-02-23,unforgettable,18000000.0,2483790.0,,1996,unknown,,,,unforgettable,,,tt2187167,Unforgettable,Unforgettable,2014,130,"Drama,Romance",5.5,49,Drama,unforgettable
39,1996-02-23,unforgettable,18000000.0,2483790.0,,1996,unknown,,,,unforgettable,,,tt3462710,Unforgettable,Unforgettable,2017,100,"Drama,Thriller",5.1,11489,Drama,unforgettable
39,1996-02-23,unforgettable,18000000.0,2483790.0,,1996,unknown,,,,unforgettable,,,tt5615904,Unforgettable,Soonjung,2016,113,"Drama,Romance",7.3,773,Drama,unforgettable
4,2017-04-21,unforgettable,12000000.0,11368012.0,,2017,unknown,,,,unforgettable,,,tt1247436,Unforgettable,Unforgettable,2010,88,Documentary,5.9,7,Documentary,unforgettable
4,2017-04-21,unforgettable,12000000.0,11368012.0,,2017,unknown,,,,unforgettable,,,tt2187167,Unforgettable,Unforgettable,2014,130,"Drama,Romance",5.5,49,Drama,unforgettable
4,2017-04-21,unforgettable,12000000.0,11368012.0,,2017,unknown,,,,unforgettable,,,tt3462710,Unforgettable,Unforgettable,2017,100,"Drama,Thriller",5.1,11489,Drama,unforgettable
4,2017-04-21,unforgettable,12000000.0,11368012.0,,2017,unknown,,,,unforgettable,,,tt5615904,Unforgettable,Soonjung,2016,113,"Drama,Romance",7.3,773,Drama,unforgettable
43,2013-03-01,phantom,18000000.0,1034589.0,,2013,unknown,,,,phantom,,,tt1922685,Phantom,Phantom,2013,98,"Drama,History,Thriller",5.9,12786,Drama,phantom
43,2013-03-01,phantom,18000000.0,1034589.0,,2013,unknown,,,,phantom,,,tt3088580,Phantom,Phantom,2013,76,Drama,7.7,1165,Drama,phantom
43,2013-03-01,phantom,18000000.0,1034589.0,,2013,unknown,,,,phantom,,,tt3469244,Phantom,Phantom,2015,136,"Action,Drama,Thriller",5.8,7739,Action,phantom
43,2013-03-01,phantom,18000000.0,1034589.0,,2013,unknown,,,,phantom,,,tt7598276,Phantom,Phantom,2018,106,"Crime,Horror,Thriller",8.2,37,Crime,phantom
44,2002-04-26,the salton sea,18000000.0,676698.0,,2002,unknown,,,,the salton sea,,,tt4782052,The Salton Sea,The Salton Sea,2016,87,"Crime,Drama,Mystery",6.5,13,Crime,the salton sea
50,2016-04-15,i am wrath,18000000.0,0.0,,2016,unknown,,,,i am wrath,,,tt3212232,I Am Wrath,I Am Wrath,2016,92,"Action,Crime,Drama",5.4,11198,Action,i am wrath
51,2014-11-14,wolves,18000000.0,0.0,,2014,unknown,,,,wolves,,,tt1403241,Wolves,Wolves,2014,91,"Action,Fantasy,Horror",5.3,7312,Action,wolves
51,2014-11-14,wolves,18000000.0,0.0,,2014,unknown,,,,wolves,,,tt4623856,Wolves,Wolves,2016,109,"Drama,Sport",5.6,884,Drama,wolves
53,2014-08-22,the prince,18000000.0,0.0,,2014,unknown,,,,the prince,,,tt1085492,The Prince,The Prince,2014,93,"Action,Thriller",4.6,16048,Action,the prince
54,2016-02-19,forsaken,18000000.0,0.0,,2016,unknown,,,,forsaken,,,tt2271563,Forsaken,Forsaken,2015,90,"Action,Drama,Western",6.3,9199,Action,forsaken
54,2016-02-19,forsaken,18000000.0,0.0,,2016,unknown,,,,forsaken,,,tt2700194,Forsaken,Prishelets,2018,95,"Adventure,Drama,Sci-Fi",3.1,129,Adventure,forsaken
54,2016-02-19,forsaken,18000000.0,0.0,,2016,unknown,,,,forsaken,,,tt4798436,Forsaken,Forsaken,2015,80,Drama,4.6,13,Drama,forsaken
54,2016-02-19,forsaken,18000000.0,0.0,,2016,unknown,,,,forsaken,,,tt5127300,Forsaken,Forsaken,2016,89,Horror,2.1,502,Horror,forsaken
54,2016-02-19,forsaken,18000000.0,0.0,,2016,unknown,,,,forsaken,,,tt5811154,Forsaken,Forsaken,2017,86,Thriller,5.0,76,Thriller,forsaken
56,2012-07-13,red lights,17700000.0,49521.0,,2012,unknown,,,,red lights,,,tt1748179,Red Lights,Red Lights,2012,114,"Drama,Fantasy,Horror",6.2,55287,Drama,red lights
63,2013-11-27,black nativity,17500000.0,7018188.0,7454188.0,2013,FoxS,7000000.0,436000.0,2013.0,black nativity,-10045812.0,-0.5740464,tt1425922,Black Nativity,Black Nativity,2013,93,"Drama,Family,Music",4.6,1901,Drama,black nativity
64,2003-04-25,city of ghosts,17500000.0,325491.0,425491.0,2003,IFC,128000.0,100000.0,2017.0,city of ghosts,-17074509.0,-0.9756862285714286,tt6333056,City of Ghosts,City of Ghosts,2017,92,"Documentary,War",7.4,2925,Documentary,city of ghosts
66,2018-04-06,a quiet place,17000000.0,188024361.0,340924361.0,2018,Par.,188000000.0,152900000.0,2018.0,a quiet place,323924361.0,19.05437417647059,tt6347308,A Quiet Place,A Quiet Place,2016,80,Documentary,6.6,18,Documentary,a quiet place
66,2018-04-06,a quiet place,17000000.0,188024361.0,340924361.0,2018,Par.,188000000.0,152900000.0,2018.0,a quiet place,323924361.0,19.05437417647059,tt6644200,A Quiet Place,A Quiet Place,2018,90,"Drama,Horror,Sci-Fi",7.6,305031,Drama,a quiet place
68,1986-07-18,aliens,17000000.0,85160248.0,,1986,unknown,,,,aliens,,,tt3837024,Aliens,Aliens,2014,88,"Comedy,Mystery,Sci-Fi",2.7,9,Comedy,aliens
73,2013-11-15,the best man holiday,17000000.0,70525195.0,72825195.0,2013,Uni.,70500000.0,2300000.0,2013.0,the best man holiday,55825195.0,3.283835,tt2083355,The Best Man Holiday,The Best Man Holiday,2013,123,"Comedy,Drama",6.7,13967,Comedy,the best man holiday
75,2012-09-28,pitch perfect,17000000.0,65001093.0,115301093.0,2012,Uni.,65000000.0,50300000.0,2012.0,pitch perfect,98301093.0,5.782417235294117,tt1981677,Pitch Perfect,Pitch Perfect,2012,112,"Comedy,Music,Romance",7.2,256565,Comedy,pitch perfect
77,2013-04-05,evil dead,17000000.0,54239856.0,,2013,unknown,,,,evil dead,,,tt1288558,Evil Dead,Evil Dead,2013,91,"Fantasy,Horror,Thriller",6.5,146399,Fantasy,evil dead
80,2015-02-20,"mcfarland, usa",17000000.0,44480275.0,45680275.0,2015,BV,44500000.0,1200000.0,2015.0,"mcfarland, usa",28680275.0,1.687075,tt2097298,"McFarland, USA","McFarland, USA",2015,129,"Biography,Drama,Sport",7.4,31735,Biography,"mcfarland, usa"
81,2016-11-11,almost christmas,17000000.0,42065185.0,42487185.0,2016,Uni.,42200000.0,422000.0,2016.0,almost christmas,25487185.0,1.4992461764705882,tt4649416,Almost Christmas,Almost Christmas,2016,111,"Comedy,Drama",6.1,5212,Comedy,almost christmas
87,2011-03-04,beastly,17000000.0,27865571.0,43165571.0,2011,CBS,27900000.0,15300000.0,2011.0,beastly,26165571.0,1.5391512352941177,tt1152398,Beastly,Beastly,2011,86,"Drama,Fantasy,Romance",5.6,72599,Drama,beastly
90,2010-08-20,lottery ticket,17000000.0,24719879.0,,2010,unknown,,,,lottery ticket,,,tt0979434,Lottery Ticket,Lottery Ticket,2010,99,Comedy,5.0,10042,Comedy,lottery ticket
4,2012-08-24,the apparition,17000000.0,4936819.0,9636819.0,2012,WB,4900000.0,4700000.0,2012.0,the apparition,-7363181.0,-0.4331282941176471,tt1433822,The Apparition,The Apparition,2012,83,"Horror,Thriller",4.1,18112,Horror,the apparition
4,2012-08-24,the apparition,17000000.0,4936819.0,9636819.0,2012,WB,4900000.0,4700000.0,2012.0,the apparition,-7363181.0,-0.4331282941176471,tt6559390,The Apparition,L'apparition,2018,144,Drama,6.4,873,Drama,the apparition
10,2016-06-10,genius,17000000.0,1361045.0,5661045.0,2016,RAtt.,1400000.0,4300000.0,2016.0,genius,-11338955.0,-0.6669973529411765,tt1703957,Genius,Genius,2016,104,"Biography,Drama",6.6,15611,Biography,genius
10,2016-06-10,genius,17000000.0,1361045.0,5661045.0,2016,RAtt.,1400000.0,4300000.0,2016.0,genius,-11338955.0,-0.6669973529411765,tt7722258,Genius,Genius,2018,165,"Action,Thriller",4.7,747,Action,genius
12,2015-06-26,escobar: paradise lost,17000000.0,195792.0,3795792.0,2015,RTWC,196000.0,3600000.0,2015.0,escobar: paradise lost,-13204208.0,-0.7767181176470588,tt2515030,Escobar: Paradise Lost,Escobar: Paradise Lost,2014,120,"Crime,Drama,History",6.5,19419,Crime,escobar: paradise lost
16,2019-07-12,crawl,17000000.0,0.0,,2019,unknown,,,,crawl,,,tt1848832,Crawl,Crawl,2011,80,"Crime,Thriller",4.7,1095,Crime,crawl
16,2019-07-12,crawl,17000000.0,0.0,,2019,unknown,,,,crawl,,,tt2181875,Crawl,Crawl,2012,95,Drama,6.0,43,Drama,crawl
17,2016-03-11,the young messiah,16800000.0,6469813.0,,2016,unknown,,,,the young messiah,,,tt1002563,The Young Messiah,The Young Messiah,2016,111,"Drama,Fantasy",5.6,2882,Drama,the young messiah
22,2006-08-18,the illusionist,16500000.0,39868642.0,,2006,unknown,,,,the illusionist,,,tt0775489,The Illusionist,L'illusionniste,2010,80,"Animation,Drama",7.5,31734,Animation,the illusionist
30,2000-05-19,road trip,16000000.0,68525609.0,,2000,unknown,,,,road trip,,,tt3233610,Road Trip,Road Trip,2013,90,Horror,6.5,14,Horror,road trip
33,2012-05-25,moonrise kingdom,16000000.0,45512466.0,68312466.0,2012,Focus,45500000.0,22800000.0,2012.0,moonrise kingdom,52312466.0,3.269529125,tt1748122,Moonrise Kingdom,Moonrise Kingdom,2012,94,"Adventure,Comedy,Drama",7.8,291750,Adventure,moonrise kingdom
34,2011-11-25,the artist,16000000.0,44667095.0,133467095.0,2011,Wein.,44700000.0,88800000.0,2011.0,the artist,117467095.0,7.3416934375,tt1655442,The Artist,The Artist,2011,100,"Comedy,Drama,Romance",7.9,217184,Comedy,the artist
34,2011-11-25,the artist,16000000.0,44667095.0,133467095.0,2011,Wein.,44700000.0,88800000.0,2011.0,the artist,117467095.0,7.3416934375,tt1825978,The Artist,The Artist,2011,100,Thriller,6.8,6,Thriller,the artist
39,2011-02-04,the roommate,16000000.0,37300107.0,40500107.0,2011,SGem,37300000.0,3200000.0,2011.0,the roommate,24500107.0,1.5312566875,tt1265990,The Roommate,The Roommate,2011,91,"Drama,Thriller",4.9,33062,Drama,the roommate
49,2018-06-13,superfly,16000000.0,20537137.0,20773137.0,2018,Sony,20500000.0,236000.0,2018.0,superfly,4773137.0,0.2983210625,tt7690670,SuperFly,Superfly,2018,116,"Action,Crime,Thriller",5.0,4753,Action,superfly
51,2010-03-12,remember me,16000000.0,19068240.0,56068240.0,2010,Sum.,19100000.0,37000000.0,2010.0,remember me,40068240.0,2.504265,tt1403981,Remember Me,Remember Me,2010,113,"Drama,Romance",7.1,129443,Drama,remember me
51,2010-03-12,remember me,16000000.0,19068240.0,56068240.0,2010,Sum.,19100000.0,37000000.0,2010.0,remember me,40068240.0,2.504265,tt4843358,Remember Me,Remember Me,2016,85,Comedy,5.2,72,Comedy,remember me
60,2012-06-29,people like us,16000000.0,12431792.0,,2012,unknown,,,,people like us,,,tt1716777,People Like Us,People Like Us,2012,114,"Comedy,Drama",7.1,39618,Comedy,people like us
60,2012-06-29,people like us,16000000.0,12431792.0,,2012,unknown,,,,people like us,,,tt1758741,People Like Us,People Like Us,2010,55,Drama,6.4,13,Drama,people like us
65,2016-11-18,bleed for this,16000000.0,5083906.0,,2016,unknown,,,,bleed for this,,,tt1620935,Bleed for This,Bleed for This,2016,117,"Biography,Drama,Sport",6.8,21946,Biography,bleed for this
70,2014-11-14,the homesman,16000000.0,2429989.0,,2014,unknown,,,,the homesman,,,tt2398231,The Homesman,The Homesman,2014,122,"Drama,Western",6.6,27724,Drama,the homesman
71,2013-04-05,trance,16000000.0,2322593.0,24222593.0,2013,FoxS,2300000.0,21900000.0,2013.0,trance,8222593.0,0.5139120625,tt1111235,Trance,Trance,2010,83,Horror,4.6,77,Horror,trance
71,2013-04-05,trance,16000000.0,2322593.0,24222593.0,2013,FoxS,2300000.0,21900000.0,2013.0,trance,8222593.0,0.5139120625,tt1924429,Trance,Trance,2013,101,"Crime,Drama,Mystery",6.9,104951,Crime,trance
31,2012-12-31,trance,950000.0,0.0,21900000.0,2012,FoxS,2300000.0,21900000.0,2013.0,trance,20950000.0,22.05263157894737,tt1111235,Trance,Trance,2010,83,Horror,4.6,77,Horror,trance
31,2012-12-31,trance,950000.0,0.0,21900000.0,2012,FoxS,2300000.0,21900000.0,2013.0,trance,20950000.0,22.05263157894737,tt1924429,Trance,Trance,2013,101,"Crime,Drama,Mystery",6.9,104951,Crime,trance
72,2014-05-16,the immigrant,16000000.0,2013456.0,5813456.0,2014,Wein.,2000000.0,3800000.0,2014.0,the immigrant,-10186544.0,-0.636659,tt1951181,The Immigrant,The Immigrant,2013,120,"Drama,Romance",6.6,26618,Drama,the immigrant
73,1997-08-15,steel,16000000.0,1686429.0,,1997,unknown,,,,steel,,,tt2042443,Steel,Acciaio,2012,95,Drama,5.7,264,Drama,steel
73,1997-08-15,steel,16000000.0,1686429.0,,1997,unknown,,,,steel,,,tt3588082,Steel,Steel,2015,108,"Drama,Mystery,Romance",5.5,537,Drama,steel
79,2012-11-02,vamps,16000000.0,3361.0,,2012,unknown,,,,vamps,,,tt1545106,Vamps,Vamps,2012,92,"Comedy,Horror,Romance",5.2,8838,Comedy,vamps
79,2012-11-02,vamps,16000000.0,3361.0,,2012,unknown,,,,vamps,,,tt1719676,Vamps,Vamps,2010,89,"Comedy,Horror,Thriller",4.5,13,Comedy,vamps
82,2013-12-31,zulu,16000000.0,0.0,,2013,unknown,,,,zulu,,,tt2249221,Zulu,Zulu,2013,110,"Crime,Drama,Thriller",6.7,16607,Crime,zulu
83,2018-12-21,second act,15700000.0,39282227.0,72282227.0,2018,STX,39300000.0,33000000.0,2018.0,second act,56582227.0,3.6039635031847133,tt2126357,Second Act,Second Act,2018,103,"Comedy,Drama,Romance",5.8,13109,Comedy,second act
2,2017-08-11,annabelle: creation,15000000.0,102092201.0,306492201.0,2017,WB (NL),102100000.0,204400000.0,2017.0,annabelle: creation,291492201.0,19.4328134,tt5140878,Annabelle: Creation,Annabelle: Creation,2017,109,"Horror,Mystery,Thriller",6.5,90402,Horror,annabelle: creation
5,1985-12-18,the color purple,15000000.0,93589701.0,,1985,unknown,,,,the color purple,,,tt2241035,The Color Purple,Be Range Arghavan,2010,97,"Action,Drama",6.6,1299,Action,the color purple
6,2014-11-28,the imitation game,15000000.0,91125143.0,233525143.0,2014,Wein.,91100000.0,142400000.0,2014.0,the imitation game,218525143.0,14.568342866666667,tt2084970,The Imitation Game,The Imitation Game,2014,114,"Biography,Drama,Thriller",8.0,620834,Biography,the imitation game
9,2013-01-18,mama,15000000.0,71628180.0,146428180.0,2013,Uni.,71600000.0,74800000.0,2013.0,mama,131428180.0,8.761878666666666,tt1805319,Mama,Mama,2010,50,Drama,4.5,6,Drama,mama
9,2013-01-18,mama,15000000.0,71628180.0,146428180.0,2013,Uni.,71600000.0,74800000.0,2013.0,mama,131428180.0,8.761878666666666,tt1868050,Mama,Mama,2010,71,Drama,6.8,24,Drama,mama
9,2013-01-18,mama,15000000.0,71628180.0,146428180.0,2013,Uni.,71600000.0,74800000.0,2013.0,mama,131428180.0,8.761878666666666,tt2023587,Mama,Mama,2013,100,"Horror,Thriller",6.2,158487,Horror,mama
9,2013-01-18,mama,15000000.0,71628180.0,146428180.0,2013,Uni.,71600000.0,74800000.0,2013.0,mama,131428180.0,8.761878666666666,tt3843072,Mama,Mama,2011,110,Drama,6.6,18,Drama,mama
9,2013-01-18,mama,15000000.0,71628180.0,146428180.0,2013,Uni.,71600000.0,74800000.0,2013.0,mama,131428180.0,8.761878666666666,tt5437970,Mama,Mama,2016,90,Drama,6.7,25,Drama,mama
13,2010-03-19,diary of a wimpy kid,15000000.0,64003625.0,75703625.0,2010,Fox,64000000.0,11700000.0,2010.0,diary of a wimpy kid,60703625.0,4.0469083333333336,tt1196141,Diary of a Wimpy Kid,Diary of a Wimpy Kid,2010,94,"Comedy,Drama,Family",6.2,38640,Comedy,diary of a wimpy kid
15,2007-08-31,halloween,15000000.0,58269151.0,,2007,unknown,,,,halloween,,,tt1502407,Halloween,Halloween,2018,106,"Horror,Thriller",6.6,88395,Horror,halloween
36,2018-10-19,halloween,10000000.0,159342015.0,,2018,unknown,,,,halloween,,,tt1502407,Halloween,Halloween,2018,106,"Horror,Thriller",6.6,88395,Horror,halloween
37,1978-10-17,halloween,325000.0,47000000.0,,1978,unknown,,,,halloween,,,tt1502407,Halloween,Halloween,2018,106,"Horror,Thriller",6.6,88395,Horror,halloween
16,2006-09-30,the queen,15000000.0,56441711.0,,2006,unknown,,,,the queen,,,tt2548096,The Queen,The Queen,2012,104,"Action,Drama,War",6.7,127,Action,the queen
18,2012-02-03,the woman in black,15000000.0,54333290.0,127733290.0,2012,CBS,54300000.0,73400000.0,2012.0,the woman in black,112733290.0,7.515552666666666,tt1596365,The Woman in Black,The Woman in Black,2012,95,"Drama,Fantasy,Horror",6.4,165357,Drama,the woman in black
19,1994-12-21,little women,15000000.0,50003303.0,,1994,unknown,,,,little women,,,tt6495094,Little Women,Little Women,2018,112,"Drama,Family",4.6,626,Drama,little women
21,2018-08-10,blackkklansman,15000000.0,49275340.0,93275340.0,2018,Focus,49300000.0,44000000.0,2018.0,blackkklansman,78275340.0,5.218356,tt7349662,BlacKkKlansman,BlacKkKlansman,2018,135,"Biography,Crime,Drama",7.5,149005,Biography,blackkklansman
26,2013-02-22,snitch,15000000.0,42930462.0,,2013,unknown,,,,snitch,,,tt0882977,Snitch,Snitch,2013,112,"Action,Drama,Thriller",6.5,78142,Action,snitch
52,2012-12-31,snitch,850000.0,0.0,,2012,unknown,,,,snitch,,,tt0882977,Snitch,Snitch,2013,112,"Action,Drama,Thriller",6.5,78142,Action,snitch
28,2015-12-04,krampus,15000000.0,42725475.0,61525475.0,2015,Uni.,42700000.0,18800000.0,2015.0,krampus,46525475.0,3.1016983333333332,tt3850590,Krampus,Krampus,2015,98,"Comedy,Fantasy,Horror",6.2,55400,Comedy,krampus
29,2012-09-21,end of watch,15000000.0,41003371.0,48103371.0,2012,ORF,41000000.0,7100000.0,2012.0,end of watch,33103371.0,2.2068914,tt1855199,End of Watch,End of Watch,2012,109,"Action,Crime,Drama",7.6,211308,Action,end of watch
33,2014-12-03,wild,15000000.0,37880356.0,,2014,unknown,,,,wild,,,tt2305051,Wild,Wild,2014,115,"Adventure,Biography,Drama",7.1,110138,Adventure,wild
33,2014-12-03,wild,15000000.0,37880356.0,,2014,unknown,,,,wild,,,tt4071086,Wild,Wild,2016,97,Drama,6.5,1224,Drama,wild
33,2014-12-03,wild,15000000.0,37880356.0,,2014,unknown,,,,wild,,,tt6383452,Wild,Wild,2018,80,Documentary,6.8,96,Documentary,wild
33,2014-12-03,wild,15000000.0,37880356.0,,2014,unknown,,,,wild,,,tt7480724,Wild,Sauvages,2018,92,"Drama,Romance",4.9,17,Drama,wild
35,2014-11-07,the theory of everything,15000000.0,35893537.0,123693537.0,2014,Focus,35900000.0,87800000.0,2014.0,the theory of everything,108693537.0,7.2462358,tt2980516,The Theory of Everything,The Theory of Everything,2014,123,"Biography,Drama,Romance",7.7,361534,Biography,the theory of everything
36,2011-09-16,drive,15000000.0,35060689.0,,2011,unknown,,,,drive,,,tt0780504,Drive,Drive,2011,100,"Crime,Drama",7.8,521495,Crime,drive
36,2011-09-16,drive,15000000.0,35060689.0,,2011,unknown,,,,drive,,,tt1709105,Drive,Drive,2010,55,Documentary,6.3,20,Documentary,drive
38,1966-10-10,hawaii,15000000.0,34562222.0,,1966,unknown,,,,hawaii,,,tt2801746,Hawaii,Hawaii,2013,102,"Drama,Romance",7.3,3753,Drama,hawaii
38,1966-10-10,hawaii,15000000.0,34562222.0,,1966,unknown,,,,hawaii,,,tt5566714,Hawaii,Hawaii,2017,116,Drama,7.7,542,Drama,hawaii
39,2018-11-23,the favourite,15000000.0,34366783.0,95966783.0,2018,FoxS,34400000.0,61600000.0,2018.0,the favourite,80966783.0,5.397785533333334,tt5083738,The Favourite,The Favourite,2018,119,"Biography,Drama,History",7.6,116011,Biography,the favourite
50,2014-08-22,when the game stands tall,15000000.0,30127963.0,,2014,unknown,,,,when the game stands tall,,,tt2247476,When the Game Stands Tall,When the Game Stands Tall,2014,115,"Drama,Family,Sport",6.7,14498,Drama,when the game stands tall
57,2017-09-08,home again,15000000.0,27020284.0,,2017,unknown,,,,home again,,,tt2121286,Home Again,Home Again,2012,104,Drama,6.6,360,Drama,home again
57,2017-09-08,home again,15000000.0,27020284.0,,2017,unknown,,,,home again,,,tt5719700,Home Again,Home Again,2017,97,"Comedy,Drama,Romance",5.8,22614,Comedy,home again
60,2010-07-23,ramona and beezus,15000000.0,26167002.0,27267002.0,2010,Fox,26200000.0,1100000.0,2010.0,ramona and beezus,12267002.0,0.8178001333333333,tt0493949,Ramona and Beezus,Ramona and Beezus,2010,103,"Adventure,Comedy,Family",6.6,16086,Adventure,ramona and beezus
61,2014-08-27,the november man,15000000.0,25018119.0,32518119.0,2014,Rela.,25000000.0,7500000.0,2014.0,the november man,17518119.0,1.1678746,tt2402157,The November Man,The November Man,2014,108,"Action,Crime,Thriller",6.3,59293,Action,the november man
67,2013-03-29,the place beyond the pines,15000000.0,21403519.0,35503519.0,2013,Focus,21400000.0,14100000.0,2013.0,the place beyond the pines,20503519.0,1.3669012666666667,tt1817273,The Place Beyond the Pines,The Place Beyond the Pines,2012,140,"Crime,Drama,Thriller",7.3,226765,Crime,the place beyond the pines
70,2016-04-29,keanu,15000000.0,20591853.0,,2016,unknown,,,,keanu,,,tt4139124,Keanu,Keanu,2016,100,"Action,Comedy,Crime",6.3,41560,Action,keanu
71,2010-12-22,country strong,15000000.0,20218921.0,20528921.0,2010,SGem,20200000.0,310000.0,2010.0,country strong,5528921.0,0.3685947333333333,tt1555064,Country Strong,Country Strong,2010,117,"Drama,Music",6.3,16296,Drama,country strong
76,2014-07-25,a most wanted man,15000000.0,17237855.0,36237855.0,2014,RAtt.,17200000.0,19000000.0,2014.0,a most wanted man,21237855.0,1.415857,tt1972571,A Most Wanted Man,A Most Wanted Man,2014,122,"Crime,Drama,Thriller",6.8,67914,Crime,a most wanted man
79,2012-11-02,the man with the iron fists,15000000.0,15634090.0,19734089.0,2012,Uni.,15600000.0,4099999.0,2012.0,the man with the iron fists,4734089.0,0.3156059333333333,tt1258972,The Man with the Iron Fists,The Man with the Iron Fists,2012,95,Action,5.4,58185,Action,the man with the iron fists
81,2019-02-01,miss bala,15000000.0,14998027.0,,2019,unknown,,,,miss bala,,,tt1911600,Miss Bala,Miss Bala,2011,113,"Crime,Drama,Thriller",6.5,8092,Crime,miss bala
81,2019-02-01,miss bala,15000000.0,14998027.0,,2019,unknown,,,,miss bala,,,tt5941692,Miss Bala,Miss Bala,2019,104,"Action,Crime,Drama",5.5,3738,Action,miss bala
82,2012-11-30,killing them softly,15000000.0,14945541.0,37845541.0,2012,Wein.,15000000.0,22900000.0,2012.0,killing them softly,22845541.0,1.5230360666666667,tt1764234,Killing Them Softly,Killing Them Softly,2012,97,"Crime,Thriller",6.2,124086,Crime,killing them softly
84,2011-08-19,one day,15000000.0,13843771.0,59343771.0,2011,Focus,13800000.0,45500000.0,2011.0,one day,44343771.0,2.9562514,tt1563738,One Day,One Day,2011,107,"Drama,Romance",7.0,128094,Drama,one day
84,2011-08-19,one day,15000000.0,13843771.0,59343771.0,2011,Focus,13800000.0,45500000.0,2011.0,one day,44343771.0,2.9562514,tt1616203,One Day,You yi tian,2010,93,"Drama,Romance,Sci-Fi",6.0,436,Drama,one day
84,2011-08-19,one day,15000000.0,13843771.0,59343771.0,2011,Focus,13800000.0,45500000.0,2011.0,one day,44343771.0,2.9562514,tt4051858,One Day,You yi tian,2014,90,Family,6.2,13,Family,one day
84,2011-08-19,one day,15000000.0,13843771.0,59343771.0,2011,Focus,13800000.0,45500000.0,2011.0,one day,44343771.0,2.9562514,tt6168298,One Day,One Day,2016,135,"Drama,Romance",7.8,1454,Drama,one day
84,2011-08-19,one day,15000000.0,13843771.0,59343771.0,2011,Focus,13800000.0,45500000.0,2011.0,one day,44343771.0,2.9562514,tt6214734,One Day,One Day,2017,118,"Drama,Fantasy",6.6,269,Drama,one day
84,2011-08-19,one day,15000000.0,13843771.0,59343771.0,2011,Focus,13800000.0,45500000.0,2011.0,one day,44343771.0,2.9562514,tt8274146,One Day,Egy nap,2018,99,Drama,7.2,501,Drama,one day
90,2017-01-20,the founder,15000000.0,12786053.0,24086053.0,2017,Wein.,12800000.0,11300000.0,2017.0,the founder,9086053.0,0.6057368666666667,tt2262282,The Founder,Der Gründer,2012,108,"Comedy,Sci-Fi",5.9,33,Comedy,the founder
90,2017-01-20,the founder,15000000.0,12786053.0,24086053.0,2017,Wein.,12800000.0,11300000.0,2017.0,the founder,9086053.0,0.6057368666666667,tt4276820,The Founder,The Founder,2016,115,"Biography,Drama,History",7.2,97841,Biography,the founder
94,1999-08-27,the muse,15000000.0,11614954.0,,1999,unknown,,,,the muse,,,tt2042684,The Muse,The Muse,2011,58,"Horror,Mystery,Thriller",6.1,16,Horror,the muse
94,1999-08-27,the muse,15000000.0,11614954.0,,1999,unknown,,,,the muse,,,tt2076954,The Muse,The Muse,2014,90,"Horror,Music,Thriller",5.8,65,Horror,the muse
3,2003-02-21,dark blue,15000000.0,9237470.0,,2003,unknown,,,,dark blue,,,tt1934226,Dark Blue,Dark Blue,2011,85,"Crime,Drama",8.9,9,Crime,dark blue
6,2016-09-23,queen of katwe,15000000.0,8874389.0,10374389.0,2016,BV,8900000.0,1500000.0,2016.0,queen of katwe,-4625611.0,-0.30837406666666667,tt4341582,Queen of Katwe,Queen of Katwe,2016,124,"Biography,Drama,Sport",7.4,13039,Biography,queen of katwe
7,2000-03-24,whatever it takes,15000000.0,8735529.0,,2000,unknown,,,,whatever it takes,,,tt6024800,Whatever It Takes,Whatever It Takes,2017,100,Thriller,7.6,7,Thriller,whatever it takes
13,2013-01-04,promised land,15000000.0,7597898.0,,2013,unknown,,,,promised land,,,tt2091473,Promised Land,Promised Land,2012,106,Drama,6.6,34659,Drama,promised land
15,2018-06-08,hotel artemis,15000000.0,6708137.0,12708137.0,2018,Global Road,6700000.0,6000000.0,2018.0,hotel artemis,-2291863.0,-0.15279086666666666,tt5834262,Hotel Artemis,Hotel Artemis,2018,94,"Action,Drama,Sci-Fi",6.1,30586,Action,hotel artemis
25,2015-10-30,scouts guide to the zombie apocalypse,15000000.0,3703046.0,16103046.0,2015,Par.,3700000.0,12400000.0,2015.0,scouts guide to the zombie apocalypse,1103046.0,0.0735364,tt1727776,Scouts Guide to the Zombie Apocalypse,Scouts Guide to the Zombie Apocalypse,2015,93,"Action,Comedy,Horror",6.3,40479,Action,scouts guide to the zombie apocalypse
27,2010-09-22,you will meet a tall dark stranger,15000000.0,3247816.0,34247816.0,2010,SPC,3200000.0,31000000.0,2010.0,you will meet a tall dark stranger,19247816.0,1.2831877333333332,tt1182350,You Will Meet a Tall Dark Stranger,You Will Meet a Tall Dark Stranger,2010,98,"Comedy,Drama,Romance",6.3,41608,Comedy,you will meet a tall dark stranger
28,2015-10-23,rock the kasbah,15000000.0,3020665.0,,2015,unknown,,,,rock the kasbah,,,tt3164256,Rock the Kasbah,Rock the Kasbah,2015,106,"Comedy,Music,War",5.5,9587,Comedy,rock the kasbah
29,2010-09-15,never let me go,15000000.0,2434652.0,9434652.0,2010,FoxS,2400000.0,7000000.0,2010.0,never let me go,-5565348.0,-0.3710232,tt1334260,Never Let Me Go,Never Let Me Go,2010,103,"Drama,Romance,Sci-Fi",7.1,130084,Drama,never let me go
30,2016-09-09,the disappointments room,15000000.0,2423467.0,,2016,unknown,,,,the disappointments room,,,tt2364897,The Disappointments Room,The Disappointments Room,2016,85,"Drama,Horror,Thriller",3.9,8167,Drama,the disappointments room
35,2017-02-03,the comedian,15000000.0,1658706.0,,2017,unknown,,,,the comedian,,,tt1656194,The Comedian,The Comedian,2012,79,"Drama,Romance",5.5,328,Drama,the comedian
35,2017-02-03,the comedian,15000000.0,1658706.0,,2017,unknown,,,,the comedian,,,tt1967614,The Comedian,The Comedian,2016,120,Comedy,5.7,5875,Comedy,the comedian
42,2013-04-26,the reluctant fundamentalist,15000000.0,528731.0,,2013,unknown,,,,the reluctant fundamentalist,,,tt2032557,The Reluctant Fundamentalist,The Reluctant Fundamentalist,2012,130,"Drama,Thriller",6.9,12511,Drama,the reluctant fundamentalist
43,2004-02-06,the return,15000000.0,501752.0,,2004,unknown,,,,the return,,,tt1848871,The Return,El regreso,2012,102,Drama,7.2,233,Drama,the return
43,2004-02-06,the return,15000000.0,501752.0,,2004,unknown,,,,the return,,,tt2578550,The Return,El Regreso,2012,69,Drama,6.0,6,Drama,the return
43,2004-02-06,the return,15000000.0,501752.0,,2004,unknown,,,,the return,,,tt4093816,The Return,The Return,2015,92,"Crime,Mystery,Thriller",6.3,36,Crime,the return
43,2004-02-06,the return,15000000.0,501752.0,,2004,unknown,,,,the return,,,tt4523246,The Return,The Return,2015,55,"Horror,Mystery,Thriller",5.4,27,Horror,the return
43,2004-02-06,the return,15000000.0,501752.0,,2004,unknown,,,,the return,,,tt4665626,The Return,The Return,2015,100,Adventure,8.2,32,Adventure,the return
43,2004-02-06,the return,15000000.0,501752.0,,2004,unknown,,,,the return,,,tt4991702,The Return,The Return,2015,80,Drama,4.8,5,Drama,the return
43,2004-02-06,the return,15000000.0,501752.0,,2004,unknown,,,,the return,,,tt5591342,The Return,The Return,2016,84,Documentary,6.6,42,Documentary,the return
43,2004-02-06,the return,15000000.0,501752.0,,2004,unknown,,,,the return,,,tt6058084,The Return,The Return,2018,85,"Documentary,Drama",7.1,104,Documentary,the return
43,2004-02-06,the return,15000000.0,501752.0,,2004,unknown,,,,the return,,,tt6100724,The Return,The Return,2016,105,"Action,Crime,Drama",7.3,7,Action,the return
43,2004-02-06,the return,15000000.0,501752.0,,2004,unknown,,,,the return,,,tt6673098,The Return,The Return,2017,78,"Action,Documentary",6.9,134,Action,the return
46,2010-08-27,centurion,15000000.0,123570.0,6823570.0,2010,Magn.,124000.0,6700000.0,2010.0,centurion,-8176430.0,-0.5450953333333334,tt1020558,Centurion,Centurion,2010,97,"Action,Adventure,Drama",6.4,74085,Action,centurion
50,2013-09-06,winnie mandela,15000000.0,61847.0,,2013,unknown,,,,winnie mandela,,,tt1551641,Winnie Mandela,Winnie,2011,104,"Biography,Drama,History",6.0,695,Biography,winnie mandela
51,2011-11-04,the son of no one,15000000.0,30680.0,,2011,unknown,,,,the son of no one,,,tt1535612,The Son of No One,The Son of No One,2011,90,"Action,Crime,Drama",5.1,15743,Action,the son of no one
54,2013-12-06,khumba,15000000.0,0.0,27200000.0,2013,MNE,1000.0,27200000.0,2013.0,khumba,12200000.0,0.8133333333333334,tt1487931,Khumba,Khumba,2013,85,"Adventure,Animation,Family",5.7,4984,Adventure,khumba
55,2015-05-05,a few best men,15000000.0,0.0,,2015,unknown,,,,a few best men,,,tt1640711,A Few Best Men,A Few Best Men,2011,97,"Comedy,Romance",5.7,12069,Comedy,a few best men
57,2015-12-31,chiamatemi francesco - il papa della gente,15000000.0,0.0,,2015,unknown,,,,chiamatemi francesco - il papa della gente,,,tt3856124,Chiamatemi Francesco - Il Papa della gente,Chiamatemi Francesco - Il Papa della gente,2015,98,Biography,6.5,236,Biography,chiamatemi francesco - il papa della gente
58,2008-12-31,bathory,15000000.0,0.0,,2008,unknown,,,,bathory,,,tt2097826,Bathory,Bathory,2011,88,Drama,5.8,9,Drama,bathory
61,2017-02-17,in dubious battle,15000000.0,0.0,,2017,unknown,,,,in dubious battle,,,tt4411618,In Dubious Battle,In Dubious Battle,2016,110,Drama,6.1,3189,Drama,in dubious battle
62,2015-09-01,broken horses,15000000.0,0.0,,2015,unknown,,,,broken horses,,,tt2503954,Broken Horses,Broken Horses,2015,101,"Action,Crime,Drama",5.7,1957,Action,broken horses
64,2019-08-14,blinded by the light,15000000.0,0.0,,2019,unknown,,,,blinded by the light,,,tt8266310,Blinded by the Light,Blinded by the Light,2019,117,"Biography,Comedy,Drama",6.2,173,Biography,blinded by the light
66,2015-07-01,magic mike xxl,14500000.0,66013057.0,122513057.0,2015,WB,66000000.0,56500000.0,2015.0,magic mike xxl,108013057.0,7.4491763448275865,tt2268016,Magic Mike XXL,Magic Mike XXL,2015,115,"Comedy,Drama,Music",5.6,48497,Comedy,magic mike xxl
69,2015-06-05,freedom,14500000.0,0.0,,2015,unknown,,,,freedom,,,tt2028482,Freedom,Freedom,2011,88,Documentary,7.0,24,Documentary,freedom
69,2015-06-05,freedom,14500000.0,0.0,,2015,unknown,,,,freedom,,,tt2584018,Freedom,Freedom,2014,94,"Drama,Music",6.2,1371,Drama,freedom
69,2015-06-05,freedom,14500000.0,0.0,,2015,unknown,,,,freedom,,,tt4701906,Freedom,Freiheit,2017,100,Drama,6.0,97,Drama,freedom
70,1992-08-07,unforgiven,14400000.0,101157447.0,,1992,unknown,,,,unforgiven,,,tt2347134,Unforgiven,Yurusarezaru mono,2013,135,"Action,Crime,Drama",7.2,2010,Action,unforgiven
70,1992-08-07,unforgiven,14400000.0,101157447.0,,1992,unknown,,,,unforgiven,,,tt7394636,Unforgiven,Neproshchennyy,2018,106,Drama,6.3,562,Drama,unforgiven
81,2012-08-31,the possession,14000000.0,49130588.0,85430588.0,2012,LGF,49100000.0,36300000.0,2012.0,the possession,71430588.0,5.102184857142857,tt0431021,The Possession,The Possession,2012,92,"Horror,Mystery,Thriller",5.9,53649,Horror,the possession
87,1991-01-18,white fang,14000000.0,34729091.0,,1991,unknown,,,,white fang,,,tt5222768,White Fang,Croc-Blanc,2018,85,"Adventure,Animation",7.0,2048,Adventure,white fang
89,1999-10-08,superstar,14000000.0,30628981.0,,1999,unknown,,,,superstar,,,tt1849111,Superstar,Superstar,2012,112,Drama,5.3,834,Drama,superstar
90,2012-01-13,the iron lady,14000000.0,29959436.0,114859436.0,2012,Wein.,30000000.0,84900000.0,2011.0,the iron lady,100859436.0,7.204245428571428,tt1007029,The Iron Lady,The Iron Lady,2011,105,"Biography,Drama",6.4,96066,Biography,the iron lady
95,2010-03-12,our family wedding,14000000.0,20255281.0,21455281.0,2010,FoxS,20300000.0,1200000.0,2010.0,our family wedding,7455281.0,0.5325200714285714,tt1305583,Our Family Wedding,Our Family Wedding,2010,103,"Comedy,Romance",4.9,6417,Comedy,our family wedding
7,2015-02-20,hot tub time machine 2,14000000.0,12314651.0,13081651.0,2015,Par.,12300000.0,767000.0,2015.0,hot tub time machine 2,-918349.0,-0.06559635714285714,tt2637294,Hot Tub Time Machine 2,Hot Tub Time Machine 2,2015,93,"Comedy,Mystery,Sci-Fi",5.1,34444,Comedy,hot tub time machine 2
8,2006-11-17,bobby,14000000.0,11242801.0,,2006,unknown,,,,bobby,,,tt4606514,Bobby,Bobby,2016,97,"Biography,Documentary,Sport",7.1,383,Biography,bobby
8,2006-11-17,bobby,14000000.0,11242801.0,,2006,unknown,,,,bobby,,,tt7166214,Bobby,Bobby,2017,142,"Comedy,Romance",6.8,185,Comedy,bobby
8,2006-11-17,bobby,14000000.0,11242801.0,,2006,unknown,,,,bobby,,,tt8439948,Bobby,Bobby,2018,130,Drama,8.9,23,Drama,bobby
9,2001-02-02,head over heels,14000000.0,10397365.0,,2001,unknown,,,,head over heels,,,tt1564916,Head Over Heels,De Pernas pro Ar,2010,101,Comedy,5.7,1952,Comedy,head over heels
10,2012-10-26,fun size,14000000.0,9409538.0,11409538.0,2012,Par.,9400000.0,2000000.0,2012.0,fun size,-2590462.0,-0.185033,tt1663143,Fun Size,Fun Size,2012,86,"Adventure,Comedy",5.4,12926,Adventure,fun size
11,1999-04-23,lost and found,14000000.0,6552255.0,,1999,unknown,,,,lost and found,,,tt4269194,Lost and Found,Hoshigaoka wadârando,2015,111,"Animation,Drama",5.0,17,Animation,lost and found
11,1999-04-23,lost and found,14000000.0,6552255.0,,1999,unknown,,,,lost and found,,,tt6080004,Lost and Found,Lost and Found,2016,114,Romance,5.3,11,Romance,lost and found
16,2015-10-23,suffragette,14000000.0,4702420.0,16002420.0,2015,Focus,4700000.0,11300000.0,2015.0,suffragette,2002420.0,0.14303,tt3077214,Suffragette,Suffragette,2015,106,"Biography,Drama,History",6.9,34306,Biography,suffragette
18,2014-12-19,mr. turner,14000000.0,3958546.0,22158546.0,2014,SPC,4000000.0,18200000.0,2014.0,mr. turner,8158546.0,0.5827532857142858,tt2473794,Mr. Turner,Mr. Turner,2014,150,"Biography,Drama,History",6.8,22661,Biography,mr. turner
22,2010-08-06,flipped,14000000.0,1755212.0,,2010,unknown,,,,flipped,,,tt0817177,Flipped,Flipped,2010,90,"Comedy,Drama,Romance",7.7,74937,Comedy,flipped
22,2010-08-06,flipped,14000000.0,1755212.0,,2010,unknown,,,,flipped,,,tt2388050,Flipped,Flipped,2015,90,"Drama,Thriller",6.0,440,Drama,flipped
25,2003-01-24,amen,14000000.0,274299.0,,2003,unknown,,,,amen,,,tt2086799,Amen,Amen,2011,72,Drama,5.6,419,Drama,amen
25,2003-01-24,amen,14000000.0,274299.0,,2003,unknown,,,,amen,,,tt2786278,Amen,Amen,2013,165,"Drama,Musical,Romance",7.8,2446,Drama,amen
27,2011-09-30,margaret,14000000.0,47185.0,,2011,unknown,,,,margaret,,,tt0466893,Margaret,Margaret,2011,150,Drama,6.5,14708,Drama,margaret
28,2016-11-01,reign of assassins,14000000.0,0.0,,2016,unknown,,,,reign of assassins,,,tt1460743,Reign of Assassins,Jian yu,2010,117,"Action,Adventure",6.9,6990,Action,reign of assassins
32,2008-12-31,ca$h,13700000.0,0.0,,2008,unknown,,,,ca$h,,,tt1106860,Ca$h,Ca$h,2010,108,"Crime,Thriller",6.0,8605,Crime,ca$h
59,2010-03-26,ca$h,7000000.0,46488.0,,2010,unknown,,,,ca$h,,,tt1106860,Ca$h,Ca$h,2010,108,"Crime,Thriller",6.0,8605,Crime,ca$h
36,2012-10-12,seven psychopaths,13500000.0,15024049.0,19424049.0,2012,CBS,15000000.0,4400000.0,2012.0,seven psychopaths,5924049.0,0.43881844444444446,tt1931533,Seven Psychopaths,Seven Psychopaths,2012,110,"Comedy,Crime",7.2,223493,Comedy,seven psychopaths
41,2011-04-01,the last godfather,13400000.0,164247.0,16764247.0,2011,RAtt.,164000.0,16600000.0,2011.0,the last godfather,3364247.0,0.2510632089552239,tt1584131,The Last Godfather,The Last Godfather,2010,100,"Comedy,Crime,Romance",3.7,1071,Comedy,the last godfather
42,2014-04-04,under the skin,13300000.0,2614251.0,,2014,unknown,,,,under the skin,,,tt1441395,Under the Skin,Under the Skin,2013,108,"Drama,Horror,Sci-Fi",6.3,113196,Drama,under the skin
44,2014-09-12,no good deed,13200000.0,52543632.0,,2014,unknown,,,,no good deed,,,tt2011159,No Good Deed,No Good Deed,2014,84,"Action,Crime,Drama",5.6,16045,Action,no good deed
46,2010-12-03,black swan,13000000.0,106954678.0,329354678.0,2010,FoxS,107000000.0,222400000.0,2010.0,black swan,316354678.0,24.33497523076923,tt0947798,Black Swan,Black Swan,2010,108,"Drama,Thriller",8.0,648854,Drama,black swan
48,2011-02-11,justin bieber: never say never,13000000.0,73013910.0,99013910.0,2011,Par.,73000000.0,26000000.0,2011.0,justin bieber: never say never,86013910.0,6.616454615384615,tt1702443,Justin Bieber: Never Say Never,Justin Bieber: Never Say Never,2011,105,"Documentary,Music",1.6,74978,Documentary,justin bieber: never say never
49,2018-07-04,the first purge,13000000.0,69488745.0,136988745.0,2018,Uni.,69500000.0,67500000.0,2018.0,the first purge,123988745.0,9.53759576923077,tt6133466,The First Purge,The First Purge,2018,98,"Action,Horror,Sci-Fi",5.1,41741,Action,the first purge
50,2016-03-16,miracles from heaven,13000000.0,61705123.0,73905123.0,2016,TriS,61700000.0,12200000.0,2016.0,miracles from heaven,60905123.0,4.685009461538462,tt4257926,Miracles from Heaven,Miracles from Heaven,2016,109,"Biography,Drama,Family",7.1,17734,Biography,miracles from heaven
51,2000-02-11,snow day,13000000.0,60008303.0,,2000,unknown,,,,snow day,,,tt4163946,Snow Day,Snow Day,2014,60,"Action,Documentary,Drama",8.7,22,Action,snow day
52,2004-01-23,the butterfly effect,13000000.0,57924679.0,,2004,unknown,,,,the butterfly effect,,,tt6112220,The Butterfly Effect,Vidas Em Paralelo,2010,85,"Comedy,Crime,Drama",6.9,104,Comedy,the butterfly effect
54,2016-06-24,the shallows,13000000.0,55121623.0,119121623.0,2016,Sony,55100000.0,64000000.0,2016.0,the shallows,106121623.0,8.163201769230769,tt4052882,The Shallows,The Shallows,2016,86,"Drama,Horror,Thriller",6.3,106927,Drama,the shallows
58,2014-02-14,about last night,13000000.0,48637684.0,,2014,unknown,,,,about last night,,,tt1826590,About Last Night,About Last Night,2014,100,"Comedy,Romance",6.1,21078,Comedy,about last night
61,2014-10-10,st. vincent,13000000.0,44137712.0,54837712.0,2014,Wein.,44100000.0,10700000.0,2014.0,st. vincent,41837712.0,3.2182855384615383,tt2170593,St. Vincent,St. Vincent,2014,102,"Comedy,Drama",7.3,89372,Comedy,st. vincent
62,2014-07-02,earth to echo,13000000.0,38934842.0,45334842.0,2014,Rela.,38900000.0,6400000.0,2014.0,earth to echo,32334842.0,2.4872955384615385,tt2183034,Earth to Echo,Earth to Echo,2014,91,"Adventure,Family,Sci-Fi",5.8,17627,Adventure,earth to echo
72,2015-04-10,ex machina,13000000.0,25440971.0,36840971.0,2015,A24,25400000.0,11400000.0,2015.0,ex machina,23840971.0,1.833920846153846,tt0470752,Ex Machina,Ex Machina,2014,108,"Drama,Mystery,Sci-Fi",7.7,424542,Drama,ex machina
75,2016-03-11,eye in the sky,13000000.0,18704596.0,,2016,unknown,,,,eye in the sky,,,tt2057392,Eye in the Sky,Eye in the Sky,2015,102,"Drama,Thriller,War",7.3,72301,Drama,eye in the sky
76,2013-03-22,admission,13000000.0,18007317.0,,2013,unknown,,,,admission,,,tt1814621,Admission,Admission,2013,107,"Comedy,Drama,Romance",5.7,31849,Comedy,admission
77,2012-09-21,the perks of being a wallflower,13000000.0,17742948.0,33342948.0,2012,LG/S,17700000.0,15600000.0,2012.0,the perks of being a wallflower,20342948.0,1.5648421538461539,tt1659337,The Perks of Being a Wallflower,The Perks of Being a Wallflower,2012,103,Drama,8.0,422671,Drama,the perks of being a wallflower
80,2015-10-16,room,13000000.0,14677674.0,35377674.0,2015,A24,14700000.0,20700000.0,2015.0,room,22377674.0,1.7213595384615386,tt3170832,Room,Room,2015,118,"Drama,Thriller",8.2,316791,Drama,room
81,2015-10-16,woodlawn,13000000.0,14394097.0,,2015,unknown,,,,woodlawn,,,tt4183692,Woodlawn,Woodlawn,2015,123,"Drama,Sport",6.5,6070,Drama,woodlawn
85,1998-06-12,dirty work,13000000.0,10020081.0,,1998,unknown,,,,dirty work,,,tt5635048,Dirty Work,Dirty Work,2016,103,"Crime,Drama",6.5,19,Crime,dirty work
86,2015-07-17,bajrangi bhaijaan,13000000.0,8178001.0,,2015,unknown,,,,bajrangi bhaijaan,,,tt3863552,Bajrangi Bhaijaan,Bajrangi Bhaijaan,2015,163,"Action,Comedy,Drama",8.0,63747,Action,bajrangi bhaijaan
95,2018-12-07,ben is back,13000000.0,3703182.0,,2018,unknown,,,,ben is back,,,tt7545524,Ben Is Back,Ben Is Back,2018,103,Drama,6.7,10402,Drama,ben is back
97,2010-03-26,chloe,13000000.0,3075255.0,11675255.0,2010,SPC,3100000.0,8600000.0,2010.0,chloe,-1324745.0,-0.10190346153846154,tt1833881,Chloe,The 10 Commandments of Chloe,2013,73,"Drama,Music,Romance",6.9,34,Drama,chloe
99,2015-12-04,youth,13000000.0,2703296.0,,2015,unknown,,,,youth,,,tt2536448,Youth,Jeunesse,2012,75,"Drama,Family",6.6,36,Drama,youth
99,2015-12-04,youth,13000000.0,2703296.0,,2015,unknown,,,,youth,,,tt2670524,Youth,Youth,2013,107,Drama,6.1,327,Drama,youth
99,2015-12-04,youth,13000000.0,2703296.0,,2015,unknown,,,,youth,,,tt3312830,Youth,Youth,2015,124,"Comedy,Drama,Music",7.3,64418,Comedy,youth
99,2015-12-04,youth,13000000.0,2703296.0,,2015,unknown,,,,youth,,,tt5671384,Youth,Youth,2016,124,Drama,7.3,11,Drama,youth
99,2015-12-04,youth,13000000.0,2703296.0,,2015,unknown,,,,youth,,,tt6654316,Youth,Fang hua,2017,135,"Drama,Romance,War",7.1,2221,Drama,youth
3,2015-07-24,the vatican tapes,13000000.0,1784763.0,,2015,unknown,,,,the vatican tapes,,,tt1524575,The Vatican Tapes,The Vatican Tapes,2015,91,"Horror,Thriller",5.0,14822,Horror,the vatican tapes
7,2011-07-29,attack the block,13000000.0,1024175.0,5824175.0,2011,SGem,1000000.0,4800000.0,2011.0,attack the block,-7175825.0,-0.5519865384615384,tt1478964,Attack the Block,Attack the Block,2011,88,"Action,Comedy,Sci-Fi",6.7,93868,Action,attack the block
10,2011-12-23,in the land of blood and honey,13000000.0,303877.0,,2011,unknown,,,,in the land of blood and honey,,,tt1714209,In the Land of Blood and Honey,In the Land of Blood and Honey,2011,127,"Drama,Romance,War",4.4,32776,Drama,in the land of blood and honey
11,2010-06-18,the killer inside me,13000000.0,217277.0,4017277.0,2010,IFC,217000.0,3800000.0,2010.0,the killer inside me,-8982723.0,-0.6909786923076923,tt0954947,The Killer Inside Me,The Killer Inside Me,2010,109,"Crime,Drama,Horror",6.1,31727,Crime,the killer inside me
12,2012-03-30,womb,13000000.0,0.0,,2012,unknown,,,,womb,,,tt1216520,Womb,Womb,2010,111,"Drama,Romance,Sci-Fi",6.4,12489,Drama,womb
14,2013-03-15,the call,12800000.0,51872378.0,68572378.0,2013,TriS,51900000.0,16700000.0,2013.0,the call,55772378.0,4.35721703125,tt1911644,The Call,The Call,2013,94,"Crime,Drama,Horror",6.7,103780,Crime,the call
14,2013-03-15,the call,12800000.0,51872378.0,68572378.0,2013,TriS,51900000.0,16700000.0,2013.0,the call,55772378.0,4.35721703125,tt2926868,The Call,Lokroep,2013,25,Documentary,7.9,12,Documentary,the call
14,2013-03-15,the call,12800000.0,51872378.0,68572378.0,2013,TriS,51900000.0,16700000.0,2013.0,the call,55772378.0,4.35721703125,tt4741754,The Call,The Call,2014,109,Thriller,6.6,5,Thriller,the call
16,2014-09-12,the drop,12600000.0,10724389.0,18624389.0,2014,FoxS,10700000.0,7900000.0,2014.0,the drop,6024389.0,0.4781261111111111,tt1600196,The Drop,The Drop,2014,106,"Crime,Drama",7.1,132161,Crime,the drop
18,2010-09-03,machete,12500000.0,26593646.0,44093646.0,2010,Fox,26600000.0,17500000.0,2010.0,machete,31593646.0,2.52749168,tt0985694,Machete,Machete,2010,105,"Action,Crime,Thriller",6.6,182320,Action,machete
28,2010-10-15,conviction,12500000.0,6797696.0,9697696.0,2010,FoxS,6800000.0,2900000.0,2010.0,conviction,-2802304.0,-0.22418432,tt1244754,Conviction,Conviction,2010,107,"Biography,Crime,Drama",7.2,39771,Biography,conviction
28,2010-10-15,conviction,12500000.0,6797696.0,9697696.0,2010,FoxS,6800000.0,2900000.0,2010.0,conviction,-2802304.0,-0.22418432,tt7799386,Conviction,Une intime conviction,2018,110,Drama,7.0,234,Drama,conviction
32,2010-12-17,casino jack,12500000.0,2039869.0,2080569.0,2010,ATO,1000000.0,40700.0,2010.0,casino jack,-10419431.0,-0.83355448,tt1194417,Casino Jack,Casino Jack,2010,108,"Biography,Comedy,Crime",6.2,16191,Biography,casino jack
37,2012-10-05,the paperboy,12500000.0,677200.0,1338200.0,2012,MNE,693000.0,661000.0,2012.0,the paperboy,-11161800.0,-0.892944,tt1496422,The Paperboy,The Paperboy,2012,107,"Crime,Drama,Mystery",5.8,33940,Crime,the paperboy
39,2012-05-04,a little bit of heaven,12500000.0,10011.0,1310011.0,2012,MNE,15400.0,1300000.0,2012.0,a little bit of heaven,-11189989.0,-0.89519912,tt1440161,A Little Bit of Heaven,A Little Bit of Heaven,2011,106,"Comedy,Drama,Fantasy",6.3,26441,Comedy,a little bit of heaven
43,2014-06-06,the fault in our stars,12000000.0,124872350.0,307172350.0,2014,Fox,124900000.0,182300000.0,2014.0,the fault in our stars,295172350.0,24.597695833333333,tt2582846,The Fault in Our Stars,The Fault in Our Stars,2014,126,"Drama,Romance",7.7,315135,Drama,the fault in our stars
45,2012-04-20,think like a man,12000000.0,91547205.0,96047205.0,2012,SGem,91500000.0,4500000.0,2012.0,think like a man,84047205.0,7.00393375,tt1621045,Think Like a Man,Think Like a Man,2012,122,"Comedy,Romance",6.6,41043,Comedy,think like a man
46,2014-04-16,heaven is for real,12000000.0,91386097.0,101286097.0,2014,TriS,91400000.0,9900000.0,2014.0,heaven is for real,89286097.0,7.4405080833333335,tt1929263,Heaven Is for Real,Heaven Is for Real,2014,99,"Biography,Drama,Family",5.8,24267,Biography,heaven is for real
47,1986-12-12,the golden child,12000000.0,79817937.0,,1986,unknown,,,,the golden child,,,tt3506476,The Golden Child,Jin sun,2012,86,Drama,5.7,7,Drama,the golden child
52,2012-02-24,act of valor,12000000.0,70012847.0,81312847.0,2012,Rela.,70000000.0,11300000.0,2012.0,act of valor,69312847.0,5.7760705833333335,tt1591479,Act of Valor,Act of Valor,2012,110,"Action,Adventure,Drama",6.5,63787,Action,act of valor
53,1985-02-08,witness,12000000.0,65532576.0,,1985,unknown,,,,witness,,,tt2802196,Witness,Witness,2012,96,"Action,Crime,Drama",5.3,12,Action,witness
53,1985-02-08,witness,12000000.0,65532576.0,,1985,unknown,,,,witness,,,tt8562562,Witness,Witness,2019,129,Thriller,7.1,133,Thriller,witness
54,2006-08-11,step up,12000000.0,65328121.0,,2006,unknown,,,,step up,,,tt2516968,Step Up,Step Up,2012,55,"Biography,Documentary,Drama",7.7,59,Biography,step up
55,2012-02-03,chronicle,12000000.0,64575175.0,,2012,unknown,,,,chronicle,,,tt1706593,Chronicle,Chronicle,2012,84,"Drama,Sci-Fi,Thriller",7.1,229258,Drama,chronicle
58,2012-03-02,project x,12000000.0,54731865.0,102731865.0,2012,WB,54700000.0,48000000.0,2012.0,project x,90731865.0,7.56098875,tt1636826,Project X,Project X,2012,88,Comedy,6.7,177782,Comedy,project x
59,2017-11-10,"three billboards outside ebbing, missouri",12000000.0,54513740.0,159213740.0,2017,FoxS,54500000.0,104700000.0,2017.0,"three billboards outside ebbing, missouri",147213740.0,12.267811666666667,tt5027774,"Three Billboards Outside Ebbing, Missouri","Three Billboards Outside Ebbing, Missouri",2017,115,"Crime,Drama",8.2,344047,Crime,"three billboards outside ebbing, missouri"
60,2016-11-25,lion,12000000.0,51739495.0,140339495.0,2016,Wein.,51700000.0,88600000.0,2016.0,lion,128339495.0,10.694957916666667,tt3741834,Lion,Lion,2016,118,"Biography,Drama",8.1,181601,Biography,lion
60,2016-11-25,lion,12000000.0,51739495.0,140339495.0,2016,Wein.,51700000.0,88600000.0,2016.0,lion,128339495.0,10.694957916666667,tt4685968,Lion,Lion,2015,143,"Action,Drama,Romance",3.6,282,Action,lion
61,2018-05-04,overboard,12000000.0,50316123.0,,2018,unknown,,,,overboard,,,tt1563742,Overboard,Overboard,2018,112,"Comedy,Romance",5.9,25607,Comedy,overboard
65,2013-11-22,philomena,12000000.0,37709979.0,100109979.0,2013,Wein.,37700000.0,62400000.0,2013.0,philomena,88109979.0,7.34249825,tt2431286,Philomena,Philomena,2013,98,"Biography,Comedy,Drama",7.6,88704,Biography,philomena
67,2002-02-15,crossroads,12000000.0,37188667.0,,2002,unknown,,,,crossroads,,,tt1848834,Crossroads,Crossroads,2015,87,"Action,Crime,Drama",7.8,8,Action,crossroads
67,2002-02-15,crossroads,12000000.0,37188667.0,,2002,unknown,,,,crossroads,,,tt2219370,Crossroads,3 Yol,2013,116,"Drama,Mystery,War",6.1,122,Drama,crossroads
67,2002-02-15,crossroads,12000000.0,37188667.0,,2002,unknown,,,,crossroads,,,tt4080474,Crossroads,Perekrestok,2014,65,Documentary,8.7,15,Documentary,crossroads
86,2015-06-23,crossroads,500000.0,0.0,,2015,unknown,,,,crossroads,,,tt1848834,Crossroads,Crossroads,2015,87,"Action,Crime,Drama",7.8,8,Action,crossroads
86,2015-06-23,crossroads,500000.0,0.0,,2015,unknown,,,,crossroads,,,tt2219370,Crossroads,3 Yol,2013,116,"Drama,Mystery,War",6.1,122,Drama,crossroads
86,2015-06-23,crossroads,500000.0,0.0,,2015,unknown,,,,crossroads,,,tt4080474,Crossroads,Perekrestok,2014,65,Documentary,8.7,15,Documentary,crossroads
68,2015-07-24,paper towns,12000000.0,32000304.0,85500304.0,2015,Fox,32000000.0,53500000.0,2015.0,paper towns,73500304.0,6.125025333333333,tt3622592,Paper Towns,Paper Towns,2015,109,"Comedy,Drama,Mystery",6.3,87742,Comedy,paper towns
77,2016-08-12,hell or high water,12000000.0,27007844.0,37907844.0,2016,LGF,27000000.0,10900000.0,2016.0,hell or high water,25907844.0,2.158987,tt2582782,Hell or High Water,Hell or High Water,2016,102,"Action,Crime,Drama",7.6,176469,Action,hell or high water
79,2012-07-05,katy perry: part of me,12000000.0,25326071.0,32726071.0,2012,Par.,25300000.0,7400000.0,2012.0,katy perry: part of me,20726071.0,1.7271725833333333,tt2215719,Katy Perry: Part of Me,Katy Perry: Part of Me,2012,93,"Documentary,Music",5.9,13034,Documentary,katy perry: part of me
80,2014-12-12,top five,12000000.0,25317379.0,26117379.0,2014,Par.,25300000.0,800000.0,2014.0,top five,14117379.0,1.17644825,tt2784678,Top Five,Top Five,2014,102,"Comedy,Romance",6.4,24744,Comedy,top five
83,1979-06-15,prophecy,12000000.0,22673340.0,,1979,unknown,,,,prophecy,,,tt3952226,Prophecy,Yokokuhan,2015,119,Mystery,6.5,501,Mystery,prophecy
83,1979-06-15,prophecy,12000000.0,22673340.0,,1979,unknown,,,,prophecy,,,tt4819134,Prophecy,Prophecy,2015,92,Drama,5.8,9,Drama,prophecy
84,2015-01-30,project almanac,12000000.0,22348241.0,33248241.0,2015,Par.,22300000.0,10900000.0,2015.0,project almanac,21248241.0,1.77068675,tt2436386,Project Almanac,Project Almanac,2015,106,"Drama,Mystery,Sci-Fi",6.4,71500,Drama,project almanac
85,2010-05-14,just wright,12000000.0,21540363.0,21570263.0,2010,FoxS,21500000.0,29900.0,2010.0,just wright,9570263.0,0.7975219166666667,tt1407061,Just Wright,Just Wright,2010,100,"Comedy,Romance,Sport",5.9,12466,Comedy,just wright
91,2013-11-15,nebraska,12000000.0,17654912.0,27654912.0,2013,Par.,17700000.0,10000000.0,2013.0,nebraska,15654912.0,1.304576,tt1821549,Nebraska,Nebraska,2013,115,"Adventure,Comedy,Drama",7.7,105304,Adventure,nebraska
94,2011-12-09,young adult,12000000.0,16311571.0,22911571.0,2011,Par.,16300000.0,6600000.0,2011.0,young adult,10911571.0,0.9092975833333333,tt1625346,Young Adult,Young Adult,2011,94,"Comedy,Drama",6.3,74071,Comedy,young adult
95,2013-11-01,about time,12000000.0,15323921.0,87123921.0,2013,Uni.,15300000.0,71800000.0,2013.0,about time,75123921.0,6.26032675,tt2194499,About Time,About Time,2013,123,"Comedy,Drama,Fantasy",7.8,263136,Comedy,about time
96,2018-12-14,if beale street could talk,12000000.0,14915773.0,20615773.0,2018,Annapurna,14900000.0,5700000.0,2018.0,if beale street could talk,8615773.0,0.7179810833333333,tt7125860,If Beale Street Could Talk,If Beale Street Could Talk,2018,119,"Drama,Romance",7.2,25512,Drama,if beale street could talk
97,2017-07-14,wish upon,12000000.0,14301505.0,,2017,unknown,,,,wish upon,,,tt5322012,Wish Upon,Wish Upon,2017,90,"Drama,Fantasy,Horror",5.0,14962,Drama,wish upon
7,2017-10-13,marshall,12000000.0,10051659.0,,2017,unknown,,,,marshall,,,tt5301662,Marshall,Marshall,2017,118,"Biography,Crime,Drama",7.2,14419,Biography,marshall
9,2012-09-14,arbitrage,12000000.0,7919574.0,35519574.0,2012,RAtt.,7900000.0,27600000.0,2012.0,arbitrage,23519574.0,1.9599645,tt1764183,Arbitrage,Arbitrage,2012,107,"Drama,Thriller",6.6,46774,Drama,arbitrage
11,2000-05-12,screwed,12000000.0,6982680.0,,2000,unknown,,,,screwed,,,tt1727816,Screwed,Screwed,2011,110,"Crime,Drama",5.7,1900,Crime,screwed
11,2000-05-12,screwed,12000000.0,6982680.0,,2000,unknown,,,,screwed,,,tt1956618,Screwed,Screwed,2013,96,"Comedy,Romance",4.4,300,Comedy,screwed
11,2000-05-12,screwed,12000000.0,6982680.0,,2000,unknown,,,,screwed,,,tt6577814,Screwed,Pihalla,2017,100,"Comedy,Drama,Romance",6.3,716,Comedy,screwed
13,1993-09-03,fortress,12000000.0,6730578.0,,1993,unknown,,,,fortress,,,tt2607640,Fortress,Pevnost,2012,70,"Documentary,Drama,News",7.0,31,Documentary,fortress
14,2012-06-01,for greater glory: the true story of cristiada,12000000.0,5669081.0,,2012,unknown,,,,for greater glory: the true story of cristiada,,,tt1566501,For Greater Glory: The True Story of Cristiada,For Greater Glory: The True Story of Cristiada,2012,145,"Drama,History,War",6.6,4202,Drama,for greater glory: the true story of cristiada
27,1999-03-19,ravenous,12000000.0,2062406.0,,1999,unknown,,,,ravenous,,,tt6243140,Ravenous,Les affamés,2017,104,"Drama,Horror,Sci-Fi",5.9,5970,Drama,ravenous
29,2013-03-01,stoker,12000000.0,1703125.0,12103125.0,2013,FoxS,1700000.0,10400000.0,2013.0,stoker,103125.0,0.00859375,tt1682180,Stoker,Stoker,2013,99,"Drama,Thriller",6.8,97393,Drama,stoker
32,2011-03-11,kill the irishman,12000000.0,1188194.0,,2011,unknown,,,,kill the irishman,,,tt1416801,Kill the Irishman,Kill the Irishman,2011,106,"Biography,Crime,Drama",7.1,41504,Biography,kill the irishman
34,2012-04-20,darling companion,12000000.0,793352.0,,2012,unknown,,,,darling companion,,,tt1730687,Darling Companion,Darling Companion,2012,103,"Comedy,Drama,Romance",5.1,3085,Comedy,darling companion
36,2001-07-20,brother,12000000.0,450594.0,,2001,unknown,,,,brother,,,tt1588358,Brother,Hermano,2010,97,"Drama,Family,Sport",7.4,2381,Drama,brother
36,2001-07-20,brother,12000000.0,450594.0,,2001,unknown,,,,brother,,,tt2903186,Brother,Broer,2016,115,"Comedy,Drama,Thriller",5.9,452,Comedy,brother
46,2015-10-09,trash,12000000.0,17484.0,4817484.0,2015,FCW,17500.0,4800000.0,2015.0,trash,-7182516.0,-0.598543,tt1921149,Trash,Trash,2014,114,"Adventure,Crime,Drama",7.2,18690,Adventure,trash
47,2011-08-19,5 days of war,12000000.0,17479.0,,2011,unknown,,,,5 days of war,,,tt1486193,5 Days of War,5 Days of War,2011,113,"Action,Drama,War",5.6,13089,Action,5 days of war
48,2015-11-11,10 days in a madhouse,12000000.0,14616.0,,2015,unknown,,,,10 days in a madhouse,,,tt3453052,10 Days in a Madhouse,10 Days in a Madhouse,2015,111,Drama,6.7,1114,Drama,10 days in a madhouse
54,2014-10-03,drive hard,12000000.0,0.0,,2014,unknown,,,,drive hard,,,tt2968804,Drive Hard,Drive Hard,2014,92,"Action,Comedy,Crime",4.4,3907,Action,drive hard
57,2016-09-23,the dressmaker,11900000.0,2022115.0,,2016,unknown,,,,the dressmaker,,,tt2910904,The Dressmaker,The Dressmaker,2015,119,"Comedy,Drama",7.1,46833,Comedy,the dressmaker
60,2015-11-20,carol,11800000.0,12711491.0,40311491.0,2015,Wein.,12700000.0,27600000.0,2015.0,carol,28511491.0,2.4162280508474576,tt2402927,Carol,Carol,2015,118,"Drama,Romance",7.2,100680,Drama,carol
62,2016-01-22,dirty grandpa,11500000.0,35593113.0,94093113.0,2016,LGF,35600000.0,58500000.0,2016.0,dirty grandpa,82593113.0,7.182009826086957,tt1860213,Dirty Grandpa,Dirty Grandpa,2016,102,Comedy,5.9,101393,Comedy,dirty grandpa
68,2010-12-10,the fighter,11000000.0,93617009.0,129217009.0,2010,Par.,93600000.0,35600000.0,2010.0,the fighter,118217009.0,10.747000818181817,tt0964517,The Fighter,The Fighter,2010,116,"Biography,Drama,Sport",7.8,316539,Biography,the fighter
73,2014-08-22,if i stay,11000000.0,50474843.0,78874843.0,2014,WB (NL),50500000.0,28400000.0,2014.0,if i stay,67874843.0,6.170440272727273,tt1355630,If I Stay,If I Stay,2014,107,"Drama,Fantasy,Music",6.8,107625,Drama,if i stay
79,2015-11-04,brooklyn,11000000.0,38322743.0,62122743.0,2015,FoxS,38300000.0,23800000.0,2015.0,brooklyn,51122743.0,4.647522090909091,tt2381111,Brooklyn,Brooklyn,2015,117,"Drama,Romance",7.5,117021,Drama,brooklyn
79,2015-11-04,brooklyn,11000000.0,38322743.0,62122743.0,2015,FoxS,38300000.0,23800000.0,2015.0,brooklyn,51122743.0,4.647522090909091,tt3184798,Brooklyn,Brooklyn,2014,83,"Drama,Music,Musical",6.4,51,Drama,brooklyn
81,2015-04-01,woman in gold,11000000.0,33307793.0,61607793.0,2015,Wein.,33299999.0,28300000.0,2015.0,woman in gold,50607793.0,4.600708454545455,tt2404425,Woman in Gold,Woman in Gold,2015,109,"Biography,Drama,History",7.3,48501,Biography,woman in gold
83,2017-12-08,"i, tonya",11000000.0,30014534.0,53914534.0,2017,Neon,30000000.0,23900000.0,2017.0,"i, tonya",42914534.0,3.9013212727272726,tt5580036,"I, Tonya","I, Tonya",2017,120,"Biography,Comedy,Drama",7.5,141668,Biography,"i, tonya"
86,2019-02-14,fighting with my family,11000000.0,22958583.0,,2019,unknown,,,,fighting with my family,,,tt6513120,Fighting with My Family,Fighting with My Family,2019,108,"Biography,Comedy,Drama",7.2,26704,Biography,fighting with my family
90,2013-01-11,quartet,11000000.0,18388357.0,59488357.0,2013,Wein.,18400000.0,41100000.0,2013.0,quartet,48488357.0,4.408032454545454,tt1441951,Quartet,Quartet,2012,94,"Comedy,Drama",6.8,17979,Comedy,quartet
94,2013-12-06,inside llewyn davis,11000000.0,13248209.0,32948209.0,2013,CBS,13200000.0,19700000.0,2013.0,inside llewyn davis,21948209.0,1.9952917272727273,tt2042568,Inside Llewyn Davis,Inside Llewyn Davis,2013,104,"Drama,Music",7.5,123759,Drama,inside llewyn davis
98,2013-05-10,peeples,11000000.0,9177065.0,,2013,unknown,,,,peeples,,,tt1699755,Peeples,Peeples,2013,95,"Comedy,Romance",5.3,4452,Comedy,peeples
100,2016-07-06,sultan,11000000.0,5599781.0,86699781.0,2016,Yash,6200000.0,81100000.0,2016.0,sultan,75699781.0,6.881798272727273,tt4832640,Sultan,Sultan,2016,170,"Action,Drama,Sport",7.1,33371,Action,sultan
2,2003-09-26,the gospel of john,11000000.0,4068087.0,,2003,unknown,,,,the gospel of john,,,tt3454828,The Gospel of John,The Gospel of John,2014,160,Drama,7.8,563,Drama,the gospel of john
11,2011-08-26,brighton rock,11000000.0,229653.0,1829653.0,2011,IFC,230000.0,1600000.0,2011.0,brighton rock,-9170347.0,-0.833667909090909,tt1233192,Brighton Rock,Brighton Rock,2010,111,"Crime,Drama,Thriller",5.7,5784,Crime,brighton rock
14,2012-05-04,lol,11000000.0,0.0,,2012,unknown,,,,lol,,,tt1592873,LOL,LOL,2012,97,"Comedy,Drama,Romance",4.4,51424,Comedy,lol
15,2016-02-05,misconduct,11000000.0,0.0,,2016,unknown,,,,misconduct,,,tt3658772,Misconduct,Misconduct,2016,106,"Crime,Drama,Mystery",5.3,13550,Crime,misconduct
16,2019-12-31,eli,11000000.0,0.0,,2019,unknown,,,,eli,,,tt4786638,Eli,Eli,2015,154,Comedy,4.7,96,Comedy,eli
25,2013-12-06,the last days on mars,10600000.0,24084.0,,2013,unknown,,,,the last days on mars,,,tt1709143,The Last Days on Mars,The Last Days on Mars,2013,98,"Adventure,Horror,Sci-Fi",5.5,33137,Adventure,the last days on mars
33,1983-02-18,lovesick,10100000.0,10143618.0,,1983,unknown,,,,lovesick,,,tt2075241,Lovesick,Lian ai kong huang zheng,2011,90,"Comedy,Fantasy,Romance",5.0,126,Comedy,lovesick
33,1983-02-18,lovesick,10100000.0,10143618.0,,1983,unknown,,,,lovesick,,,tt2404299,Lovesick,Lovesick,2014,85,"Comedy,Romance",5.2,2540,Comedy,lovesick
33,1983-02-18,lovesick,10100000.0,10143618.0,,1983,unknown,,,,lovesick,,,tt4996022,Lovesick,Lovesick,2016,93,"Drama,Romance",4.7,192,Drama,lovesick
34,2010-04-30,housefull,10100000.0,1183658.0,2383658.0,2010,Eros,1200000.0,1200000.0,2010.0,housefull,-7716342.0,-0.7639942574257426,tt1573072,Housefull,Housefull,2010,144,Comedy,5.5,11089,Comedy,housefull
42,2016-07-01,the purge: election year,10000000.0,79042440.0,118442440.0,2016,Uni.,79200000.0,39400000.0,2016.0,the purge: election year,108442440.0,10.844244,tt4094724,The Purge: Election Year,The Purge: Election Year,2016,108,"Action,Horror,Sci-Fi",6.0,80254,Action,the purge: election year
43,2018-05-18,book club,10000000.0,68566296.0,,2018,unknown,,,,book club,,,tt4727712,Book Club,Book Club,2015,72,Documentary,6.6,9,Documentary,book club
43,2018-05-18,book club,10000000.0,68566296.0,,2018,unknown,,,,book club,,,tt6857166,Book Club,Book Club,2018,104,"Comedy,Drama,Romance",6.1,18728,Comedy,book club
45,2018-01-05,insidious: the last key,10000000.0,67745330.0,167845330.0,2018,Uni.,67700000.0,100100000.0,2018.0,insidious: the last key,157845330.0,15.784533,tt5726086,Insidious: The Last Key,Insidious: The Last Key,2018,103,"Horror,Mystery,Thriller",5.7,42154,Horror,insidious: the last key
53,2017-11-03,lady bird,10000000.0,48958273.0,78958273.0,2017,A24,49000000.0,30000000.0,2017.0,lady bird,68958273.0,6.8958273,tt4925292,Lady Bird,Lady Bird,2017,94,"Comedy,Drama",7.4,177677,Comedy,lady bird
55,2012-05-04,the best exotic marigold hotel,10000000.0,46383639.0,136783639.0,2012,FoxS,46400000.0,90400000.0,2012.0,the best exotic marigold hotel,126783639.0,12.6783639,tt1412386,The Best Exotic Marigold Hotel,The Best Exotic Marigold Hotel,2011,124,"Comedy,Drama,Romance",7.3,85811,Comedy,the best exotic marigold hotel
56,2018-06-08,hereditary,10000000.0,44069456.0,79369456.0,2018,A24,44100000.0,35300000.0,2018.0,hereditary,69369456.0,6.9369456,tt7784604,Hereditary,Hereditary,2018,127,"Drama,Horror,Mystery",7.3,151571,Drama,hereditary
57,2018-03-16,"love, simon",10000000.0,40826341.0,66326341.0,2018,Fox,40800000.0,25500000.0,2018.0,"love, simon",56326341.0,5.6326341,tt5164432,"Love, Simon","Love, Simon",2018,110,"Comedy,Drama,Romance",7.6,81575,Comedy,"love, simon"
61,2017-10-27,jigsaw,10000000.0,38052832.0,102952832.0,2017,LGF,38100000.0,64900000.0,2017.0,jigsaw,92952832.0,9.2952832,tt3348730,Jigsaw,Jigsaw,2017,92,"Crime,Horror,Mystery",5.8,57184,Crime,jigsaw
68,2016-01-22,the boy,10000000.0,35819556.0,,2016,unknown,,,,the boy,,,tt2443822,The Boy,The Boy,2015,105,"Drama,Horror,Thriller",5.4,4251,Drama,the boy
68,2016-01-22,the boy,10000000.0,35819556.0,,2016,unknown,,,,the boy,,,tt3882082,The Boy,The Boy,2016,97,"Horror,Mystery,Thriller",6.0,68957,Horror,the boy
69,1985-10-04,commando,10000000.0,35073978.0,,1985,unknown,,,,commando,,,tt2658126,Commando,Commando,2013,124,"Action,Thriller",6.1,3839,Action,commando
70,2017-05-19,"everything, everything",10000000.0,34121140.0,61621140.0,2017,WB,34100000.0,27500000.0,2017.0,"everything, everything",51621140.0,5.162114,tt5001718,"Everything, Everything","Everything, Everything",2017,96,"Drama,Romance",6.4,26811,Drama,"everything, everything"
71,2010-09-17,devil,10000000.0,33679655.0,62779655.0,2010,Uni.,33600000.0,29100000.0,2010.0,devil,52779655.0,5.2779655,tt1314655,Devil,Devil,2010,80,"Horror,Mystery,Thriller",6.2,122080,Horror,devil
73,2015-03-06,the second best exotic marigold hotel,10000000.0,33078266.0,85978266.0,2015,FoxS,33100000.0,52900000.0,2015.0,the second best exotic marigold hotel,75978266.0,7.5978266,tt2555736,The Second Best Exotic Marigold Hotel,The Second Best Exotic Marigold Hotel,2015,122,"Comedy,Drama",6.6,28931,Comedy,the second best exotic marigold hotel
75,2017-04-28,how to be a latin lover,10000000.0,32149404.0,61849404.0,2017,PNT,32100000.0,29700000.0,2017.0,how to be a latin lover,51849404.0,5.1849404,tt4795124,How to Be a Latin Lover,How to Be a Latin Lover,2017,115,"Comedy,Drama",5.9,11747,Comedy,how to be a latin lover
78,2003-12-19,calendar girls,10000000.0,31011616.0,,2003,unknown,,,,calendar girls,,,tt4897908,Calendar Girls,Calendar Girls,2015,131,Drama,4.2,724,Drama,calendar girls
80,2018-08-10,slender man,10000000.0,30564825.0,51764825.0,2018,SGem,30600000.0,21200000.0,2018.0,slender man,41764825.0,4.1764825,tt5690360,Slender Man,Slender Man,2018,93,"Horror,Mystery,Thriller",3.2,19650,Horror,slender man
80,2018-08-10,slender man,10000000.0,30564825.0,51764825.0,2018,SGem,30600000.0,21200000.0,2018.0,slender man,41764825.0,4.1764825,tt5897302,Slender Man,Slender Man,2013,52,"Adventure,Comedy,Horror",5.9,32,Adventure,slender man
84,2018-07-27,teen titans go! to the movies,10000000.0,29790236.0,52090236.0,2018,WB,29800000.0,22300000.0,2018.0,teen titans go! to the movies,42090236.0,4.2090236,tt7424200,Teen Titans Go! To the Movies,Teen Titans Go! To the Movies,2018,84,"Action,Animation,Comedy",6.8,12525,Action,teen titans go! to the movies
85,2016-09-09,when the bough breaks,10000000.0,29747603.0,30658603.0,2016,SGem,29700000.0,911000.0,2016.0,when the bough breaks,20658603.0,2.0658603,tt1389139,When the Bough Breaks,When the Bough Breaks,2016,107,"Crime,Drama,Horror",5.1,4729,Crime,when the bough breaks
88,2013-08-30,one direction: this is us,10000000.0,28873374.0,68573374.0,2013,TriS,28900000.0,39700000.0,2013.0,one direction: this is us,58573374.0,5.8573374,tt2515086,One Direction: This Is Us,One Direction: This Is Us,2013,92,"Documentary,Music",4.2,22977,Documentary,one direction: this is us
91,2015-08-21,sinister 2,10000000.0,27740955.0,52840955.0,2015,Focus,27700000.0,25100000.0,2015.0,sinister 2,42840955.0,4.2840955,tt2752772,Sinister 2,Sinister 2,2015,97,"Horror,Mystery,Thriller",5.3,41782,Horror,sinister 2
92,2016-01-08,the forest,10000000.0,26594261.0,37594261.0,2016,Focus,26600000.0,11000000.0,2016.0,the forest,27594261.0,2.7594261,tt1488602,The Forest,The Forest,2011,98,"Horror,Thriller",3.5,135,Horror,the forest
92,2016-01-08,the forest,10000000.0,26594261.0,37594261.0,2016,Focus,26600000.0,11000000.0,2016.0,the forest,27594261.0,2.7594261,tt3387542,The Forest,The Forest,2016,93,"Horror,Mystery,Thriller",4.8,36423,Horror,the forest
92,2016-01-08,the forest,10000000.0,26594261.0,37594261.0,2016,Focus,26600000.0,11000000.0,2016.0,the forest,27594261.0,2.7594261,tt3592218,The Forest,Pãdurea,2014,72,"Documentary,History",7.1,19,Documentary,the forest
92,2016-01-08,the forest,10000000.0,26594261.0,37594261.0,2016,Focus,26600000.0,11000000.0,2016.0,the forest,27594261.0,2.7594261,tt4982356,The Forest,The Forest,2016,109,"Drama,Fantasy,Horror",6.5,222,Drama,the forest
96,2012-08-17,sparkle,10000000.0,24397469.0,,2012,unknown,,,,sparkle,,,tt1876451,Sparkle,Sparkle,2012,116,"Drama,Music",5.7,5643,Drama,sparkle
97,2016-10-14,kevin hart: what now?,10000000.0,23591043.0,,2016,unknown,,,,kevin hart: what now?,,,tt4669186,Kevin Hart: What Now?,Kevin Hart: What Now?,2016,96,"Comedy,Documentary",5.9,8134,Comedy,kevin hart: what now?
98,2013-04-26,mud,10000000.0,21590086.0,32590086.0,2013,RAtt.,21600000.0,11000000.0,2013.0,mud,22590086.0,2.2590086,tt1935179,Mud,Mud,2012,130,Drama,7.4,156786,Drama,mud
98,2013-04-26,mud,10000000.0,21590086.0,32590086.0,2013,RAtt.,21600000.0,11000000.0,2013.0,mud,22590086.0,2.2590086,tt2514592,Mud,Fango,2012,105,Drama,6.5,41,Drama,mud
99,2010-11-12,skyline,10000000.0,21416355.0,66816355.0,2010,Uni.,21400000.0,45400000.0,2010.0,skyline,56816355.0,5.6816355,tt1564585,Skyline,Skyline,2010,92,"Action,Sci-Fi,Thriller",4.4,83710,Action,skyline
100,2017-12-01,the disaster artist,10000000.0,21120616.0,29820616.0,2017,A24,21100000.0,8700000.0,2017.0,the disaster artist,19820616.0,1.9820616,tt3521126,The Disaster Artist,The Disaster Artist,2017,104,"Biography,Comedy,Drama",7.4,111737,Biography,the disaster artist
1,2016-09-16,blair witch,10000000.0,20777061.0,45177061.0,2016,LGF,20800000.0,24400000.0,2016.0,blair witch,35177061.0,3.5177061,tt1540011,Blair Witch,Blair Witch,2016,89,"Horror,Mystery,Thriller",5.0,36867,Horror,blair witch
7,2015-10-23,paranormal activity: the ghost dimension,10000000.0,18297124.0,78897124.0,2015,Par.,18300000.0,60600000.0,2015.0,paranormal activity: the ghost dimension,68897124.0,6.8897124,tt2473510,Paranormal Activity: The Ghost Dimension,Paranormal Activity: The Ghost Dimension,2015,88,"Horror,Mystery,Thriller",4.6,22361,Horror,paranormal activity: the ghost dimension
14,2005-06-17,the perfect man,10000000.0,16535005.0,,2005,unknown,,,,the perfect man,,,tt1881085,The Perfect Man,The Perfect Man,2011,90,"Drama,Romance",6.2,25,Drama,the perfect man
14,2005-06-17,the perfect man,10000000.0,16535005.0,,2005,unknown,,,,the perfect man,,,tt4610754,The Perfect Man,The Perfect Man,2015,92,Romance,5.2,6,Romance,the perfect man
17,2016-10-07,the birth of a nation,10000000.0,15861566.0,,2016,unknown,,,,the birth of a nation,,,tt4196450,The Birth of a Nation,The Birth of a Nation,2016,120,"Biography,Drama,History",6.4,18442,Biography,the birth of a nation
78,1915-02-08,the birth of a nation,110000.0,10000000.0,,1915,unknown,,,,the birth of a nation,,,tt4196450,The Birth of a Nation,The Birth of a Nation,2016,120,"Biography,Drama,History",6.4,18442,Biography,the birth of a nation
22,2011-11-23,my week with marilyn,10000000.0,14597405.0,35097405.0,2011,Wein.,14600000.0,20500000.0,2011.0,my week with marilyn,25097405.0,2.5097405,tt1655420,My Week with Marilyn,My Week with Marilyn,2011,99,"Biography,Drama",7.0,79337,Biography,my week with marilyn
23,2014-12-25,big eyes,10000000.0,14482031.0,29282031.0,2014,Wein.,14500000.0,14800000.0,2014.0,big eyes,19282031.0,1.9282031,tt1126590,Big Eyes,Big Eyes,2014,106,"Biography,Crime,Drama",7.0,77447,Biography,big eyes
28,2000-12-19,the gift,10000000.0,12008642.0,,2000,unknown,,,,the gift,,,tt3474788,The Gift,An Bronntanas,2014,113,"Action,Drama,Thriller",7.5,489,Action,the gift
28,2000-12-19,the gift,10000000.0,12008642.0,,2000,unknown,,,,the gift,,,tt4178092,The Gift,The Gift,2015,108,"Drama,Mystery,Thriller",7.1,123834,Drama,the gift
28,2000-12-19,the gift,10000000.0,12008642.0,,2000,unknown,,,,the gift,,,tt4420962,The Gift,The Gift,2017,82,Drama,6.0,17,Drama,the gift
28,2000-12-19,the gift,10000000.0,12008642.0,,2000,unknown,,,,the gift,,,tt6354904,The Gift,The Gift,2016,56,Documentary,6.2,6,Documentary,the gift
28,2000-12-19,the gift,10000000.0,12008642.0,,2000,unknown,,,,the gift,,,tt8474974,The Gift,The Gift,2018,118,Drama,8.0,34,Drama,the gift
63,2015-08-07,the gift,5000000.0,43787265.0,,2015,unknown,,,,the gift,,,tt3474788,The Gift,An Bronntanas,2014,113,"Action,Drama,Thriller",7.5,489,Action,the gift
63,2015-08-07,the gift,5000000.0,43787265.0,,2015,unknown,,,,the gift,,,tt4178092,The Gift,The Gift,2015,108,"Drama,Mystery,Thriller",7.1,123834,Drama,the gift
63,2015-08-07,the gift,5000000.0,43787265.0,,2015,unknown,,,,the gift,,,tt4420962,The Gift,The Gift,2017,82,Drama,6.0,17,Drama,the gift
63,2015-08-07,the gift,5000000.0,43787265.0,,2015,unknown,,,,the gift,,,tt6354904,The Gift,The Gift,2016,56,Documentary,6.2,6,Documentary,the gift
63,2015-08-07,the gift,5000000.0,43787265.0,,2015,unknown,,,,the gift,,,tt8474974,The Gift,The Gift,2018,118,Drama,8.0,34,Drama,the gift
33,1999-07-23,drop dead gorgeous,10000000.0,10571408.0,,1999,unknown,,,,drop dead gorgeous,,,tt4543578,Drop Dead Gorgeous,Linda de Morrer,2015,100,Comedy,4.8,239,Comedy,drop dead gorgeous
34,2019-04-05,the best of enemies,10000000.0,10205616.0,,2019,unknown,,,,the best of enemies,,,tt4807408,The Best of Enemies,The Best of Enemies,2019,133,"Biography,Drama,History",6.8,1162,Biography,the best of enemies
39,2013-01-25,movie 43,10000000.0,8840453.0,32440453.0,2013,Rela.,8800000.0,23600000.0,2013.0,movie 43,22440453.0,2.2440453,tt1333125,Movie 43,Movie 43,2013,94,Comedy,4.3,92980,Comedy,movie 43
40,2018-10-19,can you ever forgive me?,10000000.0,8803865.0,,2018,unknown,,,,can you ever forgive me?,,,tt4595882,Can You Ever Forgive Me?,Can You Ever Forgive Me?,2018,106,"Biography,Comedy,Crime",7.2,29473,Biography,can you ever forgive me?
42,2010-05-21,macgruber,10000000.0,8525600.0,9322600.0,2010,Uni.,8500000.0,797000.0,2010.0,macgruber,-677400.0,-0.06774,tt1470023,MacGruber,MacGruber,2010,90,"Action,Comedy,Romance",5.5,39782,Action,macgruber
44,2014-03-14,bad words,10000000.0,7779614.0,,2014,unknown,,,,bad words,,,tt2170299,Bad Words,Bad Words,2013,89,"Comedy,Drama",6.7,44061,Comedy,bad words
45,2015-03-27,while we're young,10000000.0,7582065.0,17282065.0,2015,A24,7600000.0,9700000.0,2015.0,while we're young,7282065.0,0.7282065,tt1791682,While We're Young,While We're Young,2014,97,"Comedy,Drama,Mystery",6.3,41327,Comedy,while we're young
47,2001-10-24,bones,10000000.0,7316658.0,,2001,unknown,,,,bones,,,tt1447480,Bones,Bones,2010,88,Drama,6.6,347,Drama,bones
48,2012-06-22,seeking a friend for the end of the world,10000000.0,7078738.0,9678738.0,2012,Focus,7100000.0,2600000.0,2012.0,seeking a friend for the end of the world,-321262.0,-0.0321262,tt1307068,Seeking a Friend for the End of the World,Seeking a Friend for the End of the World,2012,101,"Adventure,Comedy,Drama",6.7,102047,Adventure,seeking a friend for the end of the world
50,2016-11-11,shut in,10000000.0,6900335.0,13100335.0,2016,EC,6900000.0,6200000.0,2016.0,shut in,3100335.0,0.3100335,tt2582500,Shut In,Shut In,2016,91,"Drama,Mystery,Thriller",4.7,11030,Drama,shut in
51,2011-02-11,cedar rapids,10000000.0,6861102.0,,2011,unknown,,,,cedar rapids,,,tt1477837,Cedar Rapids,Cedar Rapids,2011,87,Comedy,6.3,34759,Comedy,cedar rapids
52,2012-11-30,the collection,10000000.0,6810754.0,,2012,unknown,,,,the collection,,,tt1748227,The Collection,The Collection,2012,82,"Action,Horror,Thriller",6.1,42256,Action,the collection
59,2015-03-20,danny collins,10000000.0,5637066.0,10837066.0,2015,BST,5600000.0,5200000.0,2015.0,danny collins,837066.0,0.0837066,tt1772288,Danny Collins,Danny Collins,2015,106,"Biography,Comedy,Drama",7.0,27435,Biography,danny collins
61,2000-04-05,black and white,10000000.0,5241315.0,,2000,unknown,,,,black and white,,,tt1636833,Black and White,Siyah Beyaz,2010,90,Drama,6.2,843,Drama,black and white
63,2001-10-26,on the line,10000000.0,4365455.0,,2001,unknown,,,,on the line,,,tt1922678,On the Line,On the Line,2011,68,Documentary,8.7,25,Documentary,on the line
63,2001-10-26,on the line,10000000.0,4365455.0,,2001,unknown,,,,on the line,,,tt2076875,On the Line,La llamada,2013,76,"Comedy,Drama",6.3,29,Comedy,on the line
64,2018-06-15,gotti,10000000.0,4286367.0,,2018,unknown,,,,gotti,,,tt1801552,Gotti,Gotti,2018,112,"Biography,Crime,Drama",4.8,10358,Biography,gotti
65,2012-03-16,"jeff, who lives at home",10000000.0,4269426.0,4417426.0,2012,ParV,4300000.0,148000.0,2012.0,"jeff, who lives at home",-5582574.0,-0.5582574,tt1588334,"Jeff, Who Lives at Home","Jeff, Who Lives at Home",2011,83,"Comedy,Drama",6.5,60070,Comedy,"jeff, who lives at home"
66,2016-09-30,denial,10000000.0,4073448.0,,2016,unknown,,,,denial,,,tt4645330,Denial,Denial,2016,109,"Biography,Drama",6.7,16593,Biography,denial
66,2016-09-30,denial,10000000.0,4073448.0,,2016,unknown,,,,denial,,,tt5897002,Denial,Denial,2016,93,Documentary,7.4,25,Documentary,denial
67,2016-04-29,the man who knew infinity,10000000.0,3877922.0,12277922.0,2016,IFC,3900000.0,8400000.0,2016.0,the man who knew infinity,2277922.0,0.2277922,tt0787524,The Man Who Knew Infinity,The Man Who Knew Infinity,2015,108,"Biography,Drama",7.2,43575,Biography,the man who knew infinity
68,2016-10-14,max steel,10000000.0,3818664.0,6318664.0,2016,ORF,3800000.0,2500000.0,2016.0,max steel,-3681336.0,-0.3681336,tt1472584,Max Steel,Max Steel,2016,92,"Action,Adventure,Family",4.6,16788,Action,max steel
72,1994-02-04,romeo is bleeding,10000000.0,3275585.0,,1994,unknown,,,,romeo is bleeding,,,tt2866774,Romeo Is Bleeding,Romeo Is Bleeding,2015,93,"Biography,Documentary,Drama",8.1,84,Biography,romeo is bleeding
74,2014-11-14,rosewater,10000000.0,3128941.0,,2014,unknown,,,,rosewater,,,tt2752688,Rosewater,Rosewater,2014,103,"Biography,Drama",6.6,9836,Biography,rosewater
78,2011-09-09,bucky larson: born to be a star,10000000.0,2529395.0,,2011,unknown,,,,bucky larson: born to be a star,,,tt1411664,Bucky Larson: Born to Be a Star,Bucky Larson: Born to Be a Star,2011,97,Comedy,3.3,10648,Comedy,bucky larson: born to be a star
81,2013-05-03,the iceman,10000000.0,1930282.0,,2013,unknown,,,,the iceman,,,tt1491044,The Iceman,The Iceman,2012,106,"Biography,Crime,Drama",6.9,65571,Biography,the iceman
82,2015-06-05,testament of youth,10000000.0,1822250.0,,2015,unknown,,,,testament of youth,,,tt1441953,Testament of Youth,Testament of Youth,2014,129,"Biography,Drama,History",7.3,23632,Biography,testament of youth
83,2017-04-21,free fire,10000000.0,1799322.0,,2017,unknown,,,,free fire,,,tt4158096,Free Fire,Free Fire,2016,91,"Action,Comedy,Crime",6.4,35954,Action,free fire
84,2011-06-24,a better life,10000000.0,1759252.0,,2011,unknown,,,,a better life,,,tt1554091,A Better Life,A Better Life,2011,98,"Drama,Romance",7.2,14602,Drama,a better life
84,2011-06-24,a better life,10000000.0,1759252.0,,2011,unknown,,,,a better life,,,tt2027265,A Better Life,Une vie meilleure,2011,110,Drama,6.6,1519,Drama,a better life
86,2000-02-04,gun shy,10000000.0,1638202.0,,2000,unknown,,,,gun shy,,,tt3910736,Gun Shy,Gun Shy,2017,92,"Action,Adventure,Comedy",4.1,2216,Action,gun shy
88,2010-04-16,the joneses,10000000.0,1475746.0,6975746.0,2010,RAtt.,1500000.0,5500000.0,2010.0,the joneses,-3024254.0,-0.3024254,tt1152830,The Joneses,The Joneses,2011,117,"Comedy,Drama",6.9,87,Comedy,the joneses
88,2010-04-16,the joneses,10000000.0,1475746.0,6975746.0,2010,RAtt.,1500000.0,5500000.0,2010.0,the joneses,-3024254.0,-0.3024254,tt4360484,The Joneses,The Joneses,2016,80,"Biography,Documentary",5.9,15,Biography,the joneses
90,2012-07-27,killer joe,10000000.0,1291645.0,2991645.0,2012,LD,2000000.0,1700000.0,2012.0,killer joe,-7008355.0,-0.7008355,tt1726669,Killer Joe,Killer Joe,2011,102,"Crime,Drama,Thriller",6.7,67842,Crime,killer joe
91,2017-06-02,churchill,10000000.0,1279681.0,,2017,unknown,,,,churchill,,,tt2674454,Churchill,Churchill,2017,105,"Biography,Drama,History",6.3,12047,Biography,churchill
93,2014-03-21,50 to 1,10000000.0,1069454.0,,2014,unknown,,,,50 to 1,,,tt1777595,50 to 1,50 to 1,2014,110,Drama,6.6,1739,Drama,50 to 1
99,2012-01-20,coriolanus,10000000.0,749641.0,1064641.0,2012,Wein.,757000.0,315000.0,2012.0,coriolanus,-8935359.0,-0.8935359,tt1372686,Coriolanus,Coriolanus,2011,123,"Drama,Thriller,War",6.1,29654,Drama,coriolanus
99,2012-01-20,coriolanus,10000000.0,749641.0,1064641.0,2012,Wein.,757000.0,315000.0,2012.0,coriolanus,-8935359.0,-0.8935359,tt3313066,Coriolanus,National Theatre Live: Coriolanus,2014,192,"Drama,History,War",8.7,1347,Drama,coriolanus
100,2013-10-04,parkland,10000000.0,641439.0,,2013,unknown,,,,parkland,,,tt2345112,Parkland,Parkland,2013,93,"Drama,History,Mystery",6.4,14036,Drama,parkland
11,2013-05-03,"cinco de mayo, la batalla",10000000.0,173472.0,,2013,unknown,,,,"cinco de mayo, la batalla",,,tt2553908,"Cinco de Mayo, La Batalla",Cinco de Mayo: La batalla,2013,125,"Drama,History,War",6.2,799,Drama,"cinco de mayo, la batalla"
12,2010-10-29,welcome to the rileys,10000000.0,152857.0,310857.0,2010,Gold.,159000.0,158000.0,2010.0,welcome to the rileys,-9689143.0,-0.9689143,tt1183923,Welcome to the Rileys,Welcome to the Rileys,2010,110,Drama,7.0,22210,Drama,welcome to the rileys
13,2016-09-09,kicks,10000000.0,150191.0,,2016,unknown,,,,kicks,,,tt4254584,Kicks,Kicks,2016,80,"Adventure,Drama",6.3,3789,Adventure,kicks
15,2012-06-01,high school,10000000.0,139034.0,,2012,unknown,,,,high school,,,tt1247667,High School,High School,2010,99,Comedy,5.8,7060,Comedy,high school
17,2006-07-14,edmond,10000000.0,131719.0,,2006,unknown,,,,edmond,,,tt7201846,Edmond,Edmond,2018,110,"Comedy,Drama,History",7.5,705,Comedy,edmond
20,2010-02-19,blood done sign my name,10000000.0,109383.0,,2010,unknown,,,,blood done sign my name,,,tt1210039,Blood Done Sign My Name,Blood Done Sign My Name,2010,128,Drama,6.6,494,Drama,blood done sign my name
22,2009-10-23,motherhood,10000000.0,93388.0,,2009,unknown,,,,motherhood,,,tt6208138,Motherhood,Motherhood,2017,74,"Drama,Romance",4.6,110,Drama,motherhood
24,2014-11-07,elsa & fred,10000000.0,67657.0,,2014,unknown,,,,elsa & fred,,,tt2113659,Elsa & Fred,Elsa & Fred,2014,93,"Comedy,Drama,Romance",6.5,2711,Comedy,elsa & fred
27,2015-07-10,strangerland,10000000.0,17472.0,,2015,unknown,,,,strangerland,,,tt2325977,Strangerland,Strangerland,2015,112,"Drama,Mystery,Thriller",5.2,7999,Drama,strangerland
32,2014-12-26,barbecue,10000000.0,388.0,,2014,unknown,,,,barbecue,,,tt3202120,Barbecue,Barbecue,2014,98,Comedy,6.1,2301,Comedy,barbecue
32,2014-12-26,barbecue,10000000.0,388.0,,2014,unknown,,,,barbecue,,,tt6090268,Barbecue,Barbecue,2017,102,Documentary,6.5,356,Documentary,barbecue
33,2010-12-31,the reef,10000000.0,0.0,,2010,unknown,,,,the reef,,,tt1320291,The Reef,The Reef,2010,94,"Adventure,Drama,Horror",5.8,15194,Adventure,the reef
35,2015-07-21,american heist,10000000.0,0.0,,2015,unknown,,,,american heist,,,tt2923316,American Heist,American Heist,2014,94,"Action,Crime,Drama",5.1,15547,Action,american heist
36,2010-10-08,it's a wonderful afterlife,10000000.0,0.0,,2010,unknown,,,,it's a wonderful afterlife,,,tt1319716,It's a Wonderful Afterlife,It's a Wonderful Afterlife,2010,100,"Comedy,Drama,Fantasy",5.4,1361,Comedy,it's a wonderful afterlife
37,2011-06-21,you got served: beat the world,10000000.0,0.0,,2011,unknown,,,,you got served: beat the world,,,tt1568139,You Got Served: Beat the World,Beat the World,2011,91,"Drama,Music",4.6,1789,Drama,you got served: beat the world
39,2014-09-26,plastic,10000000.0,0.0,,2014,unknown,,,,plastic,,,tt1691450,Plastic,Plastic,2011,80,Horror,6.2,91,Horror,plastic
39,2014-09-26,plastic,10000000.0,0.0,,2014,unknown,,,,plastic,,,tt2554700,Plastic,Plastic,2012,78,Thriller,2.5,54,Thriller,plastic
39,2014-09-26,plastic,10000000.0,0.0,,2014,unknown,,,,plastic,,,tt2556874,Plastic,Plastic,2014,102,"Action,Comedy,Crime",6.0,7234,Action,plastic
40,2015-03-10,jungle shuffle,10000000.0,0.0,,2015,unknown,,,,jungle shuffle,,,tt2722786,Jungle Shuffle,Jungle Shuffle,2014,85,"Adventure,Animation",4.8,223,Adventure,jungle shuffle
43,2009-12-31,good intentions,10000000.0,0.0,,2009,unknown,,,,good intentions,,,tt1070781,Good Intentions,Good Intentions,2010,84,Comedy,5.2,605,Comedy,good intentions
45,2012-04-13,detention,10000000.0,0.0,,2012,unknown,,,,detention,,,tt0990363,Detention,Detention,2010,81,"Horror,Thriller",3.0,889,Horror,detention
45,2012-04-13,detention,10000000.0,0.0,,2012,unknown,,,,detention,,,tt1701990,Detention,Detention,2011,93,"Comedy,Horror,Mystery",5.8,14221,Comedy,detention
46,2014-02-07,nurse 3d,10000000.0,0.0,,2014,unknown,,,,nurse 3d,,,tt1913166,Nurse 3D,Nurse 3-D,2013,84,"Horror,Thriller",4.6,8768,Horror,nurse 3d
47,2015-05-19,into the grizzly maze,10000000.0,0.0,,2015,unknown,,,,into the grizzly maze,,,tt1694021,Into the Grizzly Maze,Into the Grizzly Maze,2015,94,"Action,Adventure,Drama",5.3,7006,Action,into the grizzly maze
48,2017-09-22,friend request,9900000.0,3759078.0,,2017,unknown,,,,friend request,,,tt2277308,Friend Request,Friend Request,2013,91,Thriller,4.0,116,Thriller,friend request
48,2017-09-22,friend request,9900000.0,3759078.0,,2017,unknown,,,,friend request,,,tt3352390,Friend Request,Friend Request,2016,92,"Horror,Thriller",5.3,21704,Horror,friend request
48,2017-09-22,friend request,9900000.0,3759078.0,,2017,unknown,,,,friend request,,,tt4859526,Friend Request,Friend Request,2015,106,Horror,4.9,14,Horror,friend request
49,2010-04-30,gunless,9900000.0,458054.0,,2010,unknown,,,,gunless,,,tt1376195,Gunless,Gunless,2010,89,"Action,Comedy,Drama",6.5,3376,Action,gunless
51,2012-12-19,amour,9700000.0,6738954.0,19838954.0,2012,SPC,6700000.0,13100000.0,2012.0,amour,10138954.0,1.0452529896907217,tt1602620,Amour,Amour,2012,127,"Drama,Romance",7.9,84960,Drama,amour
56,2016-12-21,dangal,9500000.0,12391761.0,302891761.0,2016,UTV,12400000.0,290500000.0,2016.0,dangal,293391761.0,30.883343263157894,tt5074352,Dangal,Dangal,2016,161,"Action,Biography,Drama",8.5,123638,Action,dangal
57,2010-03-19,the runaways,9500000.0,3573673.0,4673673.0,2010,App.,3600000.0,1100000.0,2010.0,the runaways,-4826327.0,-0.5080344210526315,tt1017451,The Runaways,The Runaways,2010,106,"Biography,Drama,Music",6.6,43792,Biography,the runaways
57,2010-03-19,the runaways,9500000.0,3573673.0,4673673.0,2010,App.,3600000.0,1100000.0,2010.0,the runaways,-4826327.0,-0.5080344210526315,tt6168914,The Runaways,The Runaways,2019,108,Adventure,9.2,47,Adventure,the runaways
59,2013-12-31,re-kill,9500000.0,0.0,,2013,unknown,,,,re-kill,,,tt1612319,Re-Kill,Re-Kill,2015,88,"Action,Horror",5.0,2328,Action,re-kill
62,2011-11-11,melancholia,9400000.0,3030848.0,15930848.0,2011,Magn.,3000000.0,12900000.0,2011.0,melancholia,6530848.0,0.6947710638297873,tt1527186,Melancholia,Melancholia,2011,135,"Drama,Sci-Fi",7.2,153434,Drama,melancholia
62,2011-11-11,melancholia,9400000.0,3030848.0,15930848.0,2011,Magn.,3000000.0,12900000.0,2011.0,melancholia,6530848.0,0.6947710638297873,tt5797456,Melancholia,Melancholy,2017,75,"Drama,Mystery,Romance",3.3,26,Drama,melancholia
64,2012-11-13,jab tak hai jaan,9200000.0,3047539.0,,2012,unknown,,,,jab tak hai jaan,,,tt2176013,Jab Tak Hai Jaan,Jab Tak Hai Jaan,2012,176,"Drama,Romance",6.8,48364,Drama,jab tak hai jaan
66,2010-05-21,kites,9200000.0,1685269.0,2985269.0,2010,Relbig.,1600000.0,1300000.0,2010.0,kites,-6214731.0,-0.6755142391304347,tt1198101,Kites,Kites,2010,123,"Action,Drama,Romance",6.1,11353,Action,kites
67,2011-12-31,red dog,9100000.0,0.0,,2011,unknown,,,,red dog,,,tt0803061,Red Dog,Red Dog,2011,92,"Biography,Comedy,Drama",7.4,15357,Biography,red dog
67,2011-12-31,red dog,9100000.0,0.0,,2011,unknown,,,,red dog,,,tt4706780,Red Dog,Pyos Ryzhiy,2016,99,"Action,Drama,History",7.2,25,Action,red dog
71,2014-07-18,the purge: anarchy,9000000.0,71562550.0,111562550.0,2014,Uni.,72000000.0,40000000.0,2014.0,the purge: anarchy,102562550.0,11.395838888888889,tt2975578,The Purge: Anarchy,The Purge: Anarchy,2014,103,"Action,Horror,Sci-Fi",6.5,126203,Action,the purge: anarchy
75,2016-10-21,ouija: origin of evil,9000000.0,35144505.0,81744505.0,2016,Uni.,35100000.0,46600000.0,2016.0,ouija: origin of evil,72744505.0,8.082722777777779,tt4361050,Ouija: Origin of Evil,Ouija: Origin of Evil,2016,99,"Drama,Horror,Mystery",6.1,47099,Drama,ouija: origin of evil
78,2019-02-13,happy death day 2u,9000000.0,28051045.0,,2019,unknown,,,,happy death day 2u,,,tt8155288,Happy Death Day 2U,Happy Death Day 2U,2019,100,"Drama,Horror,Mystery",6.3,27462,Drama,happy death day 2u
80,2015-01-30,black or white,9000000.0,21571189.0,,2015,unknown,,,,black or white,,,tt2883434,Black or White,Black or White,2014,121,Drama,6.6,10659,Drama,black or white
83,2000-10-13,the contender,9000000.0,17804273.0,,2000,unknown,,,,the contender,,,tt6619272,The Contender,The Contender,2016,74,"Documentary,Drama,Sport",6.7,14,Documentary,the contender
86,2016-11-18,the edge of seventeen,9000000.0,14431633.0,18831633.0,2016,STX,14400000.0,4400000.0,2016.0,the edge of seventeen,9831633.0,1.0924036666666668,tt1878870,The Edge of Seventeen,The Edge of Seventeen,2016,104,"Comedy,Drama",7.3,87602,Comedy,the edge of seventeen
87,2016-12-02,jackie,9000000.0,13960394.0,,2016,unknown,,,,jackie,,,tt1619029,Jackie,Jackie,2016,100,"Biography,Drama,History",6.7,66008,Biography,jackie
87,2016-12-02,jackie,9000000.0,13960394.0,,2016,unknown,,,,jackie,,,tt1757772,Jackie,Jackie,2010,126,Action,7.1,1338,Action,jackie
87,2016-12-02,jackie,9000000.0,13960394.0,,2016,unknown,,,,jackie,,,tt2108546,Jackie,Jackie,2012,100,"Comedy,Drama",6.8,1952,Comedy,jackie
90,2011-08-12,glee: the 3d concert movie,9000000.0,11862398.0,,2011,unknown,,,,glee: the 3d concert movie,,,tt1922612,Glee: The 3D Concert Movie,Glee: The 3D Concert Movie,2011,84,"Documentary,Music",5.4,5449,Documentary,glee: the 3d concert movie
92,2016-11-04,loving,9000000.0,7710234.0,12910234.0,2016,Focus,7800000.0,5200000.0,2016.0,loving,3910234.0,0.43447044444444444,tt2495212,Loving,Milosc,2012,105,"Drama,Romance",7.1,257,Drama,loving
92,2016-11-04,loving,9000000.0,7710234.0,12910234.0,2016,Focus,7800000.0,5200000.0,2016.0,loving,3910234.0,0.43447044444444444,tt4669986,Loving,Loving,2016,123,"Biography,Drama,Romance",7.0,28079,Biography,loving
92,2016-11-04,loving,9000000.0,7710234.0,12910234.0,2016,Focus,7800000.0,5200000.0,2016.0,loving,3910234.0,0.43447044444444444,tt5479616,Loving,Amar,2017,105,"Drama,Romance",5.3,2530,Drama,loving
96,2019-05-17,the sun is also a star,9000000.0,4950029.0,,2019,unknown,,,,the sun is also a star,,,tt6423362,The Sun Is Also a Star,The Sun Is Also a Star,2019,100,"Drama,Romance",5.5,914,Drama,the sun is also a star
1,2000-09-29,beautiful,9000000.0,3134509.0,,2000,unknown,,,,beautiful,,,tt2133191,Beautiful,Beautiful,2011,120,"Biography,Drama,Family",7.5,751,Biography,beautiful
2,2007-06-01,gracie,9000000.0,2956339.0,,2007,unknown,,,,gracie,,,tt1196939,Gracie,Gracie,2015,71,"Crime,Drama,Fantasy",7.0,31,Crime,gracie
3,2013-03-22,the sapphires,9000000.0,2450867.0,20450867.0,2013,Wein.,2500000.0,18000000.0,2013.0,the sapphires,11450867.0,1.2723185555555556,tt1673697,The Sapphires,The Sapphires,2012,103,"Biography,Comedy,Drama",7.0,12143,Biography,the sapphires
4,2016-08-26,greater,9000000.0,2000093.0,,2016,unknown,,,,greater,,,tt2950418,Greater,Greater,2016,130,"Biography,Family,Sport",7.2,3438,Biography,greater
5,2018-12-25,destroyer,9000000.0,1533324.0,5533324.0,2018,Annapurna,1500000.0,4000000.0,2018.0,destroyer,-3466676.0,-0.3851862222222222,tt7137380,Destroyer,Destroyer,2018,121,"Action,Crime,Drama",6.2,13683,Action,destroyer
12,2016-05-06,dheepan,9000000.0,248795.0,,2016,unknown,,,,dheepan,,,tt4082068,Dheepan,Dheepan,2015,115,"Crime,Drama",7.2,12312,Crime,dheepan
14,2002-10-25,all or nothing,9000000.0,184255.0,,2002,unknown,,,,all or nothing,,,tt2758408,All or Nothing,All or Nothing,2013,71,Thriller,8.2,22,Thriller,all or nothing
14,2002-10-25,all or nothing,9000000.0,184255.0,,2002,unknown,,,,all or nothing,,,tt2806500,All or Nothing,All or Nothing,2014,85,"Biography,Comedy,Documentary",7.7,41,Biography,all or nothing
14,2002-10-25,all or nothing,9000000.0,184255.0,,2002,unknown,,,,all or nothing,,,tt3868240,All or Nothing,Vsetko alebo nic,2017,107,"Comedy,Romance",4.8,299,Comedy,all or nothing
19,2015-05-08,skin trade,9000000.0,1242.0,,2015,unknown,,,,skin trade,,,tt1576702,Skin Trade,Skin Trade,2010,78,Documentary,8.8,31,Documentary,skin trade
19,2015-05-08,skin trade,9000000.0,1242.0,,2015,unknown,,,,skin trade,,,tt1641841,Skin Trade,Skin Trade,2014,96,"Action,Crime,Thriller",5.7,6942,Action,skin trade
20,2014-06-17,beneath hill 60,9000000.0,0.0,,2014,unknown,,,,beneath hill 60,,,tt1418646,Beneath Hill 60,Beneath Hill 60,2010,122,"Drama,History,War",7.1,6903,Drama,beneath hill 60
24,2012-05-18,polisse,8900000.0,176988.0,20376988.0,2012,IFC,211000.0,20200000.0,2012.0,polisse,11476988.0,1.289549213483146,tt1661420,Polisse,Polisse,2011,127,"Crime,Drama",7.3,12506,Crime,polisse
30,2016-11-18,manchester by the sea,8500000.0,47695371.0,78995371.0,2016,RAtt.,47700000.0,31300000.0,2016.0,manchester by the sea,70495371.0,8.29357305882353,tt4034228,Manchester by the Sea,Manchester by the Sea,2016,137,Drama,7.8,214557,Drama,manchester by the sea
33,2015-02-20,the duff,8500000.0,34030343.0,43530343.0,2015,LGF,34000000.0,9500000.0,2015.0,the duff,35030343.0,4.121216823529411,tt1666801,The Duff,The Duff,2015,101,"Comedy,Romance",6.5,74486,Comedy,the duff
34,2014-10-31,nightcrawler,8500000.0,32381218.0,38681218.0,2014,ORF,32400000.0,6300000.0,2014.0,nightcrawler,30181218.0,3.5507315294117645,tt2872718,Nightcrawler,Nightcrawler,2014,117,"Crime,Drama,Thriller",7.9,404476,Crime,nightcrawler
36,2019-01-16,dragon ball super: broly,8500000.0,30376755.0,,2019,unknown,,,,dragon ball super: broly,,,tt7961060,Dragon Ball Super: Broly,Doragon bôru chô: Burorî,2018,100,"Action,Adventure,Animation",8.0,16465,Action,dragon ball super: broly
38,2013-09-27,baggage claim,8500000.0,21569509.0,22456509.0,2013,FoxS,21600000.0,887000.0,2013.0,baggage claim,13956509.0,1.6419422352941178,tt1171222,Baggage Claim,Baggage Claim,2013,96,Comedy,5.1,8296,Comedy,baggage claim
39,2016-10-07,middle school: the worst years of my life,8500000.0,20007149.0,23307149.0,2016,LGF,20000000.0,3300000.0,2016.0,middle school: the worst years of my life,14807149.0,1.7420175294117648,tt4981636,Middle School: The Worst Years of My Life,Middle School: The Worst Years of My Life,2016,92,"Comedy,Family",6.1,6413,Comedy,middle school: the worst years of my life
43,2013-10-18,all is lost,8500000.0,6263670.0,13663670.0,2013,RAtt.,6300000.0,7400000.0,2013.0,all is lost,5163670.0,0.6074905882352941,tt2017038,All Is Lost,All Is Lost,2013,106,"Action,Adventure,Drama",6.9,70888,Action,all is lost
47,2014-06-13,the rover,8500000.0,1109199.0,3209199.0,2014,A24,1100000.0,2100000.0,2014.0,the rover,-5290801.0,-0.6224471764705882,tt2345737,The Rover,The Rover,2014,103,"Action,Crime,Drama",6.4,40576,Action,the rover
50,2017-12-31,posledniy bogatyr,8500000.0,0.0,,2017,unknown,,,,posledniy bogatyr,,,tt6175394,Posledniy bogatyr,Posledniy bogatyr,2017,114,"Action,Adventure,Comedy",6.6,1853,Action,posledniy bogatyr
51,2016-11-01,a.c.o.r.n.s.: operation crackdown,8500000.0,0.0,,2016,unknown,,,,a.c.o.r.n.s.: operation crackdown,,,tt2097333,A.C.O.R.N.S.: Operation Crackdown,Get Squirrely,2015,83,"Animation,Comedy,Family",3.9,312,Animation,a.c.o.r.n.s.: operation crackdown
52,2010-02-12,my name is khan,8470000.0,4046336.0,42346336.0,2010,FoxS,4000000.0,38300000.0,2010.0,my name is khan,33876336.0,3.999567414403778,tt1188996,My Name Is Khan,My Name Is Khan,2010,165,Drama,8.0,90988,Drama,my name is khan
54,2013-05-31,yeh jawaani hai deewani,8300000.0,3827466.0,,2013,unknown,,,,yeh jawaani hai deewani,,,tt2178470,Yeh Jawaani Hai Deewani,Yeh Jawaani Hai Deewani,2013,160,"Comedy,Drama,Musical",7.1,33971,Comedy,yeh jawaani hai deewani
55,1999-06-04,limbo,8300000.0,2160710.0,,1999,unknown,,,,limbo,,,tt1523326,Limbo,Limbo,2010,105,Drama,6.0,457,Drama,limbo
55,1999-06-04,limbo,8300000.0,2160710.0,,1999,unknown,,,,limbo,,,tt3967248,Limbo,Limbo,2014,80,Drama,5.6,67,Drama,limbo
67,2010-09-17,easy a,8000000.0,58401464.0,75001464.0,2010,SGem,58400000.0,16600000.0,2010.0,easy a,67001464.0,8.375183,tt1282140,Easy A,Easy A,2010,92,"Comedy,Drama,Romance",7.1,330125,Comedy,easy a
68,1986-08-08,stand by me,8000000.0,52287414.0,,1986,unknown,,,,stand by me,,,tt8383596,Stand by Me,Deok-gu,2018,91,Drama,7.2,96,Drama,stand by me
72,2019-05-03,the intruder,8000000.0,35095904.0,,2019,unknown,,,,the intruder,,,tt1773741,The Intruder,Khew ar-khard,2010,106,Horror,4.3,136,Horror,the intruder
72,2019-05-03,the intruder,8000000.0,35095904.0,,2019,unknown,,,,the intruder,,,tt6722030,The Intruder,The Intruder,2019,102,"Drama,Horror,Mystery",5.5,1912,Drama,the intruder
73,2011-09-30,50/50,8000000.0,35016118.0,39216118.0,2011,Sum.,35000000.0,4200000.0,2011.0,50/50,31216118.0,3.90201475,tt1306980,50/50,50/50,2011,100,"Comedy,Drama,Romance",7.7,300475,Comedy,50/50
73,2011-09-30,50/50,8000000.0,35016118.0,39216118.0,2011,Sum.,35000000.0,4200000.0,2011.0,50/50,31216118.0,3.90201475,tt1734060,50/50,50/50,2010,77,Documentary,7.5,11,Documentary,50/50
75,2015-09-02,a walk in the woods,8000000.0,29499394.0,37499394.0,2015,BG,29500000.0,8000000.0,2015.0,a walk in the woods,29499394.0,3.68742425,tt1178665,A Walk in the Woods,A Walk in the Woods,2015,104,"Adventure,Biography,Comedy",6.3,22033,Adventure,a walk in the woods
76,2002-10-11,brown sugar,8000000.0,27362712.0,,2002,unknown,,,,brown sugar,,,tt2675102,Brown Sugar,Naam Tan Daeng,2010,120,Drama,4.0,36,Drama,brown sugar
78,2014-01-31,that awkward moment,8000000.0,26068955.0,40468955.0,2014,Focus,26100000.0,14400000.0,2014.0,that awkward moment,32468955.0,4.058619375,tt1800246,That Awkward Moment,That Awkward Moment,2014,94,"Comedy,Romance",6.2,92148,Comedy,that awkward moment
79,2008-03-21,shutter,8000000.0,25928550.0,,2008,unknown,,,,shutter,,,tt2522328,Shutter,Shutter,2012,133,Thriller,7.7,943,Thriller,shutter
79,2008-03-21,shutter,8000000.0,25928550.0,,2008,unknown,,,,shutter,,,tt3960994,Shutter,Shutter,2014,123,"Drama,Family,Thriller",7.2,31,Drama,shutter
79,2008-03-21,shutter,8000000.0,25928550.0,,2008,unknown,,,,shutter,,,tt5782160,Shutter,Voidfinder,2017,106,"Horror,Thriller",5.3,313,Horror,shutter
82,1993-05-07,much ado about nothing,8000000.0,22549338.0,,1993,unknown,,,,much ado about nothing,,,tt1748124,Much Ado About Nothing,Much Ado About Nothing,2010,68,"Comedy,Drama,Romance",4.5,8,Comedy,much ado about nothing
82,1993-05-07,much ado about nothing,8000000.0,22549338.0,,1993,unknown,,,,much ado about nothing,,,tt2094064,Much Ado About Nothing,Much Ado About Nothing,2012,109,"Comedy,Drama,Romance",7.2,15415,Comedy,much ado about nothing
82,1993-05-07,much ado about nothing,8000000.0,22549338.0,,1993,unknown,,,,much ado about nothing,,,tt2651158,Much Ado About Nothing,Much Ado About Nothing,2012,167,"Comedy,Drama",7.7,94,Comedy,much ado about nothing
82,1993-05-07,much ado about nothing,8000000.0,22549338.0,,1993,unknown,,,,much ado about nothing,,,tt4650738,Much Ado About Nothing,Aquí No Ha Pasado Nada,2016,94,Drama,6.6,517,Drama,much ado about nothing
82,1993-05-07,much ado about nothing,8000000.0,22549338.0,,1993,unknown,,,,much ado about nothing,,,tt5569310,Much Ado About Nothing,Much Ado About Nothing,2011,161,"Comedy,Romance",8.4,365,Comedy,much ado about nothing
88,2013-09-18,enough said,8000000.0,17550872.0,25250872.0,2013,FoxS,17600000.0,7700000.0,2013.0,enough said,17250872.0,2.156359,tt2390361,Enough Said,Enough Said,2013,93,"Comedy,Drama,Romance",7.0,55698,Comedy,enough said
91,2014-06-27,begin again,8000000.0,16170632.0,63470632.0,2014,Wein.,16200000.0,47300000.0,2014.0,begin again,55470632.0,6.933829,tt1945037,Begin Again,Begin Again,2013,68,"Drama,Family",7.0,57,Drama,begin again
91,2014-06-27,begin again,8000000.0,16170632.0,63470632.0,2014,Wein.,16200000.0,47300000.0,2014.0,begin again,55470632.0,6.933829,tt1980929,Begin Again,Begin Again,2013,104,"Comedy,Drama,Music",7.4,129884,Comedy,begin again
93,2006-05-19,see no evil,8000000.0,15032800.0,,2006,unknown,,,,see no evil,,,tt3508850,See No Evil,See No Evil,2014,75,Documentary,7.3,54,Documentary,see no evil
97,2011-04-29,prom,8000000.0,10130219.0,,2011,unknown,,,,prom,,,tt1604171,Prom,Prom,2011,104,"Comedy,Drama,Family",5.4,14279,Comedy,prom
100,2015-06-12,me and earl and the dying girl,8000000.0,6758416.0,9058416.0,2015,FoxS,6800000.0,2300000.0,2015.0,me and earl and the dying girl,1058416.0,0.132302,tt2582496,Me and Earl and the Dying Girl,Me and Earl and the Dying Girl,2015,105,"Comedy,Drama,Romance",7.8,112627,Comedy,me and earl and the dying girl
1,2010-10-08,it's kind of a funny story,8000000.0,6363628.0,6491628.0,2010,Focus,6400000.0,128000.0,2010.0,it's kind of a funny story,-1508372.0,-0.1885465,tt0804497,It's Kind of a Funny Story,It's Kind of a Funny Story,2010,101,"Comedy,Drama,Romance",7.1,125583,Comedy,it's kind of a funny story
5,2016-09-02,morgan,8000000.0,3915251.0,8815251.0,2016,Fox,3900000.0,4900000.0,2016.0,morgan,815251.0,0.101906375,tt1943765,Morgan,Morgan,2012,89,"Drama,Romance",6.8,1232,Drama,morgan
5,2016-09-02,morgan,8000000.0,3915251.0,8815251.0,2016,Fox,3900000.0,4900000.0,2016.0,morgan,815251.0,0.101906375,tt4520364,Morgan,Morgan,2016,92,"Action,Horror,Sci-Fi",5.8,35487,Action,morgan
6,2015-12-30,anomalisa,8000000.0,3759286.0,5659286.0,2015,Par.,3800000.0,1900000.0,2015.0,anomalisa,-2340714.0,-0.29258925,tt2401878,Anomalisa,Anomalisa,2015,90,"Animation,Comedy,Drama",7.3,58010,Animation,anomalisa
8,2010-12-29,another year,8000000.0,3205706.0,19705706.0,2010,SPC,3200000.0,16500000.0,2010.0,another year,11705706.0,1.46321325,tt1431181,Another Year,Another Year,2010,129,"Comedy,Drama",7.3,26273,Comedy,another year
8,2010-12-29,another year,8000000.0,3205706.0,19705706.0,2010,SPC,3200000.0,16500000.0,2010.0,another year,11705706.0,1.46321325,tt3508808,Another Year,Eshche odin god,2014,107,"Drama,Romance",6.6,294,Drama,another year
8,2010-12-29,another year,8000000.0,3205706.0,19705706.0,2010,SPC,3200000.0,16500000.0,2010.0,another year,11705706.0,1.46321325,tt5886728,Another Year,You yi nian,2016,181,Documentary,7.2,40,Documentary,another year
13,2018-04-06,lean on pete,8000000.0,1163056.0,,2018,unknown,,,,lean on pete,,,tt5340300,Lean on Pete,Lean on Pete,2017,121,"Adventure,Drama",7.2,8607,Adventure,lean on pete
14,2010-11-19,made in dagenham,8000000.0,1095369.0,12395369.0,2010,SPC,1100000.0,11300000.0,2010.0,made in dagenham,4395369.0,0.549421125,tt1371155,Made in Dagenham,Made in Dagenham,2010,113,"Biography,Comedy,Drama",7.2,13121,Biography,made in dagenham
16,2019-05-03,el chicano,8000000.0,700261.0,,2019,unknown,,,,el chicano,,,tt7374952,El Chicano,El Chicano,2018,108,Drama,5.7,290,Drama,el chicano
24,2018-10-26,london fields,8000000.0,252676.0,,2018,unknown,,,,london fields,,,tt1273221,London Fields,London Fields,2018,118,"Crime,Mystery,Thriller",4.3,2871,Crime,london fields
25,2011-09-16,restless,8000000.0,163753.0,,2011,unknown,,,,restless,,,tt1498569,Restless,Restless,2011,91,"Drama,Romance",6.8,16736,Drama,restless
25,2011-09-16,restless,8000000.0,163753.0,,2011,unknown,,,,restless,,,tt8136112,Restless,Restless,2018,53,Drama,8.4,5,Drama,restless
28,2010-10-29,wild target,8000000.0,109338.0,3409338.0,2010,Free,109000.0,3300000.0,2010.0,wild target,-4590662.0,-0.57383275,tt1235189,Wild Target,Wild Target,2010,98,"Action,Comedy,Crime",6.8,33915,Action,wild target
30,2012-10-05,wuthering heights,8000000.0,100915.0,,2012,unknown,,,,wuthering heights,,,tt1181614,Wuthering Heights,Wuthering Heights,2011,129,"Drama,Romance",6.1,8549,Drama,wuthering heights
31,2016-11-18,a street cat named bob,8000000.0,82703.0,,2016,unknown,,,,a street cat named bob,,,tt3606888,A Street Cat Named Bob,A Street Cat Named Bob,2016,103,"Biography,Comedy,Drama",7.4,23204,Biography,a street cat named bob
33,2015-05-22,aloft,8000000.0,53086.0,,2015,unknown,,,,aloft,,,tt2494384,Aloft,Aloft,2014,112,Drama,5.3,3001,Drama,aloft
36,2001-04-27,akira,8000000.0,19585.0,,2001,unknown,,,,akira,,,tt5700962,Akira,Akira,2016,134,"Drama,Romance",5.9,32,Drama,akira
41,2018-04-24,backstabbing for beginners,8000000.0,0.0,,2018,unknown,,,,backstabbing for beginners,,,tt5153288,Backstabbing for Beginners,Backstabbing for Beginners,2018,108,"Drama,History,Romance",6.2,3256,Drama,backstabbing for beginners
42,2014-08-12,swelter,8000000.0,0.0,,2014,unknown,,,,swelter,,,tt2112277,Swelter,Swelter,2014,96,"Action,Crime,Drama",4.6,2536,Action,swelter
47,2016-05-06,code of honor,8000000.0,0.0,,2016,unknown,,,,code of honor,,,tt4060866,Code of Honor,Code of Honor,2016,106,"Action,Crime,Thriller",4.2,1961,Action,code of honor
48,2019-06-21,burn your maps,8000000.0,0.0,,2019,unknown,,,,burn your maps,,,tt4882548,Burn Your Maps,Burn Your Maps,2016,102,Adventure,7.9,240,Adventure,burn your maps
53,1989-12-13,driving miss daisy,7500000.0,106593296.0,,1989,unknown,,,,driving miss daisy,,,tt4653310,Driving Miss Daisy,Driving Miss Daisy,2014,100,"Comedy,Drama",8.2,122,Comedy,driving miss daisy
67,2011-12-21,albert nobbs,7500000.0,3014696.0,5614696.0,2011,RAtt.,3000000.0,2600000.0,2012.0,albert nobbs,-1885304.0,-0.25137386666666667,tt1602098,Albert Nobbs,Albert Nobbs,2011,113,"Drama,Romance",6.7,22213,Drama,albert nobbs
68,2016-06-24,the neon demon,7500000.0,1333124.0,,2016,unknown,,,,the neon demon,,,tt1974419,The Neon Demon,The Neon Demon,2016,117,"Horror,Thriller",6.2,72359,Horror,the neon demon
74,2015-01-09,black november,7500000.0,0.0,,2015,unknown,,,,black november,,,tt2147225,Black November,Black November,2012,95,"Action,Crime,Drama",5.4,489,Action,black november
75,2015-02-24,outside bet,7500000.0,0.0,,2015,unknown,,,,outside bet,,,tt1772422,Outside Bet,Outside Bet,2012,101,Comedy,5.0,267,Comedy,outside bet
76,2015-05-15,pound of flesh,7500000.0,0.0,,2015,unknown,,,,pound of flesh,,,tt1196338,Pound of Flesh,Pound of Flesh,2010,104,"Crime,Drama,Thriller",3.2,267,Crime,pound of flesh
76,2015-05-15,pound of flesh,7500000.0,0.0,,2015,unknown,,,,pound of flesh,,,tt3488328,Pound of Flesh,Pound of Flesh,2015,104,"Action,Thriller",5.2,5511,Action,pound of flesh
76,2015-05-15,pound of flesh,7500000.0,0.0,,2015,unknown,,,,pound of flesh,,,tt3896284,Pound of Flesh,Pound of Flesh,2014,145,Drama,7.5,6,Drama,pound of flesh
77,2017-01-13,the bye bye man,7400000.0,22395806.0,26695806.0,2017,STX,22400000.0,4300000.0,2017.0,the bye bye man,19295806.0,2.6075413513513515,tt4030600,The Bye Bye Man,The Bye Bye Man,2017,96,"Drama,Fantasy,Horror",4.3,17743,Drama,the bye bye man
85,2011-09-16,3,7200000.0,59774.0,,2011,unknown,,,,3,,,tt1517177,3,3,2010,119,"Comedy,Drama,Romance",6.7,4722,Comedy,3
85,2011-09-16,3,7200000.0,59774.0,,2011,unknown,,,,3,,,tt2123129,3,3,2012,145,"Drama,Mystery,Romance",7.2,3471,Drama,3
85,2011-09-16,3,7200000.0,59774.0,,2011,unknown,,,,3,,,tt2379653,3,3,2012,115,"Comedy,Drama",6.1,101,Comedy,3
85,2011-09-16,3,7200000.0,59774.0,,2011,unknown,,,,3,,,tt5618160,3,3,2018,80,"Horror,Mystery,Thriller",3.9,166,Horror,3
88,2012-06-29,magic mike,7000000.0,113721571.0,167221571.0,2012,WB,113700000.0,53500000.0,2012.0,magic mike,160221571.0,22.888795857142856,tt1915581,Magic Mike,Magic Mike,2012,110,"Comedy,Drama",6.1,123955,Comedy,magic mike
90,2018-03-16,i can only imagine,7000000.0,83482352.0,,2018,unknown,,,,i can only imagine,,,tt6450186,I Can Only Imagine,I Can Only Imagine,2018,110,"Biography,Drama,Family",7.4,11439,Biography,i can only imagine
91,2019-03-15,five feet apart,7000000.0,45729221.0,,2019,unknown,,,,five feet apart,,,tt6472976,Five Feet Apart,Five Feet Apart,2019,116,"Drama,Romance",7.2,10645,Drama,five feet apart
93,2011-05-06,jumping the broom,7000000.0,37295394.0,37710394.0,2011,TriS,37300000.0,415000.0,2011.0,jumping the broom,30710394.0,4.387199142857143,tt1640484,Jumping the Broom,Jumping the Broom,2011,112,"Comedy,Drama",5.7,9089,Comedy,jumping the broom
4,2017-04-07,gifted,7000000.0,24801212.0,43001212.0,2017,FoxS,24800000.0,18200000.0,2017.0,gifted,36001212.0,5.1430302857142856,tt4023894,Gifted,Gipeuteodeu,2014,103,"Crime,Drama,Thriller",5.6,107,Crime,gifted
4,2017-04-07,gifted,7000000.0,24801212.0,43001212.0,2017,FoxS,24800000.0,18200000.0,2017.0,gifted,36001212.0,5.1430302857142856,tt4481414,Gifted,Gifted,2017,101,Drama,7.6,82426,Drama,gifted
6,2001-04-11,kingdom come,7000000.0,23247539.0,,2001,unknown,,,,kingdom come,,,tt2043893,Kingdom Come,Kingdom Come,2011,87,"Documentary,Drama",7.6,123,Documentary,kingdom come
6,2001-04-11,kingdom come,7000000.0,23247539.0,,2001,unknown,,,,kingdom come,,,tt2701772,Kingdom Come,Kingdom Come,2014,97,Horror,4.4,1098,Horror,kingdom come
6,2001-04-11,kingdom come,7000000.0,23247539.0,,2001,unknown,,,,kingdom come,,,tt3151724,Kingdom Come,Kingdom Come,2013,75,"Drama,Thriller",8.3,28,Drama,kingdom come
8,1988-02-12,action jackson,7000000.0,20257000.0,,1988,unknown,,,,action jackson,,,tt0403935,Action Jackson,Action Jackson,2014,144,"Action,Thriller",3.3,2862,Action,action jackson
9,1983-05-13,breathless,7000000.0,19910002.0,,1983,unknown,,,,breathless,,,tt2005164,Breathless,Breathless,2012,92,"Comedy,Thriller",5.1,1238,Comedy,breathless
9,1983-05-13,breathless,7000000.0,19910002.0,,1983,unknown,,,,breathless,,,tt9266874,Breathless,Breathless,2018,70,Documentary,7.4,8,Documentary,breathless
11,2015-06-19,dope,7000000.0,17506470.0,17986470.0,2015,ORF,17500000.0,480000.0,2015.0,dope,10986470.0,1.5694957142857142,tt3850214,Dope,Dope,2015,103,"Comedy,Crime,Drama",7.2,76557,Comedy,dope
13,2019-05-24,brightburn,7000000.0,16794432.0,,2019,unknown,,,,brightburn,,,tt7752126,Brightburn,Brightburn,2019,90,"Horror,Sci-Fi",6.5,12515,Horror,brightburn
14,2014-01-17,devil's due,7000000.0,15821461.0,36921461.0,2014,Fox,15800000.0,21100000.0,2014.0,devil's due,29921461.0,4.274494428571429,tt2752758,Devil's Due,Devil's Due,2014,89,"Horror,Mystery,Thriller",4.1,15502,Horror,devil's due
16,2014-11-14,beyond the lights,7000000.0,14618727.0,,2014,unknown,,,,beyond the lights,,,tt3125324,Beyond the Lights,Beyond the Lights,2014,116,"Drama,Music,Romance",6.9,14122,Drama,beyond the lights
27,2010-06-18,cyrus,7000000.0,7468936.0,9968936.0,2010,FoxS,7500000.0,2500000.0,2010.0,cyrus,2968936.0,0.4241337142857143,tt1327709,Cyrus,Cyrus,2010,87,"Crime,Horror,Mystery",4.7,944,Crime,cyrus
27,2010-06-18,cyrus,7000000.0,7468936.0,9968936.0,2010,FoxS,7500000.0,2500000.0,2010.0,cyrus,2968936.0,0.4241337142857143,tt1336617,Cyrus,Cyrus,2010,91,"Comedy,Drama,Romance",6.3,32457,Comedy,cyrus
32,1992-05-01,split second,7000000.0,5430822.0,,1992,unknown,,,,split second,,,tt2467370,Split Second,Split Second,2012,83,Drama,8.1,11,Drama,split second
42,2010-12-22,somewhere,7000000.0,1785645.0,13985645.0,2010,Focus,1800000.0,12200000.0,2010.0,somewhere,6985645.0,0.9979492857142858,tt1421051,Somewhere,Somewhere,2010,97,"Comedy,Drama",6.3,40250,Comedy,somewhere
43,2012-01-13,we need to talk about kevin,7000000.0,1738692.0,6038692.0,2012,Osci.,1700000.0,4300000.0,2011.0,we need to talk about kevin,-961308.0,-0.13732971428571428,tt1242460,We Need to Talk About Kevin,We Need to Talk About Kevin,2011,112,"Drama,Mystery,Thriller",7.5,123619,Drama,we need to talk about kevin
44,2007-02-02,factory girl,7000000.0,1661464.0,,2007,unknown,,,,factory girl,,,tt3182596,Factory Girl,Fatat el masnaa,2013,90,"Drama,Romance",7.3,1010,Drama,factory girl
45,2013-11-15,the christmas candle,7000000.0,1632000.0,,2013,unknown,,,,the christmas candle,,,tt2739338,The Christmas Candle,The Christmas Candle,2013,100,"Drama,Family",6.2,1538,Drama,the christmas candle
51,2015-10-02,freeheld,7000000.0,546201.0,,2015,unknown,,,,freeheld,,,tt1658801,Freeheld,Freeheld,2015,103,"Biography,Drama,Romance",6.5,10534,Biography,freeheld
52,2014-04-02,dom hemingway,7000000.0,523511.0,,2014,unknown,,,,dom hemingway,,,tt2402105,Dom Hemingway,Dom Hemingway,2013,93,"Comedy,Crime,Drama",6.2,24557,Comedy,dom hemingway
53,2010-07-30,the extra man,7000000.0,453377.0,457877.0,2010,Magn.,453000.0,4500.0,2010.0,the extra man,-6542123.0,-0.934589,tt1361313,The Extra Man,The Extra Man,2010,108,Comedy,5.9,4580,Comedy,the extra man
54,2011-05-13,hesher,7000000.0,382946.0,,2011,unknown,,,,hesher,,,tt1403177,Hesher,Hesher,2010,106,"Comedy,Crime,Drama",7.0,48483,Comedy,hesher
56,2003-02-14,gerry,7000000.0,254683.0,,2003,unknown,,,,gerry,,,tt1708473,Gerry,Gerry,2011,131,Biography,6.8,298,Biography,gerry
63,2016-12-06,oddball,7000000.0,0.0,,2016,unknown,,,,oddball,,,tt3401748,Oddball,Oddball,2015,95,"Adventure,Family",6.4,2124,Adventure,oddball
63,2016-12-06,oddball,7000000.0,0.0,,2016,unknown,,,,oddball,,,tt5811420,Oddball,Oddball,2016,5,Documentary,6.4,5,Documentary,oddball
64,2015-08-18,z storm,7000000.0,0.0,,2015,unknown,,,,z storm,,,tt3469440,Z Storm,Z fung bou,2014,92,"Action,Crime",5.4,612,Action,z storm
66,2013-07-23,twixt,7000000.0,0.0,,2013,unknown,,,,twixt,,,tt1756851,Twixt,Twixt,2011,88,"Comedy,Fantasy,Horror",4.8,9774,Comedy,twixt
67,2015-11-20,criminal activities,7000000.0,0.0,,2015,unknown,,,,criminal activities,,,tt3687310,Criminal Activities,Criminal Activities,2015,94,"Crime,Drama,Thriller",5.8,7739,Crime,criminal activities
73,2012-09-21,house at the end of the street,6900000.0,31611916.0,44311916.0,2012,Rela.,31600000.0,12700000.0,2012.0,house at the end of the street,37411916.0,5.422016811594203,tt1582507,House at the End of the Street,House at the End of the Street,2012,101,"Drama,Horror,Thriller",5.6,66303,Drama,house at the end of the street
75,2017-01-31,two lovers and a bear,6840000.0,0.0,,2017,unknown,,,,two lovers and a bear,,,tt4412528,Two Lovers and a Bear,Two Lovers and a Bear,2016,96,"Adventure,Drama,Romance",6.1,1518,Adventure,two lovers and a bear
76,2010-09-17,incendies,6800000.0,6857096.0,,2010,unknown,,,,incendies,,,tt1255953,Incendies,Incendies,2010,131,"Drama,Mystery,War",8.3,124156,Drama,incendies
84,2014-10-03,annabelle,6500000.0,84273813.0,257073813.0,2014,WB (NL),84300000.0,172800000.0,2014.0,annabelle,250573813.0,38.54981738461539,tt3322940,Annabelle,Annabelle,2014,99,"Horror,Mystery,Thriller",5.4,122039,Horror,annabelle
90,1993-04-02,the adventures of huck finn,6500000.0,24103594.0,,1993,unknown,,,,the adventures of huck finn,,,tt2081266,The Adventures of Huck Finn,Die Abenteuer des Huck Finn,2012,99,"Adventure,Family",5.8,249,Adventure,the adventures of huck finn
95,2017-10-20,same kind of different as me,6500000.0,6423605.0,,2017,unknown,,,,same kind of different as me,,,tt1230168,Same Kind of Different as Me,Same Kind of Different as Me,2017,119,"Biography,Drama",6.5,4319,Biography,same kind of different as me
97,2011-12-02,shame,6500000.0,4002293.0,17802293.0,2011,FoxS,3900000.0,13800000.0,2011.0,shame,11302293.0,1.7388143076923077,tt1723811,Shame,Shame,2011,101,Drama,7.2,171353,Drama,shame
97,2011-12-02,shame,6500000.0,4002293.0,17802293.0,2011,FoxS,3900000.0,13800000.0,2011.0,shame,11302293.0,1.7388143076923077,tt3009444,Shame,Styd,2013,90,Drama,6.4,38,Drama,shame
99,2013-05-31,the east,6500000.0,2274649.0,2374349.0,2013,FoxS,2300000.0,99700.0,2013.0,the east,-4125651.0,-0.6347155384615385,tt1869716,The East,The East,2013,116,"Adventure,Drama,Thriller",6.8,46804,Adventure,the east
1,2009-11-13,the messenger,6500000.0,1109660.0,,2009,unknown,,,,the messenger,,,tt2176244,The Messenger,The Messenger,2012,74,Drama,8.0,43,Drama,the messenger
1,2009-11-13,the messenger,6500000.0,1109660.0,,2009,unknown,,,,the messenger,,,tt3431016,The Messenger,The Messenger,2015,101,"Drama,Mystery,Thriller",5.1,906,Drama,the messenger
1,2009-11-13,the messenger,6500000.0,1109660.0,,2009,unknown,,,,the messenger,,,tt4984930,The Messenger,The Messenger,2015,89,"Documentary,Family",7.7,87,Documentary,the messenger
1,2009-11-13,the messenger,6500000.0,1109660.0,,2009,unknown,,,,the messenger,,,tt8706988,The Messenger,Kurier,2019,100,"Drama,Thriller,War",5.8,112,Drama,the messenger
3,2001-08-17,aberdeen,6500000.0,64148.0,,2001,unknown,,,,aberdeen,,,tt3429014,Aberdeen,Heung Gong zai,2014,97,Family,6.2,566,Family,aberdeen
4,2011-12-31,tracker,6500000.0,0.0,,2011,unknown,,,,tracker,,,tt1414378,Tracker,Tracker,2010,102,"Action,Adventure,Drama",6.5,3460,Action,tracker
7,2007-10-10,control,6400000.0,871577.0,,2007,unknown,,,,control,,,tt1727497,Control,Het Tweede Gelaat,2017,127,"Action,Crime,Drama",6.4,866,Action,control
7,2007-10-10,control,6400000.0,871577.0,,2007,unknown,,,,control,,,tt2550112,Control,Kong cheng ji,2013,90,"Crime,Mystery,Sci-Fi",6.3,218,Crime,control
18,1980-09-19,ordinary people,6000000.0,52302978.0,,1980,unknown,,,,ordinary people,,,tt5891626,Ordinary People,Pamilya Ordinaryo,2016,107,Drama,7.4,128,Drama,ordinary people
19,2018-05-11,breaking in,6000000.0,46840590.0,,2018,unknown,,,,breaking in,,,tt7137846,Breaking In,Breaking In,2018,88,"Action,Crime,Drama",5.4,10154,Action,breaking in
33,2019-03-29,unplanned,6000000.0,18107621.0,,2019,unknown,,,,unplanned,,,tt9024106,Unplanned,Unplanned,2019,106,"Biography,Drama",6.3,5945,Biography,unplanned
36,2019-02-08,the prodigy,6000000.0,14856291.0,,2019,unknown,,,,the prodigy,,,tt4504044,The Prodigy,The Prodigy,2019,92,"Horror,Thriller",5.9,11456,Horror,the prodigy
37,2018-11-30,the possession of hannah grace,6000000.0,14836174.0,43036174.0,2018,SGem,14800000.0,28200000.0,2018.0,the possession of hannah grace,37036174.0,6.172695666666667,tt5734576,The Possession of Hannah Grace,The Possession of Hannah Grace,2018,86,"Horror,Mystery,Thriller",5.2,11629,Horror,the possession of hannah grace
46,2012-09-07,the words,6000000.0,11494838.0,13194838.0,2012,CBS,11500000.0,1700000.0,2012.0,the words,7194838.0,1.1991396666666667,tt1840417,The Words,The Words,2012,102,"Drama,Mystery,Romance",7.1,70308,Drama,the words
47,2016-01-15,the lady in the van,6000000.0,10021175.0,41421175.0,2016,SPC,10000000.0,31400000.0,2015.0,the lady in the van,35421175.0,5.903529166666667,tt3722070,The Lady in the Van,The Lady in the Van,2015,104,"Biography,Comedy,Drama",6.7,23105,Biography,the lady in the van
48,2012-04-27,bernie,6000000.0,9204489.0,,2012,unknown,,,,bernie,,,tt1704573,Bernie,Bernie,2011,99,"Biography,Comedy,Crime",6.8,53765,Biography,bernie
53,2012-03-16,casa de mi padre,6000000.0,5909483.0,8009483.0,2012,LGF,5900000.0,2100000.0,2012.0,casa de mi padre,2009483.0,0.33491383333333336,tt1702425,Casa de mi Padre,Casa de mi Padre,2012,84,"Comedy,Western",5.5,19170,Comedy,casa de mi padre
54,2011-07-29,the guard,6000000.0,5359774.0,19559774.0,2011,SPC,5400000.0,14200000.0,2011.0,the guard,13559774.0,2.259962333333333,tt1540133,The Guard,The Guard,2011,96,"Comedy,Crime,Thriller",7.3,75183,Comedy,the guard
61,2014-07-18,wish i was here,6000000.0,3591299.0,5491299.0,2014,Focus,3600000.0,1900000.0,2014.0,wish i was here,-508701.0,-0.0847835,tt2870708,Wish I Was Here,Wish I Was Here,2014,106,"Comedy,Drama",6.7,34907,Comedy,wish i was here
62,2006-12-21,venus,6000000.0,3347411.0,,2006,unknown,,,,venus,,,tt6178628,Venus,Venus,2016,80,Documentary,7.0,278,Documentary,venus
62,2006-12-21,venus,6000000.0,3347411.0,,2006,unknown,,,,venus,,,tt6852284,Venus,Venus,2017,95,"Comedy,Drama,Family",5.9,161,Comedy,venus
63,2014-03-14,veronica mars,6000000.0,3322127.0,3517127.0,2014,WB,3300000.0,195000.0,2014.0,veronica mars,-2482873.0,-0.41381216666666665,tt2771372,Veronica Mars,Veronica Mars,2014,107,"Crime,Drama,Mystery",6.8,46751,Crime,veronica mars
70,2011-07-15,snow flower and the secret fan,6000000.0,1348205.0,11348205.0,2011,FoxS,1300000.0,10000000.0,2011.0,snow flower and the secret fan,5348205.0,0.8913675,tt1541995,Snow Flower and the Secret Fan,Snow Flower and the Secret Fan,2011,104,"Drama,History",6.1,3429,Drama,snow flower and the secret fan
71,2018-09-14,mandy,6000000.0,1214525.0,,2018,unknown,,,,mandy,,,tt4995858,Mandy,Mandy,2016,113,"Drama,Thriller",4.1,39,Drama,mandy
71,2018-09-14,mandy,6000000.0,1214525.0,,2018,unknown,,,,mandy,,,tt6998518,Mandy,Mandy,2018,121,"Action,Fantasy,Horror",6.6,44378,Action,mandy
76,2011-03-25,the 5th quarter,6000000.0,408159.0,,2011,unknown,,,,the 5th quarter,,,tt1130964,The 5th Quarter,The 5th Quarter,2010,90,"Biography,Drama,Sport",5.7,1379,Biography,the 5th quarter
83,2012-12-07,deadfall,6000000.0,66351.0,,2012,unknown,,,,deadfall,,,tt1667310,Deadfall,Deadfall,2012,95,"Crime,Drama,Thriller",6.3,36491,Crime,deadfall
84,2009-05-08,julia,6000000.0,65108.0,,2009,unknown,,,,julia,,,tt2582426,Julia,Julia,2014,95,"Horror,Thriller",4.6,1523,Horror,julia
84,2009-05-08,julia,6000000.0,65108.0,,2009,unknown,,,,julia,,,tt3182348,Julia,Julia,2013,89,Documentary,7.2,29,Documentary,julia
87,2015-01-23,song one,6000000.0,32251.0,,2015,unknown,,,,song one,,,tt2182972,Song One,Song One,2014,86,"Drama,Music",5.8,8559,Drama,song one
91,2010-02-09,icarus,6000000.0,0.0,,2010,unknown,,,,icarus,,,tt6333060,Icarus,Icarus,2017,120,"Documentary,Sport,Thriller",7.9,28979,Documentary,icarus
94,2011-12-31,freaky deaky,6000000.0,0.0,,2011,unknown,,,,freaky deaky,,,tt0938305,Freaky Deaky,Freaky Deaky,2012,90,"Comedy,Crime,Thriller",6.1,6088,Comedy,freaky deaky
95,2011-05-10,the hit list,6000000.0,0.0,,2011,unknown,,,,the hit list,,,tt1575694,The Hit List,The Hit List,2011,90,"Action,Thriller",5.4,11081,Action,the hit list
97,1996-08-02,emma,5900000.0,22231658.0,,1996,unknown,,,,emma,,,tt3319070,Emma,Emma,2016,70,Thriller,4.7,133,Thriller,emma
97,1996-08-02,emma,5900000.0,22231658.0,,1996,unknown,,,,emma,,,tt8110474,Emma,Emma,2018,77,Drama,5.0,10,Drama,emma
3,2012-10-05,trade of innocents,5800000.0,15091.0,,2012,unknown,,,,trade of innocents,,,tt1772408,Trade of Innocents,Trade of Innocents,2012,88,"Drama,Thriller",5.4,860,Drama,trade of innocents
11,2010-07-16,standing ovation,5600000.0,531806.0,,2010,unknown,,,,standing ovation,,,tt1303803,Standing Ovation,Standing Ovation,2010,105,Musical,3.3,658,Musical,standing ovation
12,2012-12-07,khiladi 786,5600000.0,385422.0,,2012,unknown,,,,khiladi 786,,,tt2166214,Khiladi 786,Khiladi 786,2012,141,"Action,Comedy",4.4,5648,Action,khiladi 786
17,1996-11-22,shine,5500000.0,35811509.0,,1996,unknown,,,,shine,,,tt4064912,Shine,Shine,2017,95,"Drama,Music",4.9,150,Drama,shine
18,2013-09-27,don jon,5500000.0,24477704.0,30477704.0,2013,Rela.,24500000.0,6000000.0,2013.0,don jon,24977704.0,4.541400727272728,tt2229499,Don Jon,Don Jon,2013,90,"Comedy,Drama,Romance",6.6,216350,Comedy,don jon
20,2018-09-28,hell fest,5500000.0,11107431.0,18207431.0,2018,LGF,11100000.0,7100000.0,2018.0,hell fest,12707431.0,2.310442,tt1999890,Hell Fest,Hell Fest,2018,89,Horror,5.5,8662,Horror,hell fest
23,2001-12-14,iris,5500000.0,5580479.0,,2001,unknown,,,,iris,,,tt1606618,Iris,Iris,2011,85,"Drama,Family,History",5.8,123,Drama,iris
23,2001-12-14,iris,5500000.0,5580479.0,,2001,unknown,,,,iris,,,tt4157220,Iris,Iris,2014,79,"Biography,Documentary,History",7.1,3947,Biography,iris
26,2003-10-03,wonderland,5500000.0,1060512.0,,2003,unknown,,,,wonderland,,,tt1735233,Wonderland,VIViD,2011,80,"Fantasy,Horror,Sci-Fi",5.0,159,Fantasy,wonderland
26,2003-10-03,wonderland,5500000.0,1060512.0,,2003,unknown,,,,wonderland,,,tt4444762,Wonderland,Heimatland,2015,99,Drama,6.1,206,Drama,wonderland
26,2003-10-03,wonderland,5500000.0,1060512.0,,2003,unknown,,,,wonderland,,,tt5430020,Wonderland,Strana chudes,2016,80,Comedy,3.9,259,Comedy,wonderland
26,2003-10-03,wonderland,5500000.0,1060512.0,,2003,unknown,,,,wonderland,,,tt6571636,Wonderland,Joulumaa,2017,92,"Comedy,Drama",6.1,76,Comedy,wonderland
29,2011-10-21,le havre,5500000.0,611709.0,10511709.0,2011,Jan.,612000.0,9900000.0,2011.0,le havre,5011709.0,0.9112198181818182,tt1508675,Le Havre,Le Havre,2011,93,"Comedy,Drama",7.2,18490,Comedy,le havre
31,2011-07-15,salvation boulevard,5500000.0,28468.0,,2011,unknown,,,,salvation boulevard,,,tt1251743,Salvation Boulevard,Salvation Boulevard,2011,96,"Action,Comedy,Drama",5.3,4220,Action,salvation boulevard
32,2015-01-23,r100,5500000.0,24956.0,,2015,unknown,,,,r100,,,tt2914838,R100,R100,2013,99,"Comedy,Drama",6.1,2133,Comedy,r100
33,2015-05-05,miss julie,5500000.0,0.0,,2015,unknown,,,,miss julie,,,tt2298738,Miss Julie,Fröken Julie,2013,85,"Drama,Romance",4.1,116,Drama,miss julie
33,2015-05-05,miss julie,5500000.0,0.0,,2015,unknown,,,,miss julie,,,tt2667960,Miss Julie,Miss Julie,2014,129,"Drama,Romance",5.5,4598,Drama,miss julie
34,2008-12-31,animals,5500000.0,0.0,,2008,unknown,,,,animals,,,tt1298530,Animals,Animals,2012,94,"Drama,Fantasy",6.2,758,Drama,animals
34,2008-12-31,animals,5500000.0,0.0,,2008,unknown,,,,animals,,,tt3297554,Animals,Animals,2014,90,Drama,6.3,836,Drama,animals
34,2008-12-31,animals,5500000.0,0.0,,2008,unknown,,,,animals,,,tt4426738,Animals,Animals,2019,109,"Comedy,Drama",7.3,38,Comedy,animals
38,2013-07-19,grabbers,5300000.0,0.0,,2013,unknown,,,,grabbers,,,tt1525366,Grabbers,Grabbers,2012,94,"Comedy,Horror,Sci-Fi",6.3,15727,Comedy,grabbers
43,2017-02-24,the girl with all the gifts,5250000.0,0.0,,2017,unknown,,,,the girl with all the gifts,,,tt4547056,The Girl with All the Gifts,The Girl with All the Gifts,2016,111,"Drama,Horror,Sci-Fi",6.7,46545,Drama,the girl with all the gifts
44,1944-08-01,wilson,5200000.0,2000000.0,,1944,unknown,,,,wilson,,,tt1781058,Wilson,Wilson,2017,94,"Comedy,Drama",5.8,8985,Comedy,wilson
44,1944-08-01,wilson,5200000.0,2000000.0,,1944,unknown,,,,wilson,,,tt7283700,Wilson,Wilson,2017,104,Documentary,7.1,7,Documentary,wilson
46,2011-04-22,dum maaro dum,5200000.0,564489.0,,2011,unknown,,,,dum maaro dum,,,tt1618430,Dum Maaro Dum,Dum Maaro Dum,2011,128,"Action,Crime,Drama",6.2,3616,Action,dum maaro dum
49,2017-02-24,get out,5000000.0,176040665.0,255440665.0,2017,Uni.,176000000.0,79400000.0,2017.0,get out,250440665.0,50.088133,tt5052448,Get Out,Get Out,2017,104,"Horror,Mystery,Thriller",7.7,400474,Horror,get out
50,2017-01-20,split,5000000.0,138141585.0,278341585.0,2017,Uni.,138300000.0,140200000.0,2017.0,split,273341585.0,54.668317,tt2660118,Split,Split,2016,90,"Comedy,Romance,Sport",2.9,557,Comedy,split
50,2017-01-20,split,5000000.0,138141585.0,278341585.0,2017,Uni.,138300000.0,140200000.0,2017.0,split,273341585.0,54.668317,tt3315656,Split,Split,2016,127,"Drama,Fantasy",3.6,380,Drama,split
50,2017-01-20,split,5000000.0,138141585.0,278341585.0,2017,Uni.,138300000.0,140200000.0,2017.0,split,273341585.0,54.668317,tt4972582,Split,Split,2016,117,"Horror,Thriller",7.3,358543,Horror,split
50,2017-01-20,split,5000000.0,138141585.0,278341585.0,2017,Uni.,138300000.0,140200000.0,2017.0,split,273341585.0,54.668317,tt5495666,Split,Split,2016,80,Drama,7.0,21,Drama,split
50,2017-01-20,split,5000000.0,138141585.0,278341585.0,2017,Uni.,138300000.0,140200000.0,2017.0,split,273341585.0,54.668317,tt6147768,Split,Split,2016,123,"Action,Drama,Sport",5.4,189,Action,split
51,2011-10-21,paranormal activity 3,5000000.0,104028807.0,207028807.0,2011,Par.,104000000.0,103000000.0,2011.0,paranormal activity 3,202028807.0,40.4057614,tt1778304,Paranormal Activity 3,Paranormal Activity 3,2011,83,"Horror,Mystery,Thriller",5.8,85689,Horror,paranormal activity 3
54,2016-03-11,10 cloverfield lane,5000000.0,72082999.0,110182999.0,2016,Par.,72100000.0,38100000.0,2016.0,10 cloverfield lane,105182999.0,21.0365998,tt1179933,10 Cloverfield Lane,10 Cloverfield Lane,2016,103,"Drama,Horror,Mystery",7.2,260383,Drama,10 cloverfield lane
55,2016-07-22,lights out,5000000.0,67268835.0,148868835.0,2016,WB (NL),67300000.0,81600000.0,2016.0,lights out,143868835.0,28.773767,tt1646127,Lights Out,Simon Werner a disparu...,2010,87,"Drama,Mystery,Thriller",6.4,971,Drama,lights out
55,2016-07-22,lights out,5000000.0,67268835.0,148868835.0,2016,WB (NL),67300000.0,81600000.0,2016.0,lights out,143868835.0,28.773767,tt4786282,Lights Out,Lights Out,2016,81,"Drama,Horror,Mystery",6.3,100650,Drama,lights out
56,2015-09-11,the visit,5000000.0,65206105.0,98406105.0,2015,Uni.,65200000.0,33200000.0,2015.0,the visit,93406105.0,18.681221,tt1605776,The Visit,The Visit,2010,90,"Comedy,Drama,Romance",8.3,7,Comedy,the visit
56,2015-09-11,the visit,5000000.0,65206105.0,98406105.0,2015,Uni.,65200000.0,33200000.0,2015.0,the visit,93406105.0,18.681221,tt3567288,The Visit,The Visit,2015,94,"Horror,Mystery,Thriller",6.2,102459,Horror,the visit
58,2017-10-13,happy death day,5000000.0,55683845.0,125483845.0,2017,Uni.,55700000.0,69800000.0,2017.0,happy death day,120483845.0,24.096769,tt5308322,Happy Death Day,Happy Death Day,2017,96,"Horror,Mystery,Thriller",6.5,87132,Horror,happy death day
59,2012-10-19,paranormal activity 4,5000000.0,53900335.0,142800335.0,2012,Par.,53900000.0,88900000.0,2012.0,paranormal activity 4,137800335.0,27.560067,tt2109184,Paranormal Activity 4,Paranormal Activity 4,2012,88,"Horror,Mystery,Thriller",4.6,58408,Horror,paranormal activity 4
60,2014-10-24,ouija,5000000.0,50856010.0,103556010.0,2014,Uni.,50900000.0,52700000.0,2014.0,ouija,98556010.0,19.711202,tt1204977,Ouija,Ouija,2014,89,"Horror,Mystery,Thriller",4.5,44054,Horror,ouija
64,2017-06-23,the big sick,5000000.0,42872467.0,56372467.0,2017,LGF,42900000.0,13500000.0,2017.0,the big sick,51372467.0,10.2744934,tt5462602,The Big Sick,The Big Sick,2017,120,"Comedy,Drama,Romance",7.6,104008,Comedy,the big sick
66,2019-05-31,ma,5000000.0,36049540.0,,2019,unknown,,,,ma,,,tt4410770,Ma,Ma,2015,80,Drama,5.9,184,Drama,ma
66,2019-05-31,ma,5000000.0,36049540.0,,2019,unknown,,,,ma,,,tt7958736,Ma,Ma,2019,99,"Horror,Thriller",6.0,5322,Horror,ma
66,2019-05-31,ma,5000000.0,36049540.0,,2019,unknown,,,,ma,,,tt9293690,Ma,Ma,2018,72,"Drama,Horror",5.5,16,Drama,ma
69,2003-12-24,monster,5000000.0,34469210.0,,2003,unknown,,,,monster,,,tt1617136,Monster,Monster,2010,85,"Action,Adventure,Comedy",4.8,12,Action,monster
69,2003-12-24,monster,5000000.0,34469210.0,,2003,unknown,,,,monster,,,tt3589450,Monster,Mon-seu-teo,2014,113,"Action,Drama,Thriller",6.5,798,Action,monster
69,2003-12-24,monster,5000000.0,34469210.0,,2003,unknown,,,,monster,,,tt6840904,Monster,Monster,2018,90,Horror,7.2,74,Horror,monster
69,2003-12-24,monster,5000000.0,34469210.0,,2003,unknown,,,,monster,,,tt9077038,Monster,Monster,2019,139,"Comedy,Drama,Family",7.5,49,Comedy,monster
70,2014-01-03,paranormal activity: the marked ones,5000000.0,32462372.0,90862372.0,2014,Par.,32500000.0,58400000.0,2014.0,paranormal activity: the marked ones,85862372.0,17.1724744,tt2473682,Paranormal Activity: The Marked Ones,Paranormal Activity: The Marked Ones,2014,84,"Horror,Mystery,Thriller",5.0,37147,Horror,paranormal activity: the marked ones
72,2014-04-11,oculus,5000000.0,27695246.0,43995246.0,2014,Rela.,27700000.0,16300000.0,2014.0,oculus,38995246.0,7.7990492,tt2388715,Oculus,Oculus,2013,104,"Horror,Mystery",6.5,106906,Horror,oculus
73,2013-11-01,dallas buyers club,5000000.0,27298285.0,55198285.0,2013,Focus,27300000.0,27900000.0,2013.0,dallas buyers club,50198285.0,10.039657,tt0790636,Dallas Buyers Club,Dallas Buyers Club,2013,117,"Biography,Drama",8.0,402462,Biography,dallas buyers club
74,2015-08-26,no escape,5000000.0,27288872.0,54388872.0,2015,Wein.,27300000.0,27100000.0,2015.0,no escape,49388872.0,9.8777744,tt1781922,No Escape,No Escape,2015,103,"Action,Thriller",6.8,70222,Action,no escape
76,2015-02-27,the lazarus effect,5000000.0,25801570.0,38401570.0,2015,Rela.,25800000.0,12600000.0,2015.0,the lazarus effect,33401570.0,6.680314,tt2918436,The Lazarus Effect,The Lazarus Effect,2015,83,"Horror,Mystery,Sci-Fi",5.2,37675,Horror,the lazarus effect
78,2011-08-26,our idiot brother,5000000.0,24814830.0,,2011,unknown,,,,our idiot brother,,,tt1637706,Our Idiot Brother,Our Idiot Brother,2011,90,"Comedy,Drama",6.4,80738,Comedy,our idiot brother
79,2018-03-09,the strangers: prey at night,5000000.0,24431472.0,,2018,unknown,,,,the strangers: prey at night,,,tt1285009,The Strangers: Prey at Night,The Strangers: Prey at Night,2018,85,Horror,5.2,21614,Horror,the strangers: prey at night
82,2000-10-13,billy elliot,5000000.0,21995263.0,,2000,unknown,,,,billy elliot,,,tt4085696,Billy Elliot,Billy Elliot the Musical Live,2014,169,"Comedy,Drama,Music",8.5,1109,Comedy,billy elliot
83,2013-07-05,the way way back,5000000.0,21502690.0,,2013,unknown,,,,the way way back,,,tt1727388,The Way Way Back,The Way Way Back,2013,103,"Comedy,Drama",7.4,132642,Comedy,the way way back
84,2014-08-29,"as above, so below",5000000.0,21222315.0,,2014,unknown,,,,"as above, so below",,,tt2870612,"As Above, So Below","As Above, So Below",2014,93,"Adventure,Horror,Mystery",6.2,66892,Adventure,"as above, so below"
86,1997-12-17,the apostle,5000000.0,20733485.0,,1997,unknown,,,,the apostle,,,tt1331294,The Apostle,O Apóstolo,2012,80,"Animation,Horror",7.0,514,Animation,the apostle
86,1997-12-17,the apostle,5000000.0,20733485.0,,1997,unknown,,,,the apostle,,,tt3493128,The Apostle,L'apôtre,2014,117,Drama,7.4,88,Drama,the apostle
90,2016-02-19,race,5000000.0,19115191.0,,2016,unknown,,,,race,,,tt1867035,Race,Race,2011,150,Drama,3.9,73,Drama,race
90,2016-02-19,race,5000000.0,19115191.0,,2016,unknown,,,,race,,,tt3499096,Race,Race,2016,134,"Biography,Drama,Sport",7.1,30777,Biography,race
92,2015-01-16,still alice,5000000.0,18656400.0,43756400.0,2015,SPC,18800000.0,25100000.0,2015.0,still alice,38756400.0,7.75128,tt3316960,Still Alice,Still Alice,2014,101,Drama,7.5,116832,Drama,still alice
94,2011-09-02,apollo 18,5000000.0,17686929.0,25586929.0,2011,W/Dim.,17700000.0,7900000.0,2011.0,apollo 18,20586929.0,4.1173858,tt1772240,Apollo 18,Apollo 18,2011,86,"Horror,Mystery,Sci-Fi",5.2,51427,Horror,apollo 18
95,2018-03-23,"paul, apostle of christ",5000000.0,17547999.0,23047999.0,2018,Affirm,17600000.0,5500000.0,2018.0,"paul, apostle of christ",18047999.0,3.6095998,tt7388562,"Paul, Apostle of Christ","Paul, Apostle of Christ",2018,108,"Adventure,Biography,Drama",6.7,5662,Adventure,"paul, apostle of christ"
96,2014-10-10,addicted,5000000.0,17390770.0,,2014,unknown,,,,addicted,,,tt2205401,Addicted,Addicted,2014,106,"Drama,Thriller",5.2,7640,Drama,addicted
96,2014-10-10,addicted,5000000.0,17390770.0,,2014,unknown,,,,addicted,,,tt3587066,ADDicted,ADDicted,2017,109,Drama,7.2,25,Drama,addicted
3,2013-03-15,spring breakers,5000000.0,14124286.0,31724286.0,2013,A24,14100000.0,17600000.0,2013.0,spring breakers,26724286.0,5.3448572,tt2101441,Spring Breakers,Spring Breakers,2012,94,"Comedy,Crime,Drama",5.3,126504,Comedy,spring breakers
4,2017-06-09,it comes at night,5000000.0,13985117.0,19285117.0,2017,A24,14000000.0,5300000.0,2017.0,it comes at night,14285117.0,2.8570234,tt4695012,It Comes at Night,It Comes at Night,2017,91,"Horror,Mystery",6.2,69039,Horror,it comes at night
12,2017-03-03,before i fall,5000000.0,12241072.0,,2017,unknown,,,,before i fall,,,tt1691916,Before I Fall,Before I Fall,2017,98,"Drama,Fantasy,Mystery",6.4,39282,Drama,before i fall
15,2016-01-29,fifty shades of black,5000000.0,11686940.0,22186940.0,2016,ORF,11700000.0,10500000.0,2016.0,fifty shades of black,17186940.0,3.437388,tt4667094,Fifty Shades of Black,Fifty Shades of Black,2016,92,Comedy,3.5,17189,Comedy,fifty shades of black
21,2017-03-17,the belko experiment,5000000.0,10166820.0,,2017,unknown,,,,the belko experiment,,,tt1082807,The Belko Experiment,The Belko Experiment,2016,89,"Horror,Thriller",6.1,38378,Horror,the belko experiment
22,2016-03-11,the perfect match,5000000.0,9669521.0,10414521.0,2016,LGF,9700000.0,745000.0,2016.0,the perfect match,5414521.0,1.0829042,tt4871980,The Perfect Match,The Perfect Match,2016,96,"Comedy,Romance",4.9,3052,Comedy,the perfect match
28,2001-04-27,the forsaken,5000000.0,6755271.0,,2001,unknown,,,,the forsaken,,,tt5124556,The Forsaken,The Forsaken,2015,86,"Drama,Horror,Thriller",6.3,14,Drama,the forsaken
29,2018-09-21,fahrenheit 11/9,5000000.0,6352306.0,,2018,unknown,,,,fahrenheit 11/9,,,tt8632862,Fahrenheit 11/9,Fahrenheit 11/9,2018,128,Documentary,6.7,11628,Documentary,fahrenheit 11/9
31,2010-05-28,sea rex 3d: journey to a prehistoric world,5000000.0,6096582.0,15996582.0,2010,3D,6100000.0,9900000.0,2010.0,sea rex 3d: journey to a prehistoric world,10996582.0,2.1993164,tt1529567,Sea Rex 3D: Journey to a Prehistoric World,Sea Rex 3D: Journey to a Prehistoric World,2010,41,Documentary,6.9,364,Documentary,sea rex 3d: journey to a prehistoric world
38,2015-09-11,90 minutes in heaven,5000000.0,4816142.0,,2015,unknown,,,,90 minutes in heaven,,,tt4337690,90 Minutes in Heaven,90 Minutes in Heaven,2015,121,Drama,4.8,3105,Drama,90 minutes in heaven
39,2016-12-02,incarnate,5000000.0,4799774.0,6299774.0,2016,BH Tilt,4800000.0,1500000.0,2016.0,incarnate,1299774.0,0.2599548,tt3216348,Incarnate,Incarnate,2016,91,"Horror,Thriller",5.3,10217,Horror,incarnate
45,2017-03-03,table 19,5000000.0,3614896.0,5014896.0,2017,FoxS,3600000.0,1400000.0,2017.0,table 19,14896.0,0.0029792,tt1412528,Table 19,Table 19,2017,87,"Comedy,Drama,Romance",5.8,22751,Comedy,table 19
46,2016-04-15,green room,5000000.0,3220371.0,,2016,unknown,,,,green room,,,tt4062536,Green Room,Green Room,2015,95,"Horror,Music,Thriller",7.0,90773,Horror,green room
47,2018-03-09,thoroughbreds,5000000.0,3072605.0,,2018,unknown,,,,thoroughbreds,,,tt5649108,Thoroughbreds,Thoroughbreds,2017,92,"Comedy,Crime,Drama",6.7,25098,Comedy,thoroughbreds
49,2016-03-04,the other side of the door,5000000.0,3000342.0,14300342.0,2016,Fox,3000000.0,11300000.0,2016.0,the other side of the door,9300342.0,1.8600684,tt3566920,The Other Side of the Door,The Other Side of the Door,2014,90,Drama,3.8,5,Drama,the other side of the door
49,2016-03-04,the other side of the door,5000000.0,3000342.0,14300342.0,2016,Fox,3000000.0,11300000.0,2016.0,the other side of the door,9300342.0,1.8600684,tt3702652,The Other Side of the Door,The Other Side of the Door,2016,96,Horror,5.3,15813,Horror,the other side of the door
50,2011-05-13,everything must go,5000000.0,2712131.0,,2011,unknown,,,,everything must go,,,tt1531663,Everything Must Go,Everything Must Go,2010,97,"Comedy,Drama",6.4,45799,Comedy,everything must go
51,2014-10-10,kill the messenger,5000000.0,2450846.0,,2014,unknown,,,,kill the messenger,,,tt1216491,Kill the Messenger,Kill the Messenger,2014,112,"Biography,Crime,Drama",7.0,41231,Biography,kill the messenger
52,2010-12-17,rabbit hole,5000000.0,2229058.0,5129058.0,2010,LGF,2200000.0,2900000.0,2010.0,rabbit hole,129058.0,0.0258116,tt0935075,Rabbit Hole,Rabbit Hole,2010,91,Drama,7.0,45357,Drama,rabbit hole
53,2015-10-23,jem and the holograms,5000000.0,2184640.0,2333640.0,2015,Uni.,2200000.0,149000.0,2015.0,jem and the holograms,-2666360.0,-0.533272,tt3614530,Jem and the Holograms,Jem and the Holograms,2015,118,"Adventure,Drama,Family",4.1,6683,Adventure,jem and the holograms
54,2016-12-28,paterson,5000000.0,2141423.0,,2016,unknown,,,,paterson,,,tt5247022,Paterson,Paterson,2016,118,"Comedy,Drama,Romance",7.4,55285,Comedy,paterson
60,2014-09-12,atlas shrugged: who is john galt?,5000000.0,851690.0,,2014,unknown,,,,atlas shrugged: who is john galt?,,,tt2800038,Atlas Shrugged: Who Is John Galt?,Atlas Shrugged: Part III,2014,99,"Drama,Mystery,Sci-Fi",4.4,2661,Drama,atlas shrugged: who is john galt?
64,2013-08-16,ain't them bodies saints,5000000.0,391611.0,1026611.0,2013,IFC,397000.0,635000.0,2013.0,ain't them bodies saints,-3973389.0,-0.7946778,tt2388637,Ain't Them Bodies Saints,Ain't Them Bodies Saints,2013,96,"Crime,Drama,Romance",6.4,19464,Crime,ain't them bodies saints
66,2014-09-26,jimi: all is by my side,5000000.0,340911.0,,2014,unknown,,,,jimi: all is by my side,,,tt2402085,Jimi: All Is by My Side,Jimi: All Is by My Side,2013,118,"Biography,Drama,Music",5.7,5726,Biography,jimi: all is by my side
71,2015-08-07,cop car,5000000.0,134552.0,,2015,unknown,,,,cop car,,,tt3813310,Cop Car,Cop Car,2015,88,"Crime,Thriller",6.3,27081,Crime,cop car
76,2008-05-30,stuck,5000000.0,67505.0,,2008,unknown,,,,stuck,,,tt2369331,Stuck,Stuck,2013,90,Documentary,7.4,141,Documentary,stuck
76,2008-05-30,stuck,5000000.0,67505.0,,2008,unknown,,,,stuck,,,tt3696610,Stuck,Stuck,2017,90,"Drama,Musical",6.2,200,Drama,stuck
76,2008-05-30,stuck,5000000.0,67505.0,,2008,unknown,,,,stuck,,,tt3776292,Stuck,Stuck,2015,85,"Comedy,Drama",8.8,5,Comedy,stuck
76,2008-05-30,stuck,5000000.0,67505.0,,2008,unknown,,,,stuck,,,tt5564792,Stuck,Stuck,2018,100,Comedy,6.6,28,Comedy,stuck
78,2014-10-17,rudderless,5000000.0,56001.0,,2014,unknown,,,,rudderless,,,tt1798243,Rudderless,Rudderless,2014,105,"Comedy,Drama,Music",7.5,16303,Comedy,rudderless
80,2009-08-14,grace,5000000.0,8297.0,,2009,unknown,,,,grace,,,tt1555814,Grace,Grace,2011,98,"Crime,Drama,Horror",6.5,19,Crime,grace
80,2009-08-14,grace,5000000.0,8297.0,,2009,unknown,,,,grace,,,tt2963344,Grace,Grace,2014,95,Drama,6.0,176,Drama,grace
80,2009-08-14,grace,5000000.0,8297.0,,2009,unknown,,,,grace,,,tt6163142,Grace,Grace,2018,90,"Comedy,Crime,Romance",7.3,52,Comedy,grace
81,2015-05-15,area 51,5000000.0,7556.0,,2015,unknown,,,,area 51,,,tt1519461,Area 51,Area 51,2015,91,"Horror,Sci-Fi,Thriller",4.2,11537,Horror,area 51
84,2008-12-31,the cottage,5000000.0,0.0,,2008,unknown,,,,the cottage,,,tt1977941,The Cottage,The Cottage,2012,88,"Drama,Horror,Thriller",4.8,1016,Drama,the cottage
85,2014-12-05,dying of the light,5000000.0,0.0,,2014,unknown,,,,dying of the light,,,tt1274586,Dying of the Light,Dying of the Light,2014,94,"Drama,Thriller",4.4,8888,Drama,dying of the light
86,2016-09-02,yoga hosers,5000000.0,0.0,,2016,unknown,,,,yoga hosers,,,tt3838992,Yoga Hosers,Yoga Hosers,2016,88,"Action,Comedy,Fantasy",4.3,10483,Action,yoga hosers
90,2014-11-21,reach me,5000000.0,0.0,,2014,unknown,,,,reach me,,,tt0959306,Reach Me,Reach Me,2014,95,"Comedy,Crime,Drama",4.9,2304,Comedy,reach me
91,2014-08-18,henry & me,5000000.0,0.0,,2014,unknown,,,,henry & me,,,tt1460798,Henry & Me,Henry & Me,2014,67,"Animation,Family",6.2,132,Animation,henry & me
92,2015-01-27,born of war,5000000.0,0.0,,2015,unknown,,,,born of war,,,tt1554921,Born of War,Born of War,2014,109,"Action,Drama,Thriller",4.4,333,Action,born of war
93,2015-01-09,let's kill ward's wife,5000000.0,0.0,,2015,unknown,,,,let's kill ward's wife,,,tt2980708,Let's Kill Ward's Wife,Let's Kill Ward's Wife,2014,82,"Comedy,Crime",5.4,5164,Comedy,let's kill ward's wife
99,2016-03-15,the hatching,5000000.0,0.0,,2016,unknown,,,,the hatching,,,tt2938464,The Hatching,The Hatching,2017,90,"Action,Adventure,Comedy",4.0,662,Action,the hatching
100,2015-10-27,running forever,5000000.0,0.0,,2015,unknown,,,,running forever,,,tt4453560,Running Forever,Running Forever,2015,88,Family,5.8,23,Family,running forever
1,2015-01-23,mommy,4900000.0,3498695.0,,2015,unknown,,,,mommy,,,tt3612616,Mommy,Mommy,2014,139,Drama,8.1,43020,Drama,mommy
4,2012-08-17,the awakening,4900000.0,95933.0,,2012,unknown,,,,the awakening,,,tt1373405,The Awakening,The Awakening,2010,83,"Horror,Thriller",2.4,141,Horror,the awakening
4,2012-08-17,the awakening,4900000.0,95933.0,,2012,unknown,,,,the awakening,,,tt1687901,The Awakening,The Awakening,2011,102,"Horror,Thriller",6.5,60215,Horror,the awakening
7,2006-01-06,hostel,4800000.0,47326473.0,,2006,unknown,,,,hostel,,,tt1825801,Hostel,Hostel,2011,111,"Action,Crime,Drama",5.1,513,Action,hostel
7,2006-01-06,hostel,4800000.0,47326473.0,,2006,unknown,,,,hostel,,,tt6501192,Hostel,Hostel,2013,135,Drama,6.4,24,Drama,hostel
8,2013-07-19,only god forgives,4800000.0,775849.0,10675849.0,2013,RTWC,779000.0,9900000.0,2013.0,only god forgives,5875849.0,1.2241352083333332,tt1602613,Only God Forgives,Only God Forgives,2013,90,"Crime,Drama",5.7,100318,Crime,only god forgives
9,2011-09-30,take shelter,4750000.0,1728953.0,3128953.0,2011,SPC,1700000.0,1400000.0,2011.0,take shelter,-1621047.0,-0.3412730526315789,tt1675192,Take Shelter,Take Shelter,2011,121,"Drama,Horror,Thriller",7.4,83200,Drama,take shelter
14,2011-12-31,without men,4700000.0,0.0,,2011,unknown,,,,without men,,,tt1547090,Without Men,Without Men,2011,87,Comedy,3.3,1576,Comedy,without men
15,2015-03-10,treading water,4700000.0,0.0,,2015,unknown,,,,treading water,,,tt2091427,Treading Water,The Boy Who Smells Like Fish,2013,92,"Comedy,Drama",6.2,515,Comedy,treading water
18,2012-09-14,barfi,4600000.0,2804874.0,,2012,unknown,,,,barfi,,,tt3099638,Barfi,Barfi,2013,105,"Comedy,Romance",6.5,114,Comedy,barfi
23,2007-10-19,out of the blue,4600000.0,728.0,,2007,unknown,,,,out of the blue,,,tt2751576,Out of the Blue,Buongiorno papà,2013,108,"Comedy,Drama",6.2,760,Comedy,out of the blue
31,1956-06-27,moby dick,4500000.0,10400000.0,,1956,unknown,,,,moby dick,,,tt1984208,Moby Dick,Mo-bi-dik,2011,112,Action,6.4,295,Action,moby dick
32,2016-03-25,the lobster,4500000.0,9196278.0,,2016,unknown,,,,the lobster,,,tt3464902,The Lobster,The Lobster,2015,119,"Comedy,Drama,Romance",7.1,182622,Comedy,the lobster
33,1996-10-04,bound,4500000.0,3802260.0,,1996,unknown,,,,bound,,,tt4145324,Bound,Bound,2015,91,"Drama,Thriller",3.5,1931,Drama,bound
46,2011-10-07,blackthorn,4500000.0,200558.0,623558.0,2011,Magn.,201000.0,423000.0,2011.0,blackthorn,-3876442.0,-0.8614315555555555,tt1629705,Blackthorn,Blackthorn,2011,102,"Action,Adventure,Western",6.6,8553,Action,blackthorn
47,2015-05-08,maggie,4500000.0,187112.0,,2015,unknown,,,,maggie,,,tt1881002,Maggie,Maggie,2015,95,"Drama,Horror",5.6,38671,Drama,maggie
47,2015-05-08,maggie,4500000.0,187112.0,,2015,unknown,,,,maggie,,,tt9000062,Maggie,Maggie,2018,88,Drama,6.4,16,Drama,maggie
53,2013-03-01,the sweeney,4500000.0,26345.0,6326345.0,2013,EOne,26700.0,6300000.0,2013.0,the sweeney,1826345.0,0.40585444444444446,tt0857190,The Sweeney,The Sweeney,2012,112,"Action,Crime,Drama",6.1,18095,Action,the sweeney
54,2014-09-04,falcon rising,4500000.0,11774.0,,2014,unknown,,,,falcon rising,,,tt2295722,Falcon Rising,Falcon Rising,2014,103,"Action,Adventure",5.8,6955,Action,falcon rising
55,2013-06-25,hansel & gretel get baked,4500000.0,0.0,,2013,unknown,,,,hansel & gretel get baked,,,tt2081194,Hansel & Gretel Get Baked,Hansel & Gretel Get Baked,2013,86,"Comedy,Horror",4.3,3225,Comedy,hansel & gretel get baked
56,2014-11-07,fugly,4500000.0,0.0,,2014,unknown,,,,fugly,,,tt3683702,Fugly,Fugly,2014,134,"Drama,Thriller",4.7,920,Drama,fugly
57,2015-08-28,zipper,4500000.0,0.0,,2015,unknown,,,,zipper,,,tt3346224,Zipper,Zipper,2015,112,"Drama,Thriller",5.8,6120,Drama,zipper
58,2015-11-03,the final girls,4500000.0,0.0,,2015,unknown,,,,the final girls,,,tt2118624,The Final Girls,The Final Girls,2015,88,"Comedy,Drama,Fantasy",6.6,30219,Comedy,the final girls
58,2015-11-03,the final girls,4500000.0,0.0,,2015,unknown,,,,the final girls,,,tt7011980,The Final Girls,The Final Girls,2018,45,"Comedy,Horror",5.4,5,Comedy,the final girls
59,2017-12-01,daisy winters,4500000.0,0.0,,2017,unknown,,,,daisy winters,,,tt3702088,Daisy Winters,Daisy Winters,2017,90,Drama,6.8,68,Drama,daisy winters
64,2014-06-06,anna,4357373.0,0.0,,2014,unknown,,,,anna,,,tt1715336,Anna,Anna,2013,99,"Drama,Mystery,Sci-Fi",6.5,19733,Drama,anna
64,2014-06-06,anna,4357373.0,0.0,,2014,unknown,,,,anna,,,tt3673036,Anna,Anna,2015,96,Drama,6.8,106,Drama,anna
64,2014-06-06,anna,4357373.0,0.0,,2014,unknown,,,,anna,,,tt3872918,Anna,Anna,2015,109,"Crime,Drama,Thriller",5.6,88,Crime,anna
64,2014-06-06,anna,4357373.0,0.0,,2014,unknown,,,,anna,,,tt4898888,Anna,Per amor vostro,2015,110,Drama,6.3,285,Drama,anna
64,2014-06-06,anna,4357373.0,0.0,,2014,unknown,,,,anna,,,tt6118134,Anna,Anna,2016,142,Biography,5.0,37,Biography,anna
64,2014-06-06,anna,4357373.0,0.0,,2014,unknown,,,,anna,,,tt6427854,Anna,Anna,2017,97,Horror,2.4,341,Horror,anna
69,1990-10-19,night of the living dead,4200000.0,5835247.0,,1990,unknown,,,,night of the living dead,,,tt3393372,Night of the Living Dead,Night of the Living Dead,2014,79,Horror,5.3,277,Horror,night of the living dead
77,1968-10-01,night of the living dead,114000.0,12087064.0,,1968,unknown,,,,night of the living dead,,,tt3393372,Night of the Living Dead,Night of the Living Dead,2014,79,Horror,5.3,277,Horror,night of the living dead
71,2010-08-13,animal kingdom,4200000.0,1044039.0,6744039.0,2010,SPC,1000000.0,5700000.0,2010.0,animal kingdom,2544039.0,0.6057235714285715,tt1313092,Animal Kingdom,Animal Kingdom,2010,113,"Crime,Drama",7.3,51576,Crime,animal kingdom
73,2011-10-21,cargo,4200000.0,0.0,,2011,unknown,,,,cargo,,,tt1507261,Cargo,Cargo,2011,85,Drama,5.2,454,Drama,cargo
73,2011-10-21,cargo,4200000.0,0.0,,2011,unknown,,,,cargo,,,tt3860916,Cargo,Cargo,2017,105,"Drama,Horror,Sci-Fi",6.3,27339,Drama,cargo
73,2011-10-21,cargo,4200000.0,0.0,,2011,unknown,,,,cargo,,,tt5207838,Cargo,Cargo,2017,112,Drama,7.9,33,Drama,cargo
73,2011-10-21,cargo,4200000.0,0.0,,2011,unknown,,,,cargo,,,tt5492502,Cargo,Cargo,2017,91,Drama,6.4,309,Drama,cargo
73,2011-10-21,cargo,4200000.0,0.0,,2011,unknown,,,,cargo,,,tt6680792,CarGo,CarGo,2017,96,"Adventure,Animation,Family",3.5,395,Adventure,cargo
81,2015-01-23,the boy next door,4000000.0,36006065.0,53006065.0,2015,Uni.,35400000.0,17000000.0,2015.0,the boy next door,49006065.0,12.25151625,tt3181822,The Boy Next Door,The Boy Next Door,2015,91,"Horror,Thriller",4.7,34816,Horror,the boy next door
85,2014-07-11,boyhood,4000000.0,25379975.0,44479975.0,2014,IFC,25400000.0,19100000.0,2014.0,boyhood,40479975.0,10.11999375,tt1065073,Boyhood,Boyhood,2014,165,Drama,7.9,315584,Drama,boyhood
86,1960-12-15,exodus,4000000.0,21750000.0,,1960,unknown,,,,exodus,,,tt1764565,Exodus,Exodus Where I Come from Is Disappearing,2017,105,Documentary,7.2,27,Documentary,exodus
86,1960-12-15,exodus,4000000.0,21750000.0,,1960,unknown,,,,exodus,,,tt3006856,Exodus,Exodus,2013,74,Sci-Fi,7.0,6,Sci-Fi,exodus
87,2010-07-09,the kids are all right,4000000.0,20811365.0,34711365.0,2010,Focus,20800000.0,13900000.0,2010.0,the kids are all right,30711365.0,7.67784125,tt0842926,The Kids Are All Right,The Kids Are All Right,2010,106,"Comedy,Drama,Romance",7.0,120656,Comedy,the kids are all right
89,2014-04-18,a haunted house 2,4000000.0,17329487.0,23929487.0,2014,ORF,17300000.0,6600000.0,2014.0,a haunted house 2,19929487.0,4.98237175,tt2828996,A Haunted House 2,A Haunted House 2,2014,86,"Comedy,Fantasy",4.7,18085,Comedy,a haunted house 2
90,2013-03-01,the last exorcism part ii,4000000.0,15179303.0,,2013,unknown,,,,the last exorcism part ii,,,tt2034139,The Last Exorcism Part II,The Last Exorcism Part II,2013,88,"Drama,Horror,Thriller",4.0,15124,Drama,the last exorcism part ii
95,2000-08-04,saving grace,4000000.0,12178602.0,,2000,unknown,,,,saving grace,,,tt1691149,Saving Grace,Saving Grace,2010,85,"Crime,Drama,Horror",5.6,56,Crime,saving grace
98,2016-05-13,the darkness,4000000.0,10753574.0,,2016,unknown,,,,the darkness,,,tt1878841,The Darkness,The Darkness,2016,92,"Horror,Thriller",4.4,12435,Horror,the darkness
98,2016-05-13,the darkness,4000000.0,10753574.0,,2016,unknown,,,,the darkness,,,tt4935746,The Darkness,Las tinieblas,2016,92,Thriller,5.7,196,Thriller,the darkness
2,2008-04-11,the visitor,4000000.0,9427026.0,,2008,unknown,,,,the visitor,,,tt1883160,The Visitor,Cibrâil,2011,70,"Drama,Romance",5.1,467,Drama,the visitor
2,2008-04-11,the visitor,4000000.0,9427026.0,,2008,unknown,,,,the visitor,,,tt3545626,The Visitor,The Visitor,2014,74,"Adventure,Documentary,Drama",6.0,6,Adventure,the visitor
2,2008-04-11,the visitor,4000000.0,9427026.0,,2008,unknown,,,,the visitor,,,tt4938930,The Visitor,Misafir,2015,127,"Drama,Family,Mystery",4.6,58,Drama,the visitor
2,2008-04-11,the visitor,4000000.0,9427026.0,,2008,unknown,,,,the visitor,,,tt5085588,The Visitor,The Visitor,2016,119,"Drama,Horror,Thriller",6.7,67,Drama,the visitor
8,2007-05-25,bug,4000000.0,7006708.0,,2007,unknown,,,,bug,,,tt3749926,Bug,Bug,2017,95,"Drama,Mystery,Thriller",4.6,39,Drama,bug
18,2012-08-24,samsara,4000000.0,2672413.0,,2012,unknown,,,,samsara,,,tt0770802,Samsara,Samsara,2011,102,"Documentary,Music",8.5,29725,Documentary,samsara
20,2011-06-17,the art of getting by,4000000.0,1430241.0,,2011,unknown,,,,the art of getting by,,,tt1645080,The Art of Getting By,The Art of Getting By,2011,83,"Drama,Romance",6.6,53682,Drama,the art of getting by
22,2011-09-23,red state,4000000.0,1065429.0,,2011,unknown,,,,red state,,,tt0873886,Red State,Red State,2011,88,"Action,Crime,Horror",6.2,59266,Action,red state
25,2012-10-17,holy motors,4000000.0,641054.0,,2012,unknown,,,,holy motors,,,tt2076220,Holy Motors,Holy Motors,2012,115,"Drama,Fantasy",7.1,36874,Drama,holy motors
26,2014-06-13,the signal,4000000.0,600896.0,,2014,unknown,,,,the signal,,,tt2910814,The Signal,The Signal,2014,97,"Drama,Mystery,Sci-Fi",6.1,58407,Drama,the signal
19,2008-02-22,the signal,50000.0,251150.0,,2008,unknown,,,,the signal,,,tt2910814,The Signal,The Signal,2014,97,"Drama,Mystery,Sci-Fi",6.1,58407,Drama,the signal
29,2014-03-07,the face of love,4000000.0,385069.0,,2014,unknown,,,,the face of love,,,tt1839642,The Face of Love,The Face of Love,2013,92,"Drama,Mystery,Romance",6.2,4710,Drama,the face of love
30,2014-04-11,joe,4000000.0,373375.0,,2014,unknown,,,,joe,,,tt2382396,Joe,Joe,2013,117,"Crime,Drama",6.9,42825,Crime,joe
35,2019-06-07,late night,4000000.0,246305.0,,2019,unknown,,,,late night,,,tt6107548,Late Night,Late Night,2019,102,"Comedy,Drama",5.9,953,Comedy,late night
38,2015-04-10,desert dancer,4000000.0,155271.0,,2015,unknown,,,,desert dancer,,,tt2403393,Desert Dancer,Desert Dancer,2014,104,"Biography,Drama,Music",6.2,1653,Biography,desert dancer
41,2015-06-19,manglehorn,4000000.0,132270.0,,2015,unknown,,,,manglehorn,,,tt2893490,Manglehorn,Manglehorn,2014,97,Drama,5.6,6564,Drama,manglehorn
43,2011-04-01,trust,4000000.0,120016.0,,2011,unknown,,,,trust,,,tt1529572,Trust,Trust,2010,106,"Crime,Drama,Thriller",6.9,39422,Crime,trust
43,2011-04-01,trust,4000000.0,120016.0,,2011,unknown,,,,trust,,,tt5541186,Trust,Trust,2018,92,Drama,7.3,10,Drama,trust
43,2011-04-01,trust,4000000.0,120016.0,,2011,unknown,,,,trust,,,tt8779022,Trust,Trust,2018,100,"Crime,Drama",6.4,30,Crime,trust
47,2011-04-22,stake land,4000000.0,33245.0,,2011,unknown,,,,stake land,,,tt1464580,Stake Land,Stake Land,2010,98,"Drama,Horror,Sci-Fi",6.5,38749,Drama,stake land
49,2002-12-27,sonny,4000000.0,17639.0,,2002,unknown,,,,sonny,,,tt1599354,Sonny,Synok,2010,90,Drama,6.3,47,Drama,sonny
51,2014-04-18,13 sins,4000000.0,9134.0,,2014,unknown,,,,13 sins,,,tt2059171,13 Sins,13 Sins,2014,93,"Horror,Thriller",6.3,29550,Horror,13 sins
52,2011-11-18,another happy day,4000000.0,9120.0,356120.0,2011,P4,8500.0,347000.0,2011.0,another happy day,-3643880.0,-0.91097,tt1719071,Another Happy Day,Another Happy Day,2011,119,"Comedy,Drama",6.0,3793,Comedy,another happy day
53,2013-02-22,inescapable,4000000.0,4327.0,,2013,unknown,,,,inescapable,,,tt1844203,Inescapable,Inescapable,2012,93,"Action,Drama,Mystery",5.2,2410,Action,inescapable
54,2017-12-31,perfectos desconocidos,4000000.0,0.0,,2017,unknown,,,,perfectos desconocidos,,,tt8580348,Perfectos desconocidos,Perfectos desconocidos,2018,97,Comedy,6.7,702,Comedy,perfectos desconocidos
56,2012-03-20,a lonely place to die,4000000.0,0.0,,2012,unknown,,,,a lonely place to die,,,tt1422136,A Lonely Place to Die,A Lonely Place to Die,2011,99,"Adventure,Crime,Thriller",6.3,25547,Adventure,a lonely place to die
57,2003-12-31,nothing,4000000.0,0.0,,2003,unknown,,,,nothing,,,tt1844678,Nothing,Hich,2010,84,"Comedy,Drama",7.0,903,Comedy,nothing
57,2003-12-31,nothing,4000000.0,0.0,,2003,unknown,,,,nothing,,,tt6512568,Nothing,Nothing,2017,46,Drama,7.4,23,Drama,nothing
62,2012-11-09,replicas,4000000.0,0.0,,2012,unknown,,,,replicas,,,tt4154916,Replicas,Replicas,2018,107,"Drama,Sci-Fi,Thriller",5.4,17336,Drama,replicas
64,2015-12-31,the veil,4000000.0,0.0,,2015,unknown,,,,the veil,,,tt3343868,The Veil,The Veil,2017,93,"Action,Adventure,Sci-Fi",3.5,1236,Action,the veil
64,2015-12-31,the veil,4000000.0,0.0,,2015,unknown,,,,the veil,,,tt3533916,The Veil,The Veil,2016,93,Horror,4.8,6895,Horror,the veil
65,2014-07-11,the perfect wave,4000000.0,0.0,,2014,unknown,,,,the perfect wave,,,tt2414822,The Perfect Wave,The Perfect Wave,2014,94,"Adventure,Biography,Drama",4.8,1015,Adventure,the perfect wave
67,2015-09-08,chain of command,4000000.0,0.0,,2015,unknown,,,,chain of command,,,tt4340720,Chain of Command,Echo Effect,2015,88,"Action,Thriller",3.5,1189,Action,chain of command
79,2010-11-05,four lions,3750000.0,310007.0,4710007.0,2010,Drft.,305000.0,4400000.0,2010.0,four lions,960007.0,0.2560018666666667,tt1341167,Four Lions,Four Lions,2010,97,"Comedy,Crime,Drama",7.3,66209,Comedy,four lions
91,2018-04-13,truth or dare,3500000.0,41411015.0,95311015.0,2018,Uni.,41400000.0,53900000.0,2018.0,truth or dare,91811015.0,26.231718571428573,tt2125681,Truth or Dare,Truth or Dare,2013,85,"Horror,Romance,Thriller",6.0,14,Horror,truth or dare
91,2018-04-13,truth or dare,3500000.0,41411015.0,95311015.0,2018,Uni.,41400000.0,53900000.0,2018.0,truth or dare,91811015.0,26.231718571428573,tt2321661,Truth or Dare,Zhen Xin Hua Da Mao Xian,2012,100,"Comedy,Romance",5.0,10,Comedy,truth or dare
91,2018-04-13,truth or dare,3500000.0,41411015.0,95311015.0,2018,Uni.,41400000.0,53900000.0,2018.0,truth or dare,91811015.0,26.231718571428573,tt2762738,Truth or Dare,Truth or Dare,2013,84,"Horror,Thriller",4.8,554,Horror,truth or dare
91,2018-04-13,truth or dare,3500000.0,41411015.0,95311015.0,2018,Uni.,41400000.0,53900000.0,2018.0,truth or dare,91811015.0,26.231718571428573,tt5944422,Truth or Dare,Verdad o Reto,2016,90,"Drama,Romance",6.8,12,Drama,truth or dare
91,2018-04-13,truth or dare,3500000.0,41411015.0,95311015.0,2018,Uni.,41400000.0,53900000.0,2018.0,truth or dare,91811015.0,26.231718571428573,tt6772950,Truth or Dare,Truth or Dare,2018,100,"Horror,Thriller",5.2,33621,Horror,truth or dare
93,1995-04-26,friday,3500000.0,27467564.0,,1995,unknown,,,,friday,,,tt2344824,Friday,Friday,2012,117,Family,5.9,193,Family,friday
94,2016-02-19,the witch,3500000.0,25138705.0,40438705.0,2016,A24,25100000.0,15300000.0,2016.0,the witch,36938705.0,10.553915714285715,tt4263482,The Witch,The VVitch: A New-England Folktale,2015,92,"Horror,Mystery",6.8,154278,Horror,the witch
95,2018-02-02,winchester,3500000.0,25091816.0,,2018,unknown,,,,winchester,,,tt1072748,Winchester,Winchester,2018,99,"Biography,Drama,Fantasy",5.4,24351,Biography,winchester
97,2013-02-22,dark skies,3500000.0,17418667.0,26418667.0,2013,W/Dim.,17400000.0,9000000.0,2013.0,dark skies,22918667.0,6.548190571428571,tt2387433,Dark Skies,Dark Skies,2013,97,"Horror,Sci-Fi,Thriller",6.3,65754,Horror,dark skies
98,2018-01-19,forever my girl,3500000.0,16376066.0,,2018,unknown,,,,forever my girl,,,tt4103724,Forever My Girl,Forever My Girl,2018,108,"Drama,Music,Romance",6.7,10316,Drama,forever my girl
2,1972-06-21,frenzy,3500000.0,12600000.0,,1972,unknown,,,,frenzy,,,tt4236994,Frenzy,Frenzy,2015,90,Thriller,8.1,16,Thriller,frenzy
2,1972-06-21,frenzy,3500000.0,12600000.0,,1972,unknown,,,,frenzy,,,tt4895740,Frenzy,Abluka,2015,119,Drama,7.4,2528,Drama,frenzy
5,1996-08-23,she's the one,3500000.0,9482579.0,,1996,unknown,,,,she's the one,,,tt3264438,She's the One,She's the One,2013,110,"Drama,Romance",6.7,127,Drama,she's the one
11,2018-05-18,first reformed,3500000.0,3448256.0,,2018,unknown,,,,first reformed,,,tt6053438,First Reformed,First Reformed,2017,113,"Drama,Mystery,Thriller",7.1,33542,Drama,first reformed
13,2016-12-02,believe,3500000.0,890303.0,,2016,unknown,,,,believe,,,tt2009606,Believe,Believe,2013,96,"Drama,Sport",5.7,695,Drama,believe
13,2016-12-02,believe,3500000.0,890303.0,,2016,unknown,,,,believe,,,tt4700756,Believe,Believe,2016,119,Drama,5.0,338,Drama,believe
15,2016-09-30,american honey,3500000.0,663247.0,1863247.0,2016,A24,663000.0,1200000.0,2016.0,american honey,-1636753.0,-0.4676437142857143,tt3721936,American Honey,American Honey,2016,163,"Adventure,Drama,Romance",7.0,31663,Adventure,american honey
16,2016-03-18,the bronze,3500000.0,615816.0,,2016,unknown,,,,the bronze,,,tt3859304,The Bronze,The Bronze,2015,100,"Comedy,Drama,Sport",6.0,9043,Comedy,the bronze
19,2016-01-08,the masked saint,3500000.0,182695.0,,2016,unknown,,,,the masked saint,,,tt3103166,The Masked Saint,The Masked Saint,2016,105,"Action,Biography,Crime",4.6,559,Action,the masked saint
22,2016-06-03,time to choose,3500000.0,29233.0,,2016,unknown,,,,time to choose,,,tt5001130,Time to Choose,Time to Choose,2015,100,Documentary,7.5,186,Documentary,time to choose
25,2011-12-31,the kick,3500000.0,0.0,,2011,unknown,,,,the kick,,,tt2020110,The Kick,The Kick,2011,94,"Action,Sport",5.7,780,Action,the kick
27,2006-10-01,the secret,3500000.0,0.0,,2006,unknown,,,,the secret,,,tt3596332,The Secret,Il segreto,2013,89,Documentary,6.3,18,Documentary,the secret
27,2006-10-01,the secret,3500000.0,0.0,,2006,unknown,,,,the secret,,,tt5436486,The Secret,Xiao shi de ai ren,2016,109,"Drama,Mystery,Romance",6.1,76,Drama,the secret
32,2015-06-05,dawn patrol,3500000.0,0.0,,2015,unknown,,,,dawn patrol,,,tt2073661,Dawn Patrol,Stranded,2014,88,"Drama,Thriller",4.8,615,Drama,dawn patrol
34,2015-09-01,lords of london,3440000.0,0.0,,2015,unknown,,,,lords of london,,,tt1800337,Lords of London,Lords of London,2014,90,"Crime,Mystery,Thriller",3.2,703,Crime,lords of london
37,2011-10-21,margin call,3400000.0,5353586.0,19553586.0,2011,RAtt.,5400000.0,14200000.0,2011.0,margin call,16153586.0,4.751054705882353,tt1615147,Margin Call,Margin Call,2011,107,"Drama,Thriller",7.1,107264,Drama,margin call
40,2008-07-11,august,3400000.0,12636.0,,2008,unknown,,,,august,,,tt1753460,August,August,2011,99,"Drama,Romance",5.9,1609,Drama,august
40,2008-07-11,august,3400000.0,12636.0,,2008,unknown,,,,august,,,tt1753773,August,Elokuu,2011,108,Drama,5.3,731,Drama,august
40,2008-07-11,august,3400000.0,12636.0,,2008,unknown,,,,august,,,tt9073702,August,Mordad,2017,72,Drama,4.2,62,Drama,august
41,2015-03-03,to write love on her arms,3400000.0,0.0,,2015,unknown,,,,to write love on her arms,,,tt1850418,To Write Love on Her Arms,To Write Love on Her Arms,2012,102,"Biography,Drama,Fantasy",6.6,2676,Biography,to write love on her arms
43,2014-10-10,whiplash,3300000.0,13092006.0,48992006.0,2014,SPC,13100000.0,35900000.0,2014.0,whiplash,45692006.0,13.846062424242424,tt2582802,Whiplash,Whiplash,2014,106,"Drama,Music",8.5,616916,Drama,whiplash
48,2015-01-20,the opposite sex,3300000.0,0.0,,2015,unknown,,,,the opposite sex,,,tt2796678,The Opposite Sex,The Opposite Sex,2014,97,Comedy,4.6,821,Comedy,the opposite sex
53,1968-06-12,rosemary's baby,3200000.0,33395426.0,,1968,unknown,,,,rosemary's baby,,,tt4876464,Rosemary's Baby,Rosemary's Baby,2015,48,Comedy,7.7,14,Comedy,rosemary's baby
54,2018-07-06,sorry to bother you,3200000.0,17493096.0,,2018,unknown,,,,sorry to bother you,,,tt5688932,Sorry to Bother You,Sorry to Bother You,2018,111,"Comedy,Fantasy,Sci-Fi",7.0,40290,Comedy,sorry to bother you
57,2011-06-03,beginners,3200000.0,5790894.0,14290894.0,2011,Focus,5800000.0,8500000.0,2011.0,beginners,11090894.0,3.465904375,tt1532503,Beginners,Beginners,2010,105,"Comedy,Drama,Romance",7.2,83770,Comedy,beginners
58,2016-04-22,the meddler,3200000.0,4267219.0,,2016,unknown,,,,the meddler,,,tt4501454,The Meddler,The Meddler,2015,103,"Comedy,Drama,Romance",6.3,10629,Comedy,the meddler
59,2009-07-29,adam,3200000.0,2283291.0,,2009,unknown,,,,adam,,,tt10199664,Adam,Adam,2019,98,Drama,6.3,23,Drama,adam
59,2009-07-29,adam,3200000.0,2283291.0,,2009,unknown,,,,adam,,,tt4113020,Adam,Adam,2014,123,Drama,7.8,6,Drama,adam
59,2009-07-29,adam,3200000.0,2283291.0,,2009,unknown,,,,adam,,,tt6316466,Adam,Adam,2019,95,Comedy,6.8,31,Comedy,adam
59,2009-07-29,adam,3200000.0,2283291.0,,2009,unknown,,,,adam,,,tt7076838,Adam,Adam,2018,72,Drama,5.6,57,Drama,adam
63,2013-04-12,antiviral,3100000.0,0.0,,2013,unknown,,,,antiviral,,,tt2099556,Antiviral,Antiviral,2012,108,"Horror,Sci-Fi,Thriller",5.7,11025,Horror,antiviral
65,2010-10-20,paranormal activity 2,3000000.0,84752907.0,177552907.0,2010,Par.,84800000.0,92800000.0,2010.0,paranormal activity 2,174552907.0,58.184302333333335,tt1536044,Paranormal Activity 2,Paranormal Activity 2,2010,91,Horror,5.7,93122,Horror,paranormal activity 2
66,2015-08-28,war room,3000000.0,67790117.0,,2015,unknown,,,,war room,,,tt3832914,War Room,War Room,2015,120,Drama,6.5,11716,Drama,war room
67,2013-06-07,the purge,3000000.0,64473115.0,89373115.0,2013,Uni.,64500000.0,24900000.0,2013.0,the purge,86373115.0,28.791038333333333,tt2184339,The Purge,The Purge,2013,85,"Horror,Thriller",5.7,183549,Horror,the purge
69,2012-10-12,sinister,3000000.0,48086903.0,77686903.0,2012,LG/S,48100000.0,29600000.0,2012.0,sinister,74686903.0,24.895634333333334,tt1922777,Sinister,Sinister,2012,110,"Horror,Mystery,Thriller",6.8,198345,Horror,sinister
72,1978-01-01,coming home,3000000.0,32653000.0,,1978,unknown,,,,coming home,,,tt3008180,Coming Home,Coming Home,2014,86,"Documentary,Drama",6.9,15,Documentary,coming home
72,1978-01-01,coming home,3000000.0,32653000.0,,1978,unknown,,,,coming home,,,tt3125472,Coming Home,Gui lai,2014,109,"Drama,Romance",7.3,4552,Drama,coming home
72,1978-01-01,coming home,3000000.0,32653000.0,,1978,unknown,,,,coming home,,,tt5496554,Coming Home,Coming Home,2017,90,Drama,6.0,9,Drama,coming home
89,2018-06-01,upgrade,3000000.0,11977130.0,14377130.0,2018,BH Tilt,12000000.0,2400000.0,2018.0,upgrade,11377130.0,3.7923766666666667,tt6499752,Upgrade,Upgrade,2018,100,"Action,Sci-Fi,Thriller",7.6,104978,Action,upgrade
97,1948-08-26,red river,3000000.0,9012000.0,,1948,unknown,,,,red river,,,tt1498568,Red River,Red River,2011,77,Horror,2.3,179,Horror,red river
99,2013-05-24,before midnight,3000000.0,8110621.0,11210621.0,2013,SPC,8100000.0,3100000.0,2013.0,before midnight,8210621.0,2.736873666666667,tt2209418,Before Midnight,Before Midnight,2013,109,"Drama,Romance",7.9,123107,Drama,before midnight
1,2009-07-31,the collector,3000000.0,7712114.0,,2009,unknown,,,,the collector,,,tt2879218,The Collector,The Collector,2012,94,"Action,Comedy",7.1,7,Action,the collector
3,2017-10-27,let there be light,3000000.0,7233471.0,,2017,unknown,,,,let there be light,,,tt5804314,Let There Be Light,Let There Be Light,2017,100,Drama,4.8,2179,Drama,let there be light
3,2017-10-27,let there be light,3000000.0,7233471.0,,2017,unknown,,,,let there be light,,,tt6184774,Let There Be Light,Let There Be Light,2017,80,Documentary,6.7,127,Documentary,let there be light
8,2006-04-28,water,3000000.0,5529144.0,,2006,unknown,,,,water,,,tt2390250,Water,Water,2012,120,Drama,7.6,11,Drama,water
10,2016-06-24,swiss army man,3000000.0,4210454.0,,2016,unknown,,,,swiss army man,,,tt4034354,Swiss Army Man,Swiss Army Man,2016,97,"Adventure,Comedy,Drama",7.0,91736,Adventure,swiss army man
14,2013-05-17,frances ha,3000000.0,4067398.0,,2013,unknown,,,,frances ha,,,tt2347569,Frances Ha,Frances Ha,2012,86,"Comedy,Drama,Romance",7.4,60026,Comedy,frances ha
15,2010-04-30,please give,3000000.0,4033574.0,4313574.0,2010,SPC,4000000.0,280000.0,2010.0,please give,1313574.0,0.437858,tt0878835,Please Give,Please Give,2010,87,"Comedy,Drama",6.6,10652,Comedy,please give
21,2016-04-22,compadres,3000000.0,3127773.0,,2016,unknown,,,,compadres,,,tt3367294,Compadres,Compadres,2016,101,"Action,Comedy,Crime",4.7,876,Action,compadres
25,2010-04-09,letters to god,3000000.0,2848587.0,2908887.0,2010,Viv.,2800000.0,60300.0,2010.0,letters to god,-91113.0,-0.030371,tt1462054,Letters to God,Letters to God,2010,110,"Drama,Family",6.3,4443,Drama,letters to god
26,1998-10-16,happiness,3000000.0,2746453.0,,1998,unknown,,,,happiness,,,tt3458776,Happiness,Happiness,2013,80,"Documentary,Drama,Family",7.1,270,Documentary,happiness
26,1998-10-16,happiness,3000000.0,2746453.0,,1998,unknown,,,,happiness,,,tt5424024,Happiness,Happiness,2016,90,Drama,6.3,57,Drama,happiness
26,1998-10-16,happiness,3000000.0,2746453.0,,1998,unknown,,,,happiness,,,tt5805026,Happiness,Hang wan si ngo,2016,111,Drama,7.2,197,Drama,happiness
28,2014-09-19,tusk,3000000.0,1821983.0,,2014,unknown,,,,tusk,,,tt3099498,Tusk,Tusk,2014,102,"Comedy,Drama,Horror",5.3,40827,Comedy,tusk
29,2017-05-12,the wall,3000000.0,1803064.0,4503064.0,2017,RAtt.,1800000.0,2700000.0,2017.0,the wall,1503064.0,0.5010213333333333,tt1455256,The Wall,The Wall,2010,78,Documentary,9.2,8,Documentary,the wall
29,2017-05-12,the wall,3000000.0,1803064.0,4503064.0,2017,RAtt.,1800000.0,2700000.0,2017.0,the wall,1503064.0,0.5010213333333333,tt1745686,The Wall,Die Wand,2012,108,"Drama,Fantasy,Mystery",6.8,5484,Drama,the wall
29,2017-05-12,the wall,3000000.0,1803064.0,4503064.0,2017,RAtt.,1800000.0,2700000.0,2017.0,the wall,1503064.0,0.5010213333333333,tt4218696,The Wall,The Wall,2017,88,"Action,Drama,Thriller",6.2,20391,Action,the wall
29,2017-05-12,the wall,3000000.0,1803064.0,4503064.0,2017,RAtt.,1800000.0,2700000.0,2017.0,the wall,1503064.0,0.5010213333333333,tt6060874,The Wall,The Wall,2016,73,Drama,6.7,12,Drama,the wall
31,2012-04-06,damsels in distress,3000000.0,1007535.0,,2012,unknown,,,,damsels in distress,,,tt1667307,Damsels in Distress,Damsels in Distress,2011,99,"Comedy,Drama,Romance",5.7,8794,Comedy,damsels in distress
32,2005-03-25,oldboy,3000000.0,707391.0,,2005,unknown,,,,oldboy,,,tt1321511,Oldboy,Oldboy,2013,104,"Action,Drama,Mystery",5.8,63231,Action,oldboy
33,2011-05-06,hobo with a shotgun,3000000.0,703372.0,,2011,unknown,,,,hobo with a shotgun,,,tt1640459,Hobo with a Shotgun,Hobo with a Shotgun,2011,86,"Action,Comedy,Horror",6.1,41633,Action,hobo with a shotgun
34,2015-05-08,the d train,3000000.0,669688.0,771688.0,2015,IFC,673000.0,102000.0,2015.0,the d train,-2228312.0,-0.7427706666666667,tt2690138,The D Train,The D Train,2015,101,"Comedy,Drama",5.0,10066,Comedy,the d train
35,2012-09-07,bachelorette,3000000.0,446770.0,11946770.0,2012,RTWC,448000.0,11500000.0,2012.0,bachelorette,8946770.0,2.9822566666666668,tt1920849,Bachelorette,Bachelorette,2012,87,"Comedy,Romance",5.3,43131,Comedy,bachelorette
38,2011-09-09,creature,3000000.0,331000.0,,2011,unknown,,,,creature,,,tt1686018,Creature,Creature,2011,93,Horror,3.7,2723,Horror,creature
38,2011-09-09,creature,3000000.0,331000.0,,2011,unknown,,,,creature,,,tt3619854,Creature,Creature,2014,134,"Action,Horror,Sci-Fi",3.2,1141,Action,creature
39,2016-12-09,the bounce back,3000000.0,321910.0,,2016,unknown,,,,the bounce back,,,tt3253232,The Bounce Back,The Bounce Back,2016,104,"Comedy,Romance",5.0,492,Comedy,the bounce back
40,1996-08-23,freeway,3000000.0,295493.0,,1996,unknown,,,,freeway,,,tt2076384,Freeway,Voie rapide,2011,90,Drama,5.9,48,Drama,freeway
44,2012-03-02,tim and eric's billion dollar movie,3000000.0,201436.0,,2012,unknown,,,,tim and eric's billion dollar movie,,,tt1855401,Tim and Eric's Billion Dollar Movie,Tim and Eric's Billion Dollar Movie,2012,93,Comedy,5.4,9004,Comedy,tim and eric's billion dollar movie
49,2014-08-15,fort mccoy,3000000.0,78948.0,,2014,unknown,,,,fort mccoy,,,tt1282046,Fort McCoy,Fort McCoy,2011,100,"Drama,History,War",5.9,319,Drama,fort mccoy
52,2015-09-04,before we go,3000000.0,37151.0,,2015,unknown,,,,before we go,,,tt0443465,Before We Go,Before We Go,2014,95,"Comedy,Drama,Romance",6.8,45181,Comedy,before we go
52,2015-09-04,before we go,3000000.0,37151.0,,2015,unknown,,,,before we go,,,tt4453750,Before We Go,Before We Go,2014,84,"Documentary,Drama,News",7.0,22,Documentary,before we go
53,2012-01-13,the divide,3000000.0,18000.0,,2012,unknown,,,,the divide,,,tt1535616,The Divide,The Divide,2011,112,"Drama,Horror,Sci-Fi",5.8,33603,Drama,the divide
53,2012-01-13,the divide,3000000.0,18000.0,,2012,unknown,,,,the divide,,,tt2254110,The Divide,The Divide,2015,78,Documentary,6.7,163,Documentary,the divide
56,2017-10-10,demonic,3000000.0,0.0,,2017,unknown,,,,demonic,,,tt1841642,Demonic,Demonic,2015,83,"Horror,Thriller",5.3,12025,Horror,demonic
56,2017-10-10,demonic,3000000.0,0.0,,2017,unknown,,,,demonic,,,tt8816388,Demonic,Demonic,2018,28,Documentary,5.7,7,Documentary,demonic
58,2014-06-27,they came together,3000000.0,0.0,,2014,unknown,,,,they came together,,,tt2398249,They Came Together,They Came Together,2014,83,"Comedy,Romance",5.5,19832,Comedy,they came together
59,2013-05-21,open road,3000000.0,0.0,,2013,unknown,,,,open road,,,tt1922679,Open Road,Open Road,2013,85,"Action,Drama,Thriller",5.5,1619,Action,open road
61,2010-10-01,barry munday,3000000.0,0.0,,2010,unknown,,,,barry munday,,,tt0482461,Barry Munday,Barry Munday,2010,95,"Comedy,Drama,Romance",5.9,3846,Comedy,barry munday
65,2015-12-31,awol-72,3000000.0,0.0,,2015,unknown,,,,awol-72,,,tt2048865,AWOL-72,AWOL-72,2015,82,"Action,Thriller",3.8,785,Action,awol-72
66,2013-01-15,30 nights of paranormal activity with the devil inside the girl with the dragon tattoo,3000000.0,0.0,,2013,unknown,,,,30 nights of paranormal activity with the devil inside the girl with the dragon tattoo,,,tt2417650,30 Nights of Paranormal Activity with the Devil Inside the Girl with the Dragon Tattoo,30 Nights of Paranormal Activity with the Devil Inside the Girl with the Dragon Tattoo,2013,80,Comedy,2.6,3381,Comedy,30 nights of paranormal activity with the devil inside the girl with the dragon tattoo
67,2015-02-06,enter the dangerous mind,3000000.0,0.0,,2015,unknown,,,,enter the dangerous mind,,,tt2229377,Enter the Dangerous Mind,Enter the Dangerous Mind,2013,88,Thriller,5.2,915,Thriller,enter the dangerous mind
68,2015-03-17,something wicked,3000000.0,0.0,,2015,unknown,,,,something wicked,,,tt1327601,Something Wicked,Something Wicked,2014,95,"Drama,Horror,Mystery",4.8,1243,Drama,something wicked
69,1967-09-18,point blank,3000000.0,0.0,8500000.0,1967,Magn.,708000.0,8500000.0,2011.0,point blank,5500000.0,1.8333333333333333,tt1545759,Point Blank,À bout portant,2010,81,"Action,Crime,Drama",6.8,12706,Action,point blank
69,1967-09-18,point blank,3000000.0,0.0,8500000.0,1967,Magn.,708000.0,8500000.0,2011.0,point blank,5500000.0,1.8333333333333333,tt3735086,Point Blank,À Queima Roupa,2015,92,"Crime,Documentary,History",8.2,15,Crime,point blank
72,2015-08-14,amnesiac,3000000.0,0.0,,2015,unknown,,,,amnesiac,,,tt2693114,Amnesiac,Amnesiac,2013,90,"Drama,Horror,Thriller",2.3,104,Drama,amnesiac
72,2015-08-14,amnesiac,3000000.0,0.0,,2015,unknown,,,,amnesiac,,,tt2837336,Amnesiac,Amnesiac,2014,90,"Drama,Horror,Mystery",4.3,3129,Drama,amnesiac
73,2015-12-31,unnatural,3000000.0,0.0,,2015,unknown,,,,unnatural,,,tt3551400,Unnatural,Unnatural,2015,89,"Action,Horror,Sci-Fi",4.0,1590,Action,unnatural
74,2015-12-11,close range,3000000.0,0.0,,2015,unknown,,,,close range,,,tt3511596,Close Range,Close Range,2015,80,"Action,Crime",5.0,3974,Action,close range
80,2010-10-01,freakonomics,2900000.0,101270.0,117670.0,2010,Magn.,101000.0,16400.0,2010.0,freakonomics,-2782330.0,-0.9594241379310345,tt1152822,Freakonomics,Freakonomics,2010,93,Documentary,6.4,6466,Documentary,freakonomics
81,2011-08-19,griff the invisible,2900000.0,20778.0,,2011,unknown,,,,griff the invisible,,,tt1509803,Griff the Invisible,Griff the Invisible,2010,90,"Comedy,Drama,Romance",6.1,4478,Comedy,griff the invisible
93,2018-10-26,indivisible,2700000.0,3511417.0,,2018,unknown,,,,indivisible,,,tt5147828,Indivisible,Indivisible,2017,78,Documentary,7.2,10,Documentary,indivisible
93,2018-10-26,indivisible,2700000.0,3511417.0,,2018,unknown,,,,indivisible,,,tt5259496,Indivisible,Indivisibili,2016,100,Drama,7.1,901,Drama,indivisible
93,2018-10-26,indivisible,2700000.0,3511417.0,,2018,unknown,,,,indivisible,,,tt6512428,Indivisible,Indivisible,2018,119,"Drama,War",5.6,812,Drama,indivisible
95,2015-12-31,sardaar ji,2700000.0,0.0,,2015,unknown,,,,sardaar ji,,,tt4080386,Sardaar Ji,Sardaar Ji,2015,141,"Comedy,Fantasy,Horror",6.5,1182,Comedy,sardaar ji
98,1956-01-12,diane,2660000.0,0.0,,1956,unknown,,,,diane,,,tt3021984,Diane,Diane,2017,82,"Crime,Drama,Horror",4.6,127,Crime,diane
98,1956-01-12,diane,2660000.0,0.0,,1956,unknown,,,,diane,,,tt6705860,Diane,Diane,2018,95,Drama,6.5,389,Drama,diane
3,2014-05-02,ida,2600000.0,3827060.0,,2014,unknown,,,,ida,,,tt2718492,Ida,Ida,2013,82,Drama,7.4,46819,Drama,ida
10,2011-04-01,"fat, sick & nearly dead",2600000.0,0.0,,2011,unknown,,,,"fat, sick & nearly dead",,,tt1227378,"Fat, Sick & Nearly Dead","Fat, Sick & Nearly Dead",2010,97,Documentary,7.6,8164,Documentary,"fat, sick & nearly dead"
12,2013-01-11,a haunted house,2500000.0,40041683.0,60141683.0,2013,ORF,40000000.0,20100000.0,2013.0,a haunted house,57641683.0,23.0566732,tt2243537,A Haunted House,A Haunted House,2013,86,"Comedy,Fantasy",5.1,40308,Comedy,a haunted house
14,2013-07-03,kevin hart: let me explain,2500000.0,32244051.0,32318051.0,2013,LG/S,32200000.0,74000.0,2013.0,kevin hart: let me explain,29818051.0,11.9272204,tt2609912,Kevin Hart: Let Me Explain,Kevin Hart: Let Me Explain,2013,75,"Comedy,Documentary",6.8,7880,Comedy,kevin hart: let me explain
22,2013-08-02,the spectacular now,2500000.0,6852971.0,,2013,unknown,,,,the spectacular now,,,tt1714206,The Spectacular Now,The Spectacular Now,2013,95,"Comedy,Drama,Romance",7.1,133887,Comedy,the spectacular now
24,1995-01-27,before sunrise,2500000.0,5274005.0,,1995,unknown,,,,before sunrise,,,tt4224638,Before Sunrise,Before Sunrise,2014,70,Drama,6.6,16,Drama,before sunrise
25,2016-06-24,hunt for the wilderpeople,2500000.0,5205471.0,,2016,unknown,,,,hunt for the wilderpeople,,,tt4698684,Hunt for the Wilderpeople,Hunt for the Wilderpeople,2016,101,"Adventure,Comedy,Drama",7.9,87532,Adventure,hunt for the wilderpeople
26,2012-08-17,robot & frank,2500000.0,3317468.0,,2012,unknown,,,,robot & frank,,,tt1990314,Robot & Frank,Robot & Frank,2012,89,"Comedy,Crime,Drama",7.1,59229,Comedy,robot & frank
31,2013-03-01,the lost medallion: the adventures of billy stone,2500000.0,549632.0,,2013,unknown,,,,the lost medallion: the adventures of billy stone,,,tt1390539,The Lost Medallion: The Adventures of Billy Stone,The Lost Medallion: The Adventures of Billy Stone,2013,97,"Adventure,Family,Fantasy",4.9,1502,Adventure,the lost medallion: the adventures of billy stone
34,2011-04-01,super,2500000.0,327716.0,,2011,unknown,,,,super,,,tt1512235,Super,Super,2010,96,"Action,Comedy,Drama",6.8,70604,Action,super
34,2011-04-01,super,2500000.0,327716.0,,2011,unknown,,,,super,,,tt1807022,Super,Super,2010,140,Drama,8.1,1869,Drama,super
38,2010-06-18,8: the mormon proposition,2500000.0,100280.0,,2010,unknown,,,,8: the mormon proposition,,,tt1484522,8: The Mormon Proposition,8: The Mormon Proposition,2010,80,Documentary,7.0,1190,Documentary,8: the mormon proposition
41,2013-08-16,underdogs,2500000.0,35017.0,,2013,unknown,,,,underdogs,,,tt1634003,Underdogs,Metegol,2013,106,"Adventure,Animation,Family",6.5,8197,Adventure,underdogs
41,2013-08-16,underdogs,2500000.0,35017.0,,2013,unknown,,,,underdogs,,,tt2123342,Underdogs,Underdogs,2013,102,"Drama,Family,Sport",5.8,882,Drama,underdogs
43,2009-12-31,the calling,2500000.0,0.0,,2009,unknown,,,,the calling,,,tt1666335,The Calling,The Calling,2014,108,"Drama,Thriller",5.8,7350,Drama,the calling
43,2009-12-31,the calling,2500000.0,0.0,,2009,unknown,,,,the calling,,,tt8716236,The Calling,The Calling,2018,46,Biography,6.7,6,Biography,the calling
55,2002-03-01,the calling,160000.0,32092.0,,2002,unknown,,,,the calling,,,tt1666335,The Calling,The Calling,2014,108,"Drama,Thriller",5.8,7350,Drama,the calling
55,2002-03-01,the calling,160000.0,32092.0,,2002,unknown,,,,the calling,,,tt8716236,The Calling,The Calling,2018,46,Biography,6.7,6,Biography,the calling
44,2013-06-21,alien uprising,2500000.0,0.0,,2013,unknown,,,,alien uprising,,,tt2040578,Alien Uprising,U.F.O.,2012,101,"Comedy,Horror,Sci-Fi",3.2,3166,Comedy,alien uprising
45,2010-12-31,christmas mail,2500000.0,0.0,,2010,unknown,,,,christmas mail,,,tt1663628,Christmas Mail,Christmas Mail,2010,89,"Comedy,Drama,Family",5.8,1317,Comedy,christmas mail
46,2015-07-03,stung,2500000.0,0.0,,2015,unknown,,,,stung,,,tt3300572,Stung,Stung,2015,87,"Action,Adventure,Comedy",5.1,4257,Action,stung
48,2015-10-13,8 days,2500000.0,0.0,,2015,unknown,,,,8 days,,,tt3111864,8 Days,8 Days,2014,90,"Drama,Thriller",5.0,102,Drama,8 days
49,2016-09-02,antibirth,2500000.0,0.0,,2016,unknown,,,,antibirth,,,tt3333870,Antibirth,Antibirth,2016,94,Horror,4.9,2759,Horror,antibirth
50,2016-02-02,the rise of the krays,2500000.0,0.0,,2016,unknown,,,,the rise of the krays,,,tt2945796,The Rise of the Krays,The Rise of the Krays,2015,110,"Crime,Drama",5.0,1723,Crime,the rise of the krays
51,2014-12-31,not safe for work,2500000.0,0.0,,2014,unknown,,,,not safe for work,,,tt2226495,Not Safe for Work,Not Safe for Work,2014,74,Thriller,5.8,3864,Thriller,not safe for work
52,2011-05-13,go for it!,2450000.0,180237.0,,2011,unknown,,,,go for it!,,,tt1307926,Go for It!,Go for It!,2011,105,"Drama,Musical",3.9,1072,Drama,go for it!
57,2014-11-14,always woodstock,2400000.0,0.0,,2014,unknown,,,,always woodstock,,,tt1995477,Always Woodstock,There's Always Woodstock,2014,97,"Comedy,Music,Romance",5.4,661,Comedy,always woodstock
60,2015-03-20,do you believe?,2300000.0,12985600.0,14385600.0,2015,PFR,13000000.0,1400000.0,2015.0,do you believe?,12085600.0,5.254608695652174,tt4056738,Do You Believe?,Do You Believe?,2015,120,Drama,6.1,6462,Drama,do you believe?
60,2015-03-20,do you believe?,2300000.0,12985600.0,14385600.0,2015,PFR,13000000.0,1400000.0,2015.0,do you believe?,12085600.0,5.254608695652174,tt6960218,Do You Believe?,Do You Believe?,2017,71,"Fantasy,Horror",3.8,37,Fantasy,do you believe?
63,2014-09-05,frontera,2300000.0,59696.0,,2014,unknown,,,,frontera,,,tt2510028,Frontera,Frontera,2014,103,"Drama,Thriller,Western",6.6,6861,Drama,frontera
64,2011-08-26,redemption road,2300000.0,29384.0,,2011,unknown,,,,redemption road,,,tt1470020,Redemption Road,Redemption Road,2010,95,Drama,5.8,479,Drama,redemption road
66,2016-01-19,eden,2300000.0,0.0,,2016,unknown,,,,eden,,,tt1734433,Eden,Eden,2012,98,"Crime,Drama",6.7,7709,Crime,eden
66,2016-01-19,eden,2300000.0,0.0,,2016,unknown,,,,eden,,,tt2063641,Eden,Eden,2012,101,"Comedy,Drama",6.9,18,Comedy,eden
66,2016-01-19,eden,2300000.0,0.0,,2016,unknown,,,,eden,,,tt3032282,Eden,Eden,2014,90,"Drama,Thriller",4.7,2576,Drama,eden
66,2016-01-19,eden,2300000.0,0.0,,2016,unknown,,,,eden,,,tt3090634,Eden,Eden,2014,131,"Biography,Drama,Music",6.4,3772,Biography,eden
66,2016-01-19,eden,2300000.0,0.0,,2016,unknown,,,,eden,,,tt7539088,Eden,Eden,2019,85,"Crime,Drama",8.0,11,Crime,eden
66,2016-01-19,eden,2300000.0,0.0,,2016,unknown,,,,eden,,,tt9174880,Eden,Eden,2018,97,Drama,6.7,20,Drama,eden
69,1940-11-13,fantasia,2280000.0,83320000.0,,1940,unknown,,,,fantasia,,,tt3591950,Fantasia,Fantasia,2014,86,Drama,5.5,44,Drama,fantasia
79,2001-07-13,bully,2100000.0,881824.0,,2001,unknown,,,,bully,,,tt1682181,Bully,Bully,2011,98,Documentary,7.4,9597,Documentary,bully
79,2001-07-13,bully,2100000.0,881824.0,,2001,unknown,,,,bully,,,tt2353867,Bully,Bully,2012,112,Music,6.3,13,Music,bully
79,2001-07-13,bully,2100000.0,881824.0,,2001,unknown,,,,bully,,,tt4549796,Bully,Bully,2015,102,Drama,7.6,26,Drama,bully
79,2001-07-13,bully,2100000.0,881824.0,,2001,unknown,,,,bully,,,tt5741008,Bully,Bully,2018,83,Comedy,5.7,15,Comedy,bully
79,2001-07-13,bully,2100000.0,881824.0,,2001,unknown,,,,bully,,,tt6949172,Bully,Bully,2017,58,"Drama,Musical",7.9,9,Drama,bully
81,2016-10-16,mi america,2100000.0,3330.0,,2016,unknown,,,,mi america,,,tt2460506,Mi America,Mi America,2015,90,"Crime,Drama",6.5,54,Crime,mi america
83,2012-12-31,infected,2100000.0,0.0,,2012,unknown,,,,infected,,,tt1622991,Infected,Infected,2013,95,"Action,Horror,Sci-Fi",2.8,1028,Action,infected
83,2012-12-31,infected,2100000.0,0.0,,2012,unknown,,,,infected,,,tt1893415,Infected,The Dead Inside,2013,116,"Action,Horror,Sci-Fi",3.8,330,Action,infected
85,2015-10-06,the timber,2100000.0,0.0,,2015,unknown,,,,the timber,,,tt2215673,The Timber,The Timber,2015,81,"Action,Adventure,Drama",4.9,1292,Action,the timber
86,2016-01-19,sharkskin,2100000.0,0.0,,2016,unknown,,,,sharkskin,,,tt2317796,Sharkskin,Sharkskin,2015,100,"Comedy,Drama,Mystery",6.4,24,Comedy,sharkskin
87,2011-09-30,courageous,2000000.0,34522221.0,,2011,unknown,,,,courageous,,,tt1630036,Courageous,Courageous,2011,129,Drama,7.0,17586,Drama,courageous
92,1973-12-17,sleeper,2000000.0,18344729.0,,1973,unknown,,,,sleeper,,,tt1433183,Sleeper,Sleeper,2012,86,"Action,Horror",3.8,118,Action,sleeper
94,2015-03-13,it follows,2000000.0,14674077.0,,2015,unknown,,,,it follows,,,tt3235888,It Follows,It Follows,2014,100,"Horror,Mystery",6.9,182839,Horror,it follows
95,2018-07-13,eighth grade,2000000.0,13539710.0,,2018,unknown,,,,eighth grade,,,tt7014006,Eighth Grade,Eighth Grade,2018,93,"Comedy,Drama",7.5,43256,Comedy,eighth grade
97,2012-03-09,silent house,2000000.0,12739737.0,13086737.0,2012,ORF,12800000.0,347000.0,2012.0,silent house,11086737.0,5.5433685,tt1767382,Silent House,Silent House,2011,86,"Drama,Horror,Mystery",5.3,20831,Drama,silent house
100,2016-04-08,hardcore henry,2000000.0,9252038.0,16852038.0,2016,STX,9300000.0,7600000.0,2016.0,hardcore henry,14852038.0,7.426019,tt3072482,Hardcore Henry,Hardcore Henry,2015,96,"Action,Adventure,Sci-Fi",6.7,78226,Action,hardcore henry
8,2010-06-11,winter's bone,2000000.0,6531503.0,13831503.0,2010,RAtt.,6500000.0,7300000.0,2010.0,winter's bone,11831503.0,5.9157515,tt1399683,Winter's Bone,Winter's Bone,2010,100,"Drama,Mystery",7.2,127751,Drama,winter's bone
9,2014-10-10,meet the mormons,2000000.0,6047363.0,,2014,unknown,,,,meet the mormons,,,tt4003774,Meet the Mormons,Meet the Mormons,2014,78,Documentary,6.9,1897,Documentary,meet the mormons
11,2017-10-06,the florida project,2000000.0,5904366.0,,2017,unknown,,,,the florida project,,,tt5649144,The Florida Project,The Florida Project,2017,111,Drama,7.6,72193,Drama,the florida project
12,2017-08-25,all saints,2000000.0,5802208.0,5942208.0,2017,Affirm,5800000.0,140000.0,2017.0,all saints,3942208.0,1.971104,tt4663548,All Saints,All Saints,2017,108,Drama,6.0,1220,Drama,all saints
15,2003-08-20,thirteen,2000000.0,4601043.0,,2003,unknown,,,,thirteen,,,tt4080028,Thirteen,Sizdah,2014,100,Drama,6.3,535,Drama,thirteen
17,2010-10-08,inside job,2000000.0,4311834.0,7911834.0,2010,SPC,4300000.0,3600000.0,2010.0,inside job,5911834.0,2.955917,tt1645089,Inside Job,Inside Job,2010,109,"Crime,Documentary",8.3,65304,Crime,inside job
20,2015-08-28,we are your friends,2000000.0,3591417.0,11091417.0,2015,WB,3600000.0,7500000.0,2015.0,we are your friends,9091417.0,4.5457085,tt3787590,We Are Your Friends,We Are Your Friends,2015,96,"Drama,Music,Romance",6.2,32327,Drama,we are your friends
23,2015-09-18,captive,2000000.0,2583301.0,,2015,unknown,,,,captive,,,tt1699745,Captive,Captive,2012,120,"Drama,Thriller",6.0,674,Drama,captive
23,2015-09-18,captive,2000000.0,2583301.0,,2015,unknown,,,,captive,,,tt2386203,Captive,Captive,2013,88,"Action,Thriller",3.8,211,Action,captive
23,2015-09-18,captive,2000000.0,2583301.0,,2015,unknown,,,,captive,,,tt3268668,Captive,Captive,2015,97,"Action,Crime,Drama",5.4,6017,Action,captive
25,2018-06-08,hearts beat loud,2000000.0,2386254.0,,2018,unknown,,,,hearts beat loud,,,tt7158430,Hearts Beat Loud,Hearts Beat Loud,2018,97,"Comedy,Drama,Music",6.9,6543,Comedy,hearts beat loud
26,2017-01-20,the resurrection of gavin stone,2000000.0,2303792.0,,2017,unknown,,,,the resurrection of gavin stone,,,tt4902904,The Resurrection of Gavin Stone,The Resurrection of Gavin Stone,2016,91,"Comedy,Drama,Family",6.2,1562,Comedy,the resurrection of gavin stone
30,1993-01-29,nemesis,2000000.0,2001124.0,,1993,unknown,,,,nemesis,,,tt0800353,Nemesis,Nemesis,2010,83,Drama,6.6,67,Drama,nemesis
35,2015-08-07,the diary of a teenage girl,2000000.0,1477002.0,,2015,unknown,,,,the diary of a teenage girl,,,tt3172532,The Diary of a Teenage Girl,The Diary of a Teenage Girl,2015,102,"Comedy,Drama,Romance",6.9,27003,Comedy,the diary of a teenage girl
37,2014-04-25,locke,2000000.0,1370646.0,,2014,unknown,,,,locke,,,tt2692904,Locke,Locke,2013,85,Drama,7.1,120703,Drama,locke
40,2011-04-08,meek's cutoff,2000000.0,977772.0,,2011,unknown,,,,meek's cutoff,,,tt1518812,Meek's Cutoff,Meek's Cutoff,2010,104,"Drama,Western",6.6,10439,Drama,meek's cutoff
41,2014-11-28,the babadook,2000000.0,950792.0,10250792.0,2014,IFC,964000.0,9300000.0,2014.0,the babadook,8250792.0,4.125396,tt2321549,The Babadook,The Babadook,2014,94,"Drama,Horror",6.8,171411,Drama,the babadook
44,2010-09-24,the virginity hit,2000000.0,636706.0,,2010,unknown,,,,the virginity hit,,,tt1695994,The Virginity Hit,The Virginity Hit,2010,86,Comedy,4.6,3696,Comedy,the virginity hit
48,2008-01-18,teeth,2000000.0,347578.0,,2008,unknown,,,,teeth,,,tt7535280,Teeth,Dintii,2017,71,Drama,8.8,25,Drama,teeth
49,1996-07-26,stonewall,2000000.0,304602.0,,1996,unknown,,,,stonewall,,,tt3018070,Stonewall,Stonewall,2015,129,"Drama,History",5.1,3011,Drama,stonewall
51,2015-02-13,the last five years,2000000.0,147299.0,,2015,unknown,,,,the last five years,,,tt2474024,The Last Five Years,The Last Five Years,2014,94,"Comedy,Drama,Musical",5.9,8735,Comedy,the last five years
57,2014-09-19,pump,2000000.0,72277.0,,2014,unknown,,,,pump,,,tt2630916,Pump,Pump!,2014,88,Documentary,7.7,608,Documentary,pump
60,2015-04-07,lost river,2000000.0,45431.0,,2015,unknown,,,,lost river,,,tt2366608,Lost River,Lost River,2014,95,"Drama,Fantasy,Mystery",5.8,15667,Drama,lost river
62,2015-10-09,knock knock,2000000.0,36336.0,,2015,unknown,,,,knock knock,,,tt3605418,Knock Knock,Knock Knock,2015,99,"Drama,Thriller",4.9,68328,Drama,knock knock
62,2015-10-09,knock knock,2000000.0,36336.0,,2015,unknown,,,,knock knock,,,tt6096414,Knock Knock,Knock Knock,2017,55,Horror,6.0,10,Horror,knock knock
63,2017-02-03,growing up smith,2000000.0,35312.0,,2017,unknown,,,,growing up smith,,,tt1105355,Growing Up Smith,Good Ol' Boy,2015,102,"Comedy,Drama,Family",6.8,910,Comedy,growing up smith
67,2012-10-19,the first time,2000000.0,17061.0,,2012,unknown,,,,the first time,,,tt1763303,The First Time,The First Time,2012,95,"Comedy,Drama,Romance",6.9,62589,Comedy,the first time
69,2010-08-27,circle,2000000.0,10024.0,,2010,unknown,,,,circle,,,tt1129412,Circle,Circle,2010,88,"Horror,Thriller",3.4,610,Horror,circle
69,2010-08-27,circle,2000000.0,10024.0,,2010,unknown,,,,circle,,,tt3118452,Circle,Circle,2015,87,"Drama,Mystery,Sci-Fi",6.0,30645,Drama,circle
73,2013-09-13,plush,2000000.0,3080.0,,2013,unknown,,,,plush,,,tt2226519,Plush,Plush,2013,99,"Drama,Music,Thriller",5.4,3462,Drama,plush
74,2012-10-26,the ghastly love of johnny x,2000000.0,2436.0,,2012,unknown,,,,the ghastly love of johnny x,,,tt1754633,The Ghastly Love of Johnny X,The Ghastly Love of Johnny X,2012,106,"Comedy,Fantasy,Musical",5.7,386,Comedy,the ghastly love of johnny x
76,2011-09-09,grave encounters,2000000.0,0.0,,2011,unknown,,,,grave encounters,,,tt1703199,Grave Encounters,Grave Encounters,2011,92,Horror,6.1,48125,Horror,grave encounters
77,2015-10-23,bone tomahawk,2000000.0,0.0,,2015,unknown,,,,bone tomahawk,,,tt2494362,Bone Tomahawk,Bone Tomahawk,2015,132,"Adventure,Drama,Horror",7.1,70298,Adventure,bone tomahawk
79,2013-04-01,stitches,2000000.0,0.0,,2013,unknown,,,,stitches,,,tt1623771,Stitches,Stitches,2010,71,Horror,7.2,20,Horror,stitches
79,2013-04-01,stitches,2000000.0,0.0,,2013,unknown,,,,stitches,,,tt2126362,Stitches,Stitches,2012,86,"Comedy,Horror",5.7,8214,Comedy,stitches
79,2013-04-01,stitches,2000000.0,0.0,,2013,unknown,,,,stitches,,,tt7319312,Stitches,Savovi,2019,105,"Drama,Thriller",7.8,157,Drama,stitches
79,2013-04-01,stitches,2000000.0,0.0,,2013,unknown,,,,stitches,,,tt8746682,Stitches,Stitches,2017,103,Drama,5.8,9,Drama,stitches
82,2009-12-31,nine dead,2000000.0,0.0,,2009,unknown,,,,nine dead,,,tt0959329,Nine Dead,Nine Dead,2010,98,"Crime,Drama,Horror",5.5,11358,Crime,nine dead
84,2007-07-07,rockaway,2000000.0,0.0,,2007,unknown,,,,rockaway,,,tt5462288,Rockaway,Rockaway,2017,90,"Adventure,Drama",6.4,528,Adventure,rockaway
85,1927-08-12,wings,2000000.0,0.0,,1927,unknown,,,,wings,,,tt2284790,Wings,Ot vinta 3D,2012,84,"Adventure,Animation,Comedy",3.2,561,Adventure,wings
87,2013-03-19,straight a's,2000000.0,0.0,,2013,unknown,,,,straight a's,,,tt2024506,Straight A's,Straight A's,2013,91,"Comedy,Drama",5.7,4197,Comedy,straight a's
89,2012-12-31,highway,2000000.0,0.0,,2012,unknown,,,,highway,,,tt1693107,Highway,Hillbilly Highway,2012,77,Comedy,3.5,183,Comedy,highway
89,2012-12-31,highway,2000000.0,0.0,,2012,unknown,,,,highway,,,tt2210657,Highway,Highway,2012,80,Drama,6.7,195,Drama,highway
89,2012-12-31,highway,2000000.0,0.0,,2012,unknown,,,,highway,,,tt2980794,Highway,Highway,2014,133,"Crime,Drama,Romance",7.7,23434,Crime,highway
89,2012-12-31,highway,2000000.0,0.0,,2012,unknown,,,,highway,,,tt4594050,Highway,Highway,2014,110,Drama,6.2,102,Drama,highway
90,2013-02-08,small apartments,2000000.0,0.0,,2013,unknown,,,,small apartments,,,tt1272886,Small Apartments,Small Apartments,2012,96,"Comedy,Crime,Drama",6.1,6688,Comedy,small apartments
91,2013-07-09,coffee town,2000000.0,0.0,,2013,unknown,,,,coffee town,,,tt2234025,Coffee Town,Coffee Town,2013,87,Comedy,6.6,4666,Comedy,coffee town
92,2014-12-31,lucky dog,2000000.0,0.0,,2014,unknown,,,,lucky dog,,,tt3149360,Lucky Dog,Lucky Dog,2014,88,Family,5.4,49,Family,lucky dog
96,2015-03-20,the walking deceased,2000000.0,0.0,,2015,unknown,,,,the walking deceased,,,tt3499458,The Walking Deceased,Walking with the Dead,2015,88,"Comedy,Horror",3.5,2914,Comedy,the walking deceased
97,2011-12-31,true bromance,2000000.0,0.0,,2011,unknown,,,,true bromance,,,tt1839425,True Bromance,True Bromance,2011,96,Comedy,5.9,39,Comedy,true bromance
98,2015-08-21,the curse of downers grove,2000000.0,0.0,,2015,unknown,,,,the curse of downers grove,,,tt1772261,The Curse of Downers Grove,The Curse of Downers Grove,2015,89,"Drama,Horror,Mystery",4.5,1618,Drama,the curse of downers grove
99,2015-12-31,wind walkers,2000000.0,0.0,,2015,unknown,,,,wind walkers,,,tt1236254,Wind Walkers,Wind Walkers,2015,93,"Action,Horror,Thriller",3.8,234,Action,wind walkers
100,2016-07-08,the dog lover,2000000.0,0.0,,2016,unknown,,,,the dog lover,,,tt4063178,The Dog Lover,The Dog Lover,2016,101,Drama,5.6,620,Drama,the dog lover
1,2015-12-01,shark lake,2000000.0,0.0,,2015,unknown,,,,shark lake,,,tt4416518,Shark Lake,Shark Lake,2015,92,"Action,Adventure,Crime",3.5,1686,Action,shark lake
2,2010-09-24,buried,1987650.0,1044143.0,19144143.0,2010,LGF,1000000.0,18100000.0,2010.0,buried,17156493.0,8.631546298392575,tt1462758,Buried,Buried,2010,95,"Drama,Mystery,Thriller",7.0,139426,Drama,buried
2,2010-09-24,buried,1987650.0,1044143.0,19144143.0,2010,LGF,1000000.0,18100000.0,2010.0,buried,17156493.0,8.631546298392575,tt4540326,Buried,Buried,2011,95,Thriller,6.0,5,Thriller,buried
4,1987-05-08,river's edge,1900000.0,4600000.0,,1987,unknown,,,,river's edge,,,tt7476946,River's Edge,Ribâzu ejji,2018,118,Crime,6.3,409,Crime,river's edge
8,2015-04-24,brotherly love,1900000.0,478595.0,,2015,unknown,,,,brotherly love,,,tt3262990,Brotherly Love,Brotherly Love,2015,89,Drama,6.7,1587,Drama,brotherly love
8,2015-04-24,brotherly love,1900000.0,478595.0,,2015,unknown,,,,brotherly love,,,tt6096190,Brotherly Love,Brotherly Love,2017,118,Drama,5.8,48,Drama,brotherly love
9,2011-06-03,submarine,1900000.0,467602.0,864602.0,2011,Wein.,468000.0,397000.0,2011.0,submarine,-1035398.0,-0.5449463157894737,tt1440292,Submarine,Submarine,2010,97,"Comedy,Drama,Romance",7.3,79810,Comedy,submarine
10,2010-04-09,the square,1900000.0,406216.0,,2010,unknown,,,,the square,,,tt2486682,The Square,Al midan,2013,108,"Documentary,Drama,History",8.1,7998,Documentary,the square
10,2010-04-09,the square,1900000.0,406216.0,,2010,unknown,,,,the square,,,tt4995790,The Square,The Square,2017,151,"Comedy,Drama",7.2,44239,Comedy,the square
100,2013-10-25,the square,1500000.0,124244.0,,2013,unknown,,,,the square,,,tt2486682,The Square,Al midan,2013,108,"Documentary,Drama,History",8.1,7998,Documentary,the square
100,2013-10-25,the square,1500000.0,124244.0,,2013,unknown,,,,the square,,,tt4995790,The Square,The Square,2017,151,"Comedy,Drama",7.2,44239,Comedy,the square
11,2013-02-08,abcd (any body can dance),1900000.0,222098.0,,2013,unknown,,,,abcd (any body can dance),,,tt2321163,ABCD (Any Body Can Dance),ABCD (Any Body Can Dance),2013,160,"Drama,Music",6.4,5695,Drama,abcd (any body can dance)
13,2013-07-26,stranded,1900000.0,0.0,,2013,unknown,,,,stranded,,,tt1372689,Stranded,Djinns,2010,103,"Horror,Mystery",5.1,800,Horror,stranded
13,2013-07-26,stranded,1900000.0,0.0,,2013,unknown,,,,stranded,,,tt2268573,Stranded,Stranded,2013,84,"Horror,Sci-Fi",3.5,3704,Horror,stranded
13,2013-07-26,stranded,1900000.0,0.0,,2013,unknown,,,,stranded,,,tt4678134,Stranded,Stranded,2015,62,Documentary,7.9,10,Documentary,stranded
14,2015-12-31,vaalu,1900000.0,0.0,,2015,unknown,,,,vaalu,,,tt3566698,Vaalu,Vaalu,2015,155,"Comedy,Romance",4.9,701,Comedy,vaalu
15,2010-08-27,the last exorcism,1800000.0,41034350.0,67734350.0,2010,LGF,41000000.0,26700000.0,2010.0,the last exorcism,65934350.0,36.63019444444444,tt1320244,The Last Exorcism,The Last Exorcism,2010,87,"Drama,Horror,Thriller",5.6,45815,Drama,the last exorcism
18,2012-06-27,beasts of the southern wild,1800000.0,12795746.0,21095746.0,2012,FoxS,12800000.0,8300000.0,2012.0,beasts of the southern wild,19295746.0,10.719858888888888,tt2125435,Beasts of the Southern Wild,Beasts of the Southern Wild,2012,93,"Adventure,Drama,Fantasy",7.3,77440,Adventure,beasts of the southern wild
25,2011-08-23,higher ground,1800000.0,841056.0,,2011,unknown,,,,higher ground,,,tt1562568,Higher Ground,Higher Ground,2011,109,Drama,6.3,2869,Drama,higher ground
29,2009-12-31,deadline,1800000.0,0.0,,2009,unknown,,,,deadline,,,tt1430811,Deadline,Deadline,2012,95,"Drama,Mystery,Thriller",4.8,396,Drama,deadline
29,2009-12-31,deadline,1800000.0,0.0,,2009,unknown,,,,deadline,,,tt2106383,Deadline,Deadline,2011,83,"Mystery,Thriller",6.7,347,Mystery,deadline
29,2009-12-31,deadline,1800000.0,0.0,,2009,unknown,,,,deadline,,,tt2623734,Deadline,Deadline,2016,95,"Comedy,Romance",8.5,15,Comedy,deadline
31,2012-02-03,dysfunctional friends,1800000.0,0.0,,2012,unknown,,,,dysfunctional friends,,,tt1653002,Dysfunctional Friends,Dysfunctional Friends,2012,111,"Comedy,Drama",5.2,760,Comedy,dysfunctional friends
32,2013-12-31,independence daysaster,1800000.0,0.0,,2013,unknown,,,,independence daysaster,,,tt2645670,Independence Daysaster,Independence Daysaster,2013,90,"Action,Adventure,Sci-Fi",3.4,974,Action,independence daysaster
37,2010-10-08,i spit on your grave,1750000.0,93051.0,573051.0,2010,Anch.,93100.0,480000.0,2010.0,i spit on your grave,-1176949.0,-0.6725422857142858,tt1242432,I Spit on Your Grave,I Spit on Your Grave,2010,108,"Horror,Thriller",6.3,68592,Horror,i spit on your grave
38,2019-04-23,living dark: the story of ted the caver,1750000.0,0.0,,2019,unknown,,,,living dark: the story of ted the caver,,,tt2100573,Living Dark: The Story of Ted the Caver,Living Dark: The Story of Ted the Caver,2013,112,Horror,5.3,349,Horror,living dark: the story of ted the caver
42,2014-02-28,the lunchbox,1700000.0,4231500.0,,2014,unknown,,,,the lunchbox,,,tt2350496,The Lunchbox,Dabba,2013,104,"Drama,Romance",7.8,42618,Drama,the lunchbox
43,2013-10-04,grace unplugged,1700000.0,2507159.0,,2013,unknown,,,,grace unplugged,,,tt2349460,Grace Unplugged,Grace Unplugged,2013,102,"Drama,Music",6.2,3006,Drama,grace unplugged
47,2005-06-24,yes,1700000.0,396035.0,,2005,unknown,,,,yes,,,tt5797286,Yes,Yes,2016,80,"Adventure,Biography,Documentary",8.7,9,Adventure,yes
48,2019-02-01,braid,1660000.0,0.0,,2019,unknown,,,,braid,,,tt4638148,Braid,Braid,2018,82,"Horror,Mystery,Thriller",5.3,1115,Horror,braid
54,2010-10-15,n-secure,1600000.0,2595644.0,,2010,unknown,,,,n-secure,,,tt1289419,N-Secure,N-Secure,2010,105,"Crime,Drama,Thriller",3.6,587,Crime,n-secure
56,1989-12-31,out of the dark,1600000.0,419428.0,,1989,unknown,,,,out of the dark,,,tt2872724,Out of the Dark,Out of the Dark,2014,92,"Horror,Thriller",4.8,3691,Horror,out of the dark
60,2014-09-26,two night stand,1600000.0,15600.0,,2014,unknown,,,,two night stand,,,tt2140619,Two Night Stand,Two Night Stand,2014,86,"Comedy,Romance",6.4,60510,Comedy,two night stand
63,2011-04-01,insidious,1500000.0,54009150.0,97009150.0,2011,FD,54000000.0,43000000.0,2011.0,insidious,95509150.0,63.67276666666667,tt1591095,Insidious,Insidious,2010,103,"Horror,Mystery,Thriller",6.9,254197,Horror,insidious
64,2016-10-21,moonlight,1500000.0,27854931.0,,2016,unknown,,,,moonlight,,,tt4975722,Moonlight,Moonlight,2016,111,Drama,7.4,227964,Drama,moonlight
65,2003-09-12,cabin fever,1500000.0,21158188.0,,2003,unknown,,,,cabin fever,,,tt3832096,Cabin Fever,Cabin Fever,2016,99,Horror,3.7,7873,Horror,cabin fever
70,2018-03-23,unsane,1500000.0,7690044.0,14290044.0,2018,BST,7700000.0,6600000.0,2018.0,unsane,12790044.0,8.526696,tt7153766,Unsane,Unsane,2018,98,"Drama,Horror,Mystery",6.4,32049,Drama,unsane
74,1945-10-31,spellbound,1500000.0,7000000.0,,1945,unknown,,,,spellbound,,,tt2132405,Spellbound,O-ssak-han yeon-ae,2011,114,"Comedy,Horror,Romance",6.9,2485,Comedy,spellbound
77,2013-07-26,the to do list,1500000.0,3491669.0,,2013,unknown,,,,the to do list,,,tt1758795,The To Do List,The To Do List,2013,104,"Comedy,Romance",5.8,34524,Comedy,the to do list
78,2013-02-01,the gatekeepers,1500000.0,2408553.0,,2013,unknown,,,,the gatekeepers,,,tt2309788,The Gatekeepers,The Gatekeepers,2012,101,"Documentary,History,War",7.6,5214,Documentary,the gatekeepers
84,2013-04-19,the lords of salem,1500000.0,1165881.0,,2013,unknown,,,,the lords of salem,,,tt1731697,The Lords of Salem,The Lords of Salem,2012,101,"Horror,Thriller",5.1,25089,Horror,the lords of salem
85,2016-10-21,31,1500000.0,779820.0,,2016,unknown,,,,31,,,tt3835080,31,31,2016,102,"Horror,Thriller",5.1,15055,Horror,31
87,2016-04-22,unsullied,1500000.0,510957.0,,2016,unknown,,,,unsullied,,,tt3139764,Unsullied,Unsullied,2014,93,"Action,Horror,Thriller",4.3,278,Action,unsullied
92,2011-02-11,mooz-lum,1500000.0,362239.0,,2011,unknown,,,,mooz-lum,,,tt1450328,Mooz-Lum,Mooz-Lum,2010,94,"Drama,Family",6.8,970,Drama,mooz-lum
94,2011-08-19,amigo,1500000.0,184705.0,,2011,unknown,,,,amigo,,,tt1562847,Amigo,Amigo,2010,124,"Drama,War",5.9,514,Drama,amigo
2,2015-03-06,road hard,1500000.0,113169.0,,2015,unknown,,,,road hard,,,tt3110770,Road Hard,Road Hard,2015,98,Comedy,6.1,1681,Comedy,road hard
7,2014-10-17,housebound,1500000.0,0.0,,2014,unknown,,,,housebound,,,tt3504048,Housebound,Housebound,2014,107,"Comedy,Horror,Mystery",6.8,29757,Comedy,housebound
8,2018-07-20,teefa in trouble,1500000.0,0.0,,2018,unknown,,,,teefa in trouble,,,tt8043306,Teefa in Trouble,Teefa in Trouble,2018,155,"Action,Comedy,Crime",7.4,2724,Action,teefa in trouble
10,2014-04-17,closer to the moon,1500000.0,0.0,,2014,unknown,,,,closer to the moon,,,tt2017486,Closer to the Moon,Closer to the Moon,2014,112,"Comedy,Crime,Drama",7.0,3585,Comedy,closer to the moon
12,2011-06-03,the lion of judah,1500000.0,0.0,,2011,unknown,,,,the lion of judah,,,tt1212022,The Lion of Judah,The Lion of Judah,2011,87,Animation,3.8,511,Animation,the lion of judah
13,2014-11-11,once upon a time in queens,1500000.0,0.0,,2014,unknown,,,,once upon a time in queens,,,tt1639397,Once Upon a Time in Queens,Last I Heard,2013,98,"Comedy,Drama",6.2,354,Comedy,once upon a time in queens
15,2015-05-26,mutant world,1500000.0,0.0,,2015,unknown,,,,mutant world,,,tt3626436,Mutant World,Mutant World,2014,82,Sci-Fi,2.8,587,Sci-Fi,mutant world
16,2015-11-20,#horror,1500000.0,0.0,,2015,unknown,,,,#horror,,,tt3526286,#Horror,#Horror,2015,101,"Crime,Drama,Horror",3.0,3092,Crime,#horror
17,2015-09-08,checkmate,1500000.0,0.0,,2015,unknown,,,,checkmate,,,tt1675846,Checkmate,Checkmate,2010,121,"Drama,Mystery",4.7,27,Drama,checkmate
17,2015-09-08,checkmate,1500000.0,0.0,,2015,unknown,,,,checkmate,,,tt3781616,Checkmate,Checkmate,2015,102,"Action,Crime,Thriller",2.9,931,Action,checkmate
21,2015-11-20,mustang,1400000.0,845464.0,,2015,unknown,,,,mustang,,,tt3966404,Mustang,Mustang,2015,97,Drama,7.6,30899,Drama,mustang
23,2014-10-03,la chambre bleue,1400000.0,260441.0,,2014,unknown,,,,la chambre bleue,,,tt4586720,La chambre bleue,La chambre bleue,2015,48,Documentary,6.2,6,Documentary,la chambre bleue
25,2013-04-05,eddie: the sleepwalking cannibal,1400000.0,1632.0,,2013,unknown,,,,eddie: the sleepwalking cannibal,,,tt1480658,Eddie: The Sleepwalking Cannibal,Eddie,2012,90,"Comedy,Horror",5.6,1364,Comedy,eddie: the sleepwalking cannibal
26,2010-05-01,my girlfriend's boyfriend,1400000.0,0.0,,2010,unknown,,,,my girlfriend's boyfriend,,,tt1447793,My Girlfriend's Boyfriend,My Girlfriend's Boyfriend,2010,84,"Comedy,Romance",5.8,5461,Comedy,my girlfriend's boyfriend
28,2014-12-31,house at the end of the drive,1400000.0,0.0,,2014,unknown,,,,house at the end of the drive,,,tt0464054,House at the End of the Drive,House at the End of the Drive,2014,91,"Horror,Thriller",6.5,331,Horror,house at the end of the drive
38,2015-01-30,above and beyond,1300000.0,288751.0,,2015,unknown,,,,above and beyond,,,tt2704752,Above and Beyond,Above and Beyond,2014,90,"Adventure,Documentary,History",7.7,506,Adventure,above and beyond
43,2006-04-07,simon,1300000.0,4055.0,,2006,unknown,,,,simon,,,tt3283708,Simon,Simon,2016,85,Thriller,4.8,47,Thriller,simon
44,2011-05-24,forget me not,1300000.0,0.0,,2011,unknown,,,,forget me not,,,tt1431065,Forget Me Not,Forget Me Not,2010,93,Romance,6.6,1835,Romance,forget me not
44,2011-05-24,forget me not,1300000.0,0.0,,2011,unknown,,,,forget me not,,,tt1788440,Forget Me Not,Shin-san Tankoumachi no serenâde,2010,109,Drama,7.3,15,Drama,forget me not
44,2011-05-24,forget me not,1300000.0,0.0,,2011,unknown,,,,forget me not,,,tt4134856,Forget Me Not,Forget Me Not,2014,102,"Adventure,Drama",5.6,51,Adventure,forget me not
44,2011-05-24,forget me not,1300000.0,0.0,,2011,unknown,,,,forget me not,,,tt5512456,Forget Me Not,Forget Me Not,2016,83,Documentary,7.1,15,Documentary,forget me not
46,2015-06-26,the algerian,1300000.0,0.0,,2015,unknown,,,,the algerian,,,tt1681370,The Algerian,The Algerian,2014,99,"Action,Romance,Thriller",5.3,195,Action,the algerian
51,2014-10-17,dear white people,1250000.0,4404154.0,,2014,unknown,,,,dear white people,,,tt2235108,Dear White People,Dear White People,2014,108,"Comedy,Drama,Romance",6.1,23321,Comedy,dear white people
52,2013-04-19,filly brown,1250000.0,2850357.0,,2013,unknown,,,,filly brown,,,tt1869425,Filly Brown,Filly Brown,2012,80,"Drama,Music",5.7,1003,Drama,filly brown
54,2016-12-31,bodom,1250000.0,0.0,,2016,unknown,,,,bodom,,,tt3669462,Bodom,Bodom,2014,65,"Horror,Mystery,Thriller",5.6,308,Horror,bodom
56,2015-01-13,da sweet blood of jesus,1250000.0,0.0,,2015,unknown,,,,da sweet blood of jesus,,,tt3104930,Da Sweet Blood of Jesus,Da Sweet Blood of Jesus,2014,123,"Comedy,Romance,Thriller",4.1,1212,Comedy,da sweet blood of jesus
66,2013-04-19,home run,1200000.0,2859955.0,,2013,unknown,,,,home run,,,tt1669617,Home Run,Home Run,2010,82,"Drama,Family,Sport",4.2,66,Drama,home run
66,2013-04-19,home run,1200000.0,2859955.0,,2013,unknown,,,,home run,,,tt2051894,Home Run,Home Run,2013,113,"Drama,Sport",6.0,2745,Drama,home run
72,2012-04-13,blue like jazz,1200000.0,595018.0,,2012,unknown,,,,blue like jazz,,,tt1758575,Blue Like Jazz,Blue Like Jazz,2012,108,"Comedy,Drama",5.9,2810,Comedy,blue like jazz
74,1982-11-19,q,1200000.0,255000.0,,1982,unknown,,,,q,,,tt1879030,Q,Q,2011,103,Drama,5.6,5322,Drama,q
74,1982-11-19,q,1200000.0,255000.0,,1982,unknown,,,,q,,,tt5068886,Q,Q,2014,96,"Drama,Thriller",6.4,18,Drama,q
76,2012-06-01,"pink ribbons, inc.",1200000.0,26608.0,,2012,unknown,,,,"pink ribbons, inc.",,,tt2035599,"Pink Ribbons, Inc.","Pink Ribbons, Inc.",2011,97,Documentary,7.3,654,Documentary,"pink ribbons, inc."
77,2018-02-06,blood feast,1200000.0,8708.0,,2018,unknown,,,,blood feast,,,tt4847546,Blood Feast,Blood Feast,2016,90,Horror,4.9,653,Horror,blood feast
83,2012-08-28,below zero,1200000.0,0.0,,2012,unknown,,,,below zero,,,tt1641388,Below Zero,Below Zero,2011,99,Thriller,4.4,740,Thriller,below zero
84,2012-09-07,crowsnest,1200000.0,0.0,,2012,unknown,,,,crowsnest,,,tt2180333,Crowsnest,Crowsnest,2012,84,"Horror,Mystery,Thriller",3.9,1481,Horror,crowsnest
85,2012-09-14,airborne,1200000.0,0.0,,2012,unknown,,,,airborne,,,tt1827354,Airborne,Airborne,2012,81,"Comedy,Crime,Horror",3.9,2248,Comedy,airborne
87,2015-02-03,bleeding hearts,1200000.0,0.0,,2015,unknown,,,,bleeding hearts,,,tt2622294,Bleeding Hearts,Bleeding Hearts,2015,100,Horror,3.4,123,Horror,bleeding hearts
88,2013-12-31,the wicked within,1200000.0,0.0,,2013,unknown,,,,the wicked within,,,tt1943014,The Wicked Within,The Wicked Within,2015,84,Horror,4.5,1123,Horror,the wicked within
100,2012-05-18,beyond the black rainbow,1100000.0,56491.0,,2012,unknown,,,,beyond the black rainbow,,,tt1534085,Beyond the Black Rainbow,Beyond the Black Rainbow,2010,110,"Horror,Sci-Fi,Thriller",6.0,10765,Horror,beyond the black rainbow
2,2014-11-21,the sleepwalker,1100000.0,2636.0,,2014,unknown,,,,the sleepwalker,,,tt2723576,The Sleepwalker,The Sleepwalker,2014,91,Drama,4.9,632,Drama,the sleepwalker
3,2017-03-07,departure,1100000.0,0.0,,2017,unknown,,,,departure,,,tt2248739,Departure,Departure,2015,109,"Drama,Romance",6.7,1680,Drama,departure
7,2010-12-31,the dead undead,1100000.0,0.0,,2010,unknown,,,,the dead undead,,,tt0923653,The Dead Undead,The Dead Undead,2010,89,"Action,Horror,Sci-Fi",3.0,791,Action,the dead undead
8,2013-12-31,the vatican exorcisms,1100000.0,0.0,,2013,unknown,,,,the vatican exorcisms,,,tt3043194,The Vatican Exorcisms,The Vatican Exorcisms,2013,76,Horror,2.5,413,Horror,the vatican exorcisms
11,1976-11-21,rocky,1000000.0,117235147.0,,1976,unknown,,,,rocky,,,tt3080284,Rocky,Rocky,2013,136,"Action,Comedy,Drama",6.1,46,Action,rocky
12,2012-01-06,the devil inside,1000000.0,53262945.0,101762945.0,2012,Par.,53300000.0,48500000.0,2012.0,the devil inside,100762945.0,100.762945,tt1560985,The Devil Inside,The Devil Inside,2012,83,Horror,4.2,33522,Horror,the devil inside
14,2015-04-17,unfriended,1000000.0,32789645.0,64389645.0,2015,Uni.,32500000.0,31600000.0,2015.0,unfriended,63389645.0,63.389645,tt3713166,Unfriended,Unfriended,2014,83,"Horror,Mystery,Thriller",5.6,62043,Horror,unfriended
17,2013-08-23,you're next,1000000.0,18494006.0,,2013,unknown,,,,you're next,,,tt1853739,You're Next,You're Next,2011,95,"Action,Comedy,Horror",6.6,79451,Action,you're next
18,2012-05-25,chernobyl diaries,1000000.0,18119640.0,37119640.0,2012,WB,18100000.0,19000000.0,2012.0,chernobyl diaries,36119640.0,36.11964,tt1991245,Chernobyl Diaries,Chernobyl Diaries,2012,86,"Horror,Mystery,Thriller",5.0,60304,Horror,chernobyl diaries
19,1981-04-10,the howling,1000000.0,17985000.0,,1981,unknown,,,,the howling,,,tt5694044,The Howling,The Howling,2017,83,Horror,2.6,126,Horror,the howling
22,2016-03-11,"hello, my name is doris",1000000.0,14444999.0,,2016,unknown,,,,"hello, my name is doris",,,tt3766394,"Hello, My Name Is Doris","Hello, My Name Is Doris",2015,90,"Comedy,Drama,Romance",6.6,17444,Comedy,"hello, my name is doris"
25,2010-12-29,blue valentine,1000000.0,9737892.0,12337892.0,2010,Wein.,9700000.0,2600000.0,2010.0,blue valentine,11337892.0,11.337892,tt1120985,Blue Valentine,Blue Valentine,2010,112,"Drama,Romance",7.4,170089,Drama,blue valentine
29,2018-07-20,unfriended: dark web,1000000.0,8866745.0,15166745.0,2018,BH Tilt,8900000.0,6300000.0,2018.0,unfriended: dark web,14166745.0,14.166745,tt4761916,Unfriended: Dark Web,Unfriended: Dark Web,2018,92,"Crime,Horror,Mystery",5.9,13822,Crime,unfriended: dark web
31,2015-09-25,the green inferno,1000000.0,7192291.0,,2015,unknown,,,,the green inferno,,,tt2403021,The Green Inferno,The Green Inferno,2013,100,"Adventure,Horror",5.3,33239,Adventure,the green inferno
32,2017-02-03,i am not your negro,1000000.0,7123919.0,,2017,unknown,,,,i am not your negro,,,tt5804038,I Am Not Your Negro,I Am Not Your Negro,2016,93,Documentary,7.8,13948,Documentary,i am not your negro
33,2012-10-19,the sessions,1000000.0,6002451.0,9102451.0,2012,FoxS,6000000.0,3100000.0,2012.0,the sessions,8102451.0,8.102451,tt1866249,The Sessions,The Sessions,2012,95,"Biography,Comedy,Drama",7.2,39731,Biography,the sessions
35,2012-03-23,october baby,1000000.0,5355847.0,,2012,unknown,,,,october baby,,,tt1720182,October Baby,October Baby,2011,107,Drama,6.8,6903,Drama,october baby
36,2014-09-12,the skeleton twins,1000000.0,5284309.0,,2014,unknown,,,,the skeleton twins,,,tt1571249,The Skeleton Twins,The Skeleton Twins,2014,93,"Comedy,Drama,Romance",6.8,36793,Comedy,the skeleton twins
37,2013-06-14,20 feet from stardom,1000000.0,4946250.0,,2013,unknown,,,,20 feet from stardom,,,tt2396566,20 Feet from Stardom,Twenty Feet from Stardom,2013,91,"Documentary,Music",7.4,11312,Documentary,20 feet from stardom
41,2014-06-06,obvious child,1000000.0,3122616.0,,2014,unknown,,,,obvious child,,,tt2910274,Obvious Child,Obvious Child,2014,84,"Comedy,Drama,Romance",6.8,21536,Comedy,obvious child
42,2011-10-21,martha marcy may marlene,1000000.0,2981038.0,3529038.0,2011,FoxS,3000000.0,548000.0,2011.0,martha marcy may marlene,2529038.0,2.529038,tt1441326,Martha Marcy May Marlene,Martha Marcy May Marlene,2011,102,"Drama,Mystery,Thriller",6.9,45873,Drama,martha marcy may marlene
52,2001-12-07,no man's land,1000000.0,1067481.0,,2001,unknown,,,,no man's land,,,tt1456660,No Man's Land,Wu ren qu,2013,118,"Adventure,Crime,Drama",7.3,1756,Adventure,no man's land
52,2001-12-07,no man's land,1000000.0,1067481.0,,2001,unknown,,,,no man's land,,,tt6546808,No Man's Land,No Man's Land,2017,81,Documentary,7.7,63,Documentary,no man's land
53,1998-10-09,slam,1000000.0,1009819.0,,1998,unknown,,,,slam,,,tt4379536,Slam,Slam: Tutto per una ragazza,2016,100,"Comedy,Drama,Romance",6.2,883,Comedy,slam
53,1998-10-09,slam,1000000.0,1009819.0,,1998,unknown,,,,slam,,,tt6037866,Slam,Slam,2018,115,Drama,7.3,16,Drama,slam
56,2017-08-18,patti cake$,1000000.0,800148.0,1482148.0,2017,FoxS,800000.0,682000.0,2017.0,patti cake$,482148.0,0.482148,tt6288250,Patti Cake$,Patti Cake$,2017,109,"Drama,Music",6.7,8581,Drama,patti cake$
57,2000-12-01,panic,1000000.0,779137.0,,2000,unknown,,,,panic,,,tt2634438,Panic,Panic,2014,85,"Drama,Mystery,Thriller",6.1,55,Drama,panic
58,2014-05-09,palo alto,1000000.0,767732.0,,2014,unknown,,,,palo alto,,,tt2479800,Palo Alto,Palo Alto,2013,100,Drama,6.2,25402,Drama,palo alto
62,2011-07-29,the future,1000000.0,568662.0,,2011,unknown,,,,the future,,,tt1235170,The Future,The Future,2011,91,"Drama,Fantasy,Romance",6.2,7648,Drama,the future
64,2014-10-24,23 blast,1000000.0,549185.0,,2014,unknown,,,,23 blast,,,tt2304459,23 Blast,23 Blast,2014,98,"Drama,Family,Sport",6.5,1567,Drama,23 blast
66,2013-07-19,the act of killing,1000000.0,486919.0,,2013,unknown,,,,the act of killing,,,tt2375605,The Act of Killing,The Act of Killing,2012,117,"Crime,Documentary",8.2,31115,Crime,the act of killing
70,2014-07-18,i origins,1000000.0,336472.0,,2014,unknown,,,,i origins,,,tt2884206,I Origins,I Origins,2014,106,"Drama,Romance,Sci-Fi",7.4,104718,Drama,i origins
71,2014-11-28,antarctica: a year on ice,1000000.0,288757.0,,2014,unknown,,,,antarctica: a year on ice,,,tt2361700,Antarctica: A Year on Ice,Antarctica: A Year on Ice,2013,91,"Adventure,Biography,Documentary",7.6,3004,Adventure,antarctica: a year on ice
74,2016-04-08,the invitation,1000000.0,231738.0,,2016,unknown,,,,the invitation,,,tt2400463,The Invitation,The Invitation,2015,100,"Drama,Horror,Mystery",6.7,70213,Drama,the invitation
81,2012-06-01,hardflip,1000000.0,96734.0,,2012,unknown,,,,hardflip,,,tt1907639,Hardflip,Hardflip,2012,112,"Action,Drama",5.6,673,Action,hardflip
82,2016-03-11,creative control,1000000.0,63014.0,,2016,unknown,,,,creative control,,,tt3277624,Creative Control,Creative Control,2015,97,"Drama,Sci-Fi",5.4,1951,Drama,creative control
84,2011-07-01,the perfect host,1000000.0,48764.0,,2011,unknown,,,,the perfect host,,,tt1334553,The Perfect Host,The Perfect Host,2010,93,"Comedy,Crime,Thriller",6.8,23378,Comedy,the perfect host
88,2015-02-13,hits,1000000.0,15156.0,,2015,unknown,,,,hits,,,tt3145220,Hits,Hits,2014,96,"Comedy,Drama",5.8,1706,Comedy,hits
92,2014-10-17,camp x-ray,1000000.0,9837.0,,2014,unknown,,,,camp x-ray,,,tt2994190,Camp X-Ray,Camp X-Ray,2014,117,"Drama,War",6.9,36700,Drama,camp x-ray
94,2015-04-10,the sisterhood of night,1000000.0,6870.0,,2015,unknown,,,,the sisterhood of night,,,tt1015471,The Sisterhood of Night,The Sisterhood of Night,2014,104,"Drama,Mystery,Thriller",6.2,1888,Drama,the sisterhood of night
100,2013-12-31,heli,1000000.0,0.0,,2013,unknown,,,,heli,,,tt2852376,Heli,Heli,2013,105,"Crime,Drama,Romance",6.8,4379,Crime,heli
1,2015-12-31,karachi se lahore,1000000.0,0.0,,2015,unknown,,,,karachi se lahore,,,tt4590482,Karachi se Lahore,Karachi se Lahore,2015,143,"Adventure,Comedy,Family",6.6,1198,Adventure,karachi se lahore
3,2015-12-11,american hero,1000000.0,0.0,,2015,unknown,,,,american hero,,,tt4733536,American Hero,American Hero,2015,86,"Action,Comedy,Drama",4.9,3661,Action,american hero
6,2003-10-24,the party's over,1000000.0,0.0,,2003,unknown,,,,the party's over,,,tt6173020,The Party's Over,La fête est finie,2017,93,Drama,6.3,123,Drama,the party's over
11,2012-03-20,snow white: a deadly summer,1000000.0,0.0,,2012,unknown,,,,snow white: a deadly summer,,,tt2149137,Snow White: A Deadly Summer,Snow White: A Deadly Summer,2012,83,Horror,2.2,679,Horror,snow white: a deadly summer
12,2012-10-09,truth or die,1000000.0,0.0,,2012,unknown,,,,truth or die,,,tt1838722,Truth or Die,Truth or Dare,2012,96,"Horror,Mystery",5.6,8123,Horror,truth or die
13,2013-05-14,black rock,1000000.0,0.0,,2013,unknown,,,,black rock,,,tt1930294,Black Rock,Black Rock,2012,83,"Horror,Thriller",4.8,7596,Horror,black rock
14,2014-01-07,hidden away,1000000.0,0.0,,2014,unknown,,,,hidden away,,,tt3289362,Hidden Away,A escondidas,2014,96,"Drama,Romance",7.1,1820,Drama,hidden away
15,2013-10-04,my last day without you,1000000.0,0.0,,2013,unknown,,,,my last day without you,,,tt1679248,My Last Day Without You,My Last Day Without You,2011,90,"Comedy,Drama,Romance",5.7,1178,Comedy,my last day without you
16,2013-10-08,zombie hunter,1000000.0,0.0,,2013,unknown,,,,zombie hunter,,,tt2446502,Zombie Hunter,Zombie Hunter,2013,93,"Action,Comedy,Horror",3.5,2372,Action,zombie hunter
17,2014-12-31,doc holliday's revenge,1000000.0,0.0,,2014,unknown,,,,doc holliday's revenge,,,tt3359872,Doc Holliday's Revenge,Stranded,2014,84,Western,3.8,104,Western,doc holliday's revenge
18,2014-06-24,a fine step,1000000.0,0.0,,2014,unknown,,,,a fine step,,,tt1604100,A Fine Step,A Fine Step,2014,111,Drama,5.4,279,Drama,a fine step
19,2015-02-10,fear clinic,1000000.0,0.0,,2015,unknown,,,,fear clinic,,,tt2165765,Fear Clinic,Fear Clinic,2014,95,Horror,5.0,6256,Horror,fear clinic
21,2014-12-31,bang bang baby,1000000.0,0.0,,2014,unknown,,,,bang bang baby,,,tt2655734,Bang Bang Baby,Bang Bang Baby,2014,90,"Drama,Fantasy,Musical",5.0,469,Drama,bang bang baby
22,2016-04-08,hush,1000000.0,0.0,,2016,unknown,,,,hush,,,tt2077772,Hush,Ja saapuu oikea yö,2012,103,"Drama,Thriller",4.5,244,Drama,hush
22,2016-04-08,hush,1000000.0,0.0,,2016,unknown,,,,hush,,,tt4828062,Hush,Hush,2015,100,Documentary,4.8,13,Documentary,hush
22,2016-04-08,hush,1000000.0,0.0,,2016,unknown,,,,hush,,,tt5022702,Hush,Hush,2016,82,"Horror,Thriller",6.6,79100,Horror,hush
23,2016-03-01,1982,1000000.0,0.0,,2016,unknown,,,,1982,,,tt2388621,1982,1982,2013,90,Drama,7.0,221,Drama,1982
25,2016-12-31,chemical cut,1000000.0,0.0,,2016,unknown,,,,chemical cut,,,tt3406296,Chemical Cut,Chemical Cut,2016,83,Drama,5.4,111,Drama,chemical cut
26,2015-12-22,por amor en el caserio,1000000.0,0.0,,2015,unknown,,,,por amor en el caserio,,,tt3107890,Por amor en el caserio,Por amor en el caserio,2014,100,"Action,Drama,Romance",8.1,54,Action,por amor en el caserio
30,2014-01-10,banshee chapter,950000.0,0.0,,2014,unknown,,,,banshee chapter,,,tt2011276,Banshee Chapter,Banshee Chapter,2013,87,"Horror,Sci-Fi,Thriller",5.5,8219,Horror,banshee chapter
32,2014-08-12,jesse,950000.0,0.0,,2014,unknown,,,,jesse,,,tt1653203,Jesse,Jesse,2011,120,"Action,Crime,Drama",4.9,96,Action,jesse
33,2015-03-03,ask me anything,950000.0,0.0,,2015,unknown,,,,ask me anything,,,tt2505294,Ask Me Anything,Ask Me Anything,2014,100,Drama,6.1,10680,Drama,ask me anything
34,2012-04-13,l!fe happens,930000.0,30905.0,,2012,unknown,,,,l!fe happens,,,tt1726589,L!fe Happens,L!fe Happens,2011,100,Comedy,5.6,7229,Comedy,l!fe happens
35,2017-05-12,lowriders,916000.0,6179955.0,,2017,unknown,,,,lowriders,,,tt1366338,Lowriders,Lowriders,2016,98,"Adventure,Crime,Drama",5.7,1954,Adventure,lowriders
36,2014-11-21,food chains,913000.0,0.0,,2014,unknown,,,,food chains,,,tt2141739,Food Chains,Food Chains,2014,83,Documentary,7.2,328,Documentary,food chains
38,2013-07-12,fruitvale station,900000.0,16098998.0,17398998.0,2013,Wein.,16100000.0,1300000.0,2013.0,fruitvale station,16498998.0,18.33222,tt2334649,Fruitvale Station,Fruitvale Station,2013,85,"Biography,Drama,Romance",7.5,68187,Biography,fruitvale station
39,2016-04-01,meet the blacks,900000.0,9097072.0,,2016,unknown,,,,meet the blacks,,,tt4191580,Meet the Blacks,Meet the Blacks,2016,94,"Comedy,Horror",5.9,34669,Comedy,meet the blacks
41,2011-08-26,circumstance,900000.0,454121.0,,2011,unknown,,,,circumstance,,,tt1684628,Circumstance,Circumstance,2011,107,Drama,5.9,7055,Drama,circumstance
43,2012-04-27,the giant mechanical man,900000.0,7396.0,,2012,unknown,,,,the giant mechanical man,,,tt1769363,The Giant Mechanical Man,The Giant Mechanical Man,2012,95,"Comedy,Drama,Romance",6.7,8921,Comedy,the giant mechanical man
44,2013-04-05,the brass teapot,900000.0,6997.0,,2013,unknown,,,,the brass teapot,,,tt1935902,The Brass Teapot,The Brass Teapot,2012,101,"Comedy,Fantasy,Thriller",6.4,13746,Comedy,the brass teapot
47,1942-08-13,bambi,858000.0,102797000.0,,1942,unknown,,,,bambi,,,tt2668120,Bambi,Bambi,2013,58,"Biography,Documentary",7.0,101,Biography,bambi
50,2008-03-21,the hammer,850000.0,442638.0,,2008,unknown,,,,the hammer,,,tt1094666,The Hammer,Hamill,2010,108,"Biography,Drama,Sport",7.0,1613,Biography,the hammer
50,2008-03-21,the hammer,850000.0,442638.0,,2008,unknown,,,,the hammer,,,tt3096900,The Hammer,The Hammer,2015,75,"Action,Adventure,Documentary",6.5,13,Action,the hammer
51,2015-08-28,windsor drive,850000.0,3256.0,,2015,unknown,,,,windsor drive,,,tt2311428,Windsor Drive,Windsor Drive,2015,90,"Mystery,Thriller",3.2,193,Mystery,windsor drive
69,2014-09-19,not cool,800000.0,35688.0,,2014,unknown,,,,not cool,,,tt3569356,Not Cool,Not Cool,2014,93,"Comedy,Drama,Romance",4.5,5089,Comedy,not cool
70,2012-02-03,kill list,800000.0,29063.0,172063.0,2012,IFC,29100.0,143000.0,2012.0,kill list,-627937.0,-0.78492125,tt1788391,Kill List,Kill List,2011,95,"Crime,Drama,Horror",6.4,32807,Crime,kill list
71,2015-01-09,vessel,800000.0,0.0,,2015,unknown,,,,vessel,,,tt3311588,Vessel,Vessel,2014,90,"Adventure,Biography,Documentary",7.5,194,Adventure,vessel
75,2011-09-09,kevin hart: laugh at my pain,750000.0,7706436.0,,2011,unknown,,,,kevin hart: laugh at my pain,,,tt1999192,Kevin Hart: Laugh at My Pain,Kevin Hart: Laugh at My Pain,2011,89,"Comedy,Documentary",7.4,5081,Comedy,kevin hart: laugh at my pain
77,2012-06-08,safety not guaranteed,750000.0,4010957.0,,2012,unknown,,,,safety not guaranteed,,,tt1862079,Safety Not Guaranteed,Safety Not Guaranteed,2012,86,"Comedy,Drama,Romance",7.0,111907,Comedy,safety not guaranteed
78,2012-02-03,the innkeepers,750000.0,78396.0,,2012,unknown,,,,the innkeepers,,,tt1594562,The Innkeepers,The Innkeepers,2011,101,"Drama,Horror,Mystery",5.5,31089,Drama,the innkeepers
84,2014-12-31,destiny,750000.0,0.0,,2014,unknown,,,,destiny,,,tt3523348,Destiny,Destiny,2014,105,"Drama,Music,Romance",7.8,36,Drama,destiny
86,2016-01-05,adulterers,750000.0,0.0,,2016,unknown,,,,adulterers,,,tt4044464,Adulterers,Avouterie,2015,91,"Crime,Drama,Thriller",5.2,1377,Crime,adulterers
93,2017-08-04,columbus,700000.0,1017107.0,,2017,unknown,,,,columbus,,,tt5203734,Columbus,Columbus,2015,127,Comedy,7.3,42,Comedy,columbus
93,2017-08-04,columbus,700000.0,1017107.0,,2017,unknown,,,,columbus,,,tt5990474,Columbus,Columbus,2017,104,Drama,7.2,10735,Drama,columbus
93,2017-08-04,columbus,700000.0,1017107.0,,2017,unknown,,,,columbus,,,tt9899880,Columbus,Columbus,2018,85,Comedy,5.8,5,Comedy,columbus
96,2015-03-13,walter,700000.0,0.0,,2015,unknown,,,,walter,,,tt2016335,Walter,Walter,2015,94,"Comedy,Drama",5.4,1747,Comedy,walter
96,2015-03-13,walter,700000.0,0.0,,2015,unknown,,,,walter,,,tt9680064,Walter,Walter,2019,90,Comedy,6.4,35,Comedy,walter
100,2013-10-11,escape from tomorrow,650000.0,171962.0,,2013,unknown,,,,escape from tomorrow,,,tt2187884,Escape from Tomorrow,Escape from Tomorrow,2013,90,"Drama,Fantasy,Horror",5.2,8665,Drama,escape from tomorrow
2,2012-12-31,after,650000.0,0.0,,2012,unknown,,,,after,,,tt1147681,After,After,2014,99,"Drama,Mystery",4.7,129,Drama,after
2,2012-12-31,after,650000.0,0.0,,2012,unknown,,,,after,,,tt1799508,After,After,2012,90,"Drama,Fantasy,Mystery",5.5,4881,Drama,after
2,2012-12-31,after,650000.0,0.0,,2012,unknown,,,,after,,,tt2404163,After,After,2012,83,Romance,6.3,34,Romance,after
2,2012-12-31,after,650000.0,0.0,,2012,unknown,,,,after,,,tt4126476,After,After,2019,105,"Drama,Romance",5.6,7699,Drama,after
3,2014-12-31,the hadza: last of the first,650000.0,0.0,,2014,unknown,,,,the hadza: last of the first,,,tt2139721,The Hadza: Last of the First,The Hadza: Last of the First,2014,71,Documentary,7.7,10,Documentary,the hadza: last of the first
5,2013-12-31,treachery,625000.0,0.0,,2013,unknown,,,,treachery,,,tt2380301,Treachery,Treachery,2013,67,"Drama,Thriller",3.7,391,Drama,treachery
12,2014-05-02,water & power,600000.0,42557.0,,2014,unknown,,,,water & power,,,tt2052015,Water & Power,Water & Power,2013,88,"Crime,Drama",6.2,99,Crime,water & power
15,2015-05-22,drunk wedding,600000.0,3301.0,,2015,unknown,,,,drunk wedding,,,tt1950135,Drunk Wedding,Drunk Wedding,2015,81,Comedy,4.6,729,Comedy,drunk wedding
16,2016-03-04,they will have to kill us first,600000.0,0.0,,2016,unknown,,,,they will have to kill us first,,,tt4333662,They Will Have to Kill Us First,They Will Have to Kill Us First,2015,100,Documentary,7.3,112,Documentary,they will have to kill us first
18,2014-08-08,the maid's room,600000.0,0.0,,2014,unknown,,,,the maid's room,,,tt2263814,The Maid's Room,The Maid's Room,2013,98,Thriller,4.5,882,Thriller,the maid's room
19,2014-12-31,light from the darkroom,600000.0,0.0,,2014,unknown,,,,light from the darkroom,,,tt3130704,Light from the Darkroom,Light from the Darkroom,2014,90,"Action,Drama,Thriller",6.1,11,Action,light from the darkroom
20,2015-02-24,irreplaceable,600000.0,0.0,,2015,unknown,,,,irreplaceable,,,tt3721958,Irreplaceable,Irreplaceable,2014,109,Documentary,7.5,30,Documentary,irreplaceable
20,2015-02-24,irreplaceable,600000.0,0.0,,2015,unknown,,,,irreplaceable,,,tt5078326,Irreplaceable,Médecin de campagne,2016,102,"Comedy,Drama",6.5,2360,Comedy,irreplaceable
22,2011-07-29,the harvest/la cosecha,560000.0,3709.0,,2011,unknown,,,,the harvest/la cosecha,,,tt1981703,The Harvest/La Cosecha,The Harvest/La Cosecha,2011,80,Documentary,7.1,63,Documentary,the harvest/la cosecha
23,2015-12-31,julija in alfa romeo,560000.0,0.0,,2015,unknown,,,,julija in alfa romeo,,,tt4374230,Julija in alfa Romeo,Julija in alfa Romeo,2015,83,Comedy,5.8,116,Comedy,julija in alfa romeo
27,2014-09-12,faith connections,550000.0,9111.0,,2014,unknown,,,,faith connections,,,tt2768766,Faith Connections,Faith Connections,2013,115,"Biography,Documentary,Drama",7.1,149,Biography,faith connections
28,2012-03-06,high road,546173.0,0.0,,2012,unknown,,,,high road,,,tt1692084,High Road,High Road,2011,87,Comedy,5.4,1508,Comedy,high road
30,1974-11-15,benji,500000.0,31559560.0,,1974,unknown,,,,benji,,,tt1799516,Benji,Benji,2018,87,"Crime,Drama,Family",6.4,2779,Crime,benji
30,1974-11-15,benji,500000.0,31559560.0,,1974,unknown,,,,benji,,,tt2519480,Benji,Benji,2012,79,"Documentary,Sport",7.4,101,Documentary,benji
39,2011-07-08,sholem aleichem: laughing in the darkness,500000.0,1131261.0,,2011,unknown,,,,sholem aleichem: laughing in the darkness,,,tt1976608,Sholem Aleichem: Laughing in the Darkness,Sholem Aleichem: Laughing in the Darkness,2011,93,Documentary,6.8,157,Documentary,sholem aleichem: laughing in the darkness
41,2000-06-09,groove,500000.0,1115313.0,,2000,unknown,,,,groove,,,tt5597162,Groove,Groove,2017,87,"Drama,Music,Musical",8.4,10,Drama,groove
45,2013-08-23,drinking buddies,500000.0,343706.0,,2013,unknown,,,,drinking buddies,,,tt2265398,Drinking Buddies,Drinking Buddies,2013,90,"Comedy,Drama,Romance",6.1,53546,Comedy,drinking buddies
47,2002-07-12,never again,500000.0,307631.0,,2002,unknown,,,,never again,,,tt8662424,Never Again,Never Again,2017,106,Drama,5.7,67,Drama,never again
47,2002-07-12,never again,500000.0,307631.0,,2002,unknown,,,,never again,,,tt8976472,Never Again,Ei koskaan enää,2018,69,"Documentary,Music",6.6,27,Documentary,never again
50,2010-10-29,monsters,500000.0,237301.0,4237301.0,2010,Magn.,237000.0,4000000.0,2010.0,monsters,3737301.0,7.474602,tt1470827,Monsters,Monsters,2010,94,"Drama,Sci-Fi,Thriller",6.4,84332,Drama,monsters
50,2010-10-29,monsters,500000.0,237301.0,4237301.0,2010,Magn.,237000.0,4000000.0,2010.0,monsters,3737301.0,7.474602,tt5253186,Monsters,Yi zhong,2015,87,Horror,4.0,6,Horror,monsters
52,2013-04-17,deceptive practice: the mysteries and mentors of ricky jay,500000.0,152449.0,,2013,unknown,,,,deceptive practice: the mysteries and mentors of ricky jay,,,tt2654360,Deceptive Practice: The Mysteries and Mentors of Ricky Jay,Deceptive Practice: The Mysteries and Mentors of Ricky Jay,2012,88,Documentary,7.1,882,Documentary,deceptive practice: the mysteries and mentors of ricky jay
53,2012-09-28,the other dream team,500000.0,134109.0,,2012,unknown,,,,the other dream team,,,tt1606829,The Other Dream Team,The Other Dream Team,2012,89,"Documentary,Sport",8.4,3332,Documentary,the other dream team
55,2011-04-01,rubber,500000.0,100370.0,,2011,unknown,,,,rubber,,,tt1612774,Rubber,Rubber,2010,82,"Comedy,Fantasy,Horror",5.8,31316,Comedy,rubber
59,2003-07-11,the journey,500000.0,19800.0,,2003,unknown,,,,the journey,,,tt3025936,The Journey,The Journey,2014,112,"Adventure,Drama,Mystery",7.9,42,Adventure,the journey
59,2003-07-11,the journey,500000.0,19800.0,,2003,unknown,,,,the journey,,,tt3144678,The Journey,The Journey,2014,103,"Comedy,Drama,Family",7.5,545,Comedy,the journey
59,2003-07-11,the journey,500000.0,19800.0,,2003,unknown,,,,the journey,,,tt4826674,The Journey,The Journey,2016,94,Drama,6.6,1063,Drama,the journey
59,2003-07-11,the journey,500000.0,19800.0,,2003,unknown,,,,the journey,,,tt6213758,The Journey,The Journey,2017,82,"Drama,Thriller",6.3,124,Drama,the journey
65,2014-09-10,born to fly: elizabeth streb vs. gravity,500000.0,1822.0,,2014,unknown,,,,born to fly: elizabeth streb vs. gravity,,,tt2246526,Born to Fly: Elizabeth Streb vs. Gravity,Born to Fly: Elizabeth Streb vs. Gravity,2014,82,"Action,Biography,Documentary",6.7,47,Action,born to fly: elizabeth streb vs. gravity
66,2013-06-28,detention of the dead,500000.0,1778.0,,2013,unknown,,,,detention of the dead,,,tt1865346,Detention of the Dead,Detention of the Dead,2012,87,"Action,Adventure,Comedy",4.6,2414,Action,detention of the dead
67,2018-05-11,higher power,500000.0,528.0,,2018,unknown,,,,higher power,,,tt2924392,Higher Power,Higher Power,2018,93,"Action,Sci-Fi,Thriller",5.3,2152,Action,higher power
69,2013-01-08,now is good,500000.0,0.0,,2013,unknown,,,,now is good,,,tt1937264,Now Is Good,Now Is Good,2012,103,"Drama,Romance",7.2,31335,Drama,now is good
72,2010-12-31,drones,500000.0,0.0,,2010,unknown,,,,drones,,,tt1232775,Drones,Drones,2010,98,Comedy,6.4,483,Comedy,drones
72,2010-12-31,drones,500000.0,0.0,,2010,unknown,,,,drones,,,tt2179027,Drones,Drones,2013,82,Thriller,4.5,719,Thriller,drones
73,2012-04-03,enter nowhere,500000.0,0.0,,2012,unknown,,,,enter nowhere,,,tt1631707,Enter Nowhere,Enter Nowhere,2011,90,"Mystery,Sci-Fi,Thriller",6.6,7298,Mystery,enter nowhere
74,2012-07-17,girls gone dead,500000.0,0.0,,2012,unknown,,,,girls gone dead,,,tt1884318,Girls Gone Dead,Girls Gone Dead,2012,104,"Comedy,Horror",3.5,2230,Comedy,girls gone dead
76,2014-12-31,america is still the place,500000.0,0.0,,2014,unknown,,,,america is still the place,,,tt3417110,America is Still the Place,America is Still the Place,2015,90,History,6.8,38,History,america is still the place
77,2015-07-24,the outrageous sophie tucker,500000.0,0.0,,2015,unknown,,,,the outrageous sophie tucker,,,tt2825768,The Outrageous Sophie Tucker,The Outrageous Sophie Tucker,2014,96,Documentary,7.3,60,Documentary,the outrageous sophie tucker
78,2015-03-10,subconscious,500000.0,0.0,,2015,unknown,,,,subconscious,,,tt1764615,Subconscious,Subconscious,2010,72,Horror,4.5,172,Horror,subconscious
78,2015-03-10,subconscious,500000.0,0.0,,2015,unknown,,,,subconscious,,,tt2909932,Subconscious,Subconscious,2015,122,"Action,Mystery,Thriller",2.2,323,Action,subconscious
79,2015-04-14,roadside,500000.0,0.0,,2015,unknown,,,,roadside,,,tt1958007,Roadside,Roadside,2013,90,"Drama,Horror,Mystery",3.8,361,Drama,roadside
80,2014-12-31,diamond ruff,500000.0,0.0,,2014,unknown,,,,diamond ruff,,,tt2111292,Diamond Ruff,Diamond Ruff,2015,82,Action,4.3,65,Action,diamond ruff
81,2015-02-10,love in the time of monsters,500000.0,0.0,,2015,unknown,,,,love in the time of monsters,,,tt2403415,Love in the Time of Monsters,Love in the Time of Monsters,2014,97,"Comedy,Horror",5.5,183,Comedy,love in the time of monsters
83,2015-12-31,fight to the finish,500000.0,0.0,,2015,unknown,,,,fight to the finish,,,tt3152288,Fight to the Finish,Fight to the Finish,2016,94,"Action,Romance,Sport",3.6,109,Action,fight to the finish
84,2013-12-31,bucky and the squirrels,500000.0,0.0,,2013,unknown,,,,bucky and the squirrels,,,tt3126876,Bucky and the Squirrels,Bucky and the Squirrels,2015,82,Comedy,4.2,61,Comedy,bucky and the squirrels
85,1990-12-31,going under,500000.0,0.0,,1990,unknown,,,,going under,,,tt1986015,Going Under,Going Under,2011,83,"Action,Horror,Thriller",6.3,7,Action,going under
85,1990-12-31,going under,500000.0,0.0,,1990,unknown,,,,going under,,,tt2950444,Going Under,Going Under,2013,49,Drama,8.2,5,Drama,going under
87,2015-08-11,alleluia! the devil's carnival,500000.0,0.0,,2015,unknown,,,,alleluia! the devil's carnival,,,tt3892618,Alleluia! The Devil's Carnival,Alleluia! The Devil's Carnival,2016,97,"Horror,Musical",6.9,534,Horror,alleluia! the devil's carnival
89,2014-12-31,the sound and the shadow,500000.0,0.0,,2014,unknown,,,,the sound and the shadow,,,tt2190180,The Sound and the Shadow,The Sound and the Shadow,2014,90,"Comedy,Mystery,Thriller",7.9,37,Comedy,the sound and the shadow
90,2015-12-31,rodeo girl,500000.0,0.0,,2015,unknown,,,,rodeo girl,,,tt4062896,Rodeo Girl,Rodeo Girl,2016,108,"Adventure,Family",5.8,175,Adventure,rodeo girl
96,1997-08-22,sunday,450000.0,410919.0,,1997,unknown,,,,sunday,,,tt2262157,Sunday,Sunday,2014,71,"Drama,Romance",6.2,146,Drama,sunday
96,1997-08-22,sunday,450000.0,410919.0,,1997,unknown,,,,sunday,,,tt2380213,Sunday,Sunday,2012,65,"Crime,Drama",8.1,14,Crime,sunday
100,2014-07-11,as it is in heaven,450000.0,13486.0,,2014,unknown,,,,as it is in heaven,,,tt2176228,As It Is in Heaven,As It Is in Heaven,2014,86,Drama,7.3,73,Drama,as it is in heaven
1,2014-07-01,mutual friends,450000.0,0.0,,2014,unknown,,,,mutual friends,,,tt2112209,Mutual Friends,Mutual Friends,2013,86,"Comedy,Romance",6.5,83,Comedy,mutual friends
7,2014-04-25,blue ruin,420000.0,258384.0,,2014,unknown,,,,blue ruin,,,tt2359024,Blue Ruin,Blue Ruin,2013,90,"Crime,Drama,Thriller",7.1,58811,Crime,blue ruin
12,2008-10-24,heroes,400000.0,655538.0,,2008,unknown,,,,heroes,,,tt8824064,Heroes,Heroes,2019,88,Documentary,7.3,7,Documentary,heroes
13,2004-10-06,tarnation,400000.0,592014.0,,2004,unknown,,,,tarnation,,,tt5569344,Tarnation,Tarnation,2017,90,"Comedy,Horror",3.5,229,Comedy,tarnation
14,2010-10-15,i want your money,400000.0,433588.0,,2010,unknown,,,,i want your money,,,tt1560957,I Want Your Money,I Want Your Money,2010,92,Documentary,5.1,1244,Documentary,i want your money
17,2001-07-27,jackpot,400000.0,44452.0,1144452.0,2001,DR,800.0,1100000.0,2014.0,jackpot,744452.0,1.86113,tt1809231,Jackpot,Arme Riddere,2011,86,"Action,Comedy,Crime",6.6,2941,Action,jackpot
17,2001-07-27,jackpot,400000.0,44452.0,1144452.0,2001,DR,800.0,1100000.0,2014.0,jackpot,744452.0,1.86113,tt3309662,Jackpot,Jackpot,2013,132,"Comedy,Thriller",2.1,647,Comedy,jackpot
17,2001-07-27,jackpot,400000.0,44452.0,1144452.0,2001,DR,800.0,1100000.0,2014.0,jackpot,744452.0,1.86113,tt4320966,Jackpot,Trung so,2015,92,Comedy,6.7,55,Comedy,jackpot
17,2001-07-27,jackpot,400000.0,44452.0,1144452.0,2001,DR,800.0,1100000.0,2014.0,jackpot,744452.0,1.86113,tt8671762,Jackpot,Jackpot,2018,150,"Comedy,Romance",7.8,18,Comedy,jackpot
28,1980-01-01,maniac,350000.0,10000000.0,,1980,unknown,,,,maniac,,,tt2069843,Maniac,Maniac,2011,160,"Action,Horror,Thriller",4.8,5,Action,maniac
28,1980-01-01,maniac,350000.0,10000000.0,,1980,unknown,,,,maniac,,,tt2103217,Maniac,Maniac,2012,89,"Horror,Thriller",6.1,32534,Horror,maniac
35,2015-10-20,rotor dr1,350000.0,0.0,,2015,unknown,,,,rotor dr1,,,tt4162992,Rotor DR1,Rotor DR1,2015,98,"Family,Sci-Fi",3.4,280,Family,rotor dr1
51,2011-03-11,3 backyards,300000.0,39475.0,,2011,unknown,,,,3 backyards,,,tt1314190,3 Backyards,3 Backyards,2010,88,Drama,5.0,611,Drama,3 backyards
57,2014-03-28,locker 13,300000.0,3496.0,,2014,unknown,,,,locker 13,,,tt1241226,Locker 13,Locker 13,2014,90,Thriller,4.7,290,Thriller,locker 13
58,2015-10-23,the looking glass,300000.0,1711.0,,2015,unknown,,,,the looking glass,,,tt1883370,The Looking Glass,The Looking Glass,2011,80,Fantasy,5.5,36,Fantasy,the looking glass
58,2015-10-23,the looking glass,300000.0,1711.0,,2015,unknown,,,,the looking glass,,,tt2912776,The Looking Glass,The Looking Glass,2015,110,"Drama,Music",5.8,156,Drama,the looking glass
59,2014-10-31,all you need is love,300000.0,0.0,,2014,unknown,,,,all you need is love,,,tt2704210,All You Need Is Love,All You Need Is Love,2014,90,Documentary,6.8,9,Documentary,all you need is love
59,2014-10-31,all you need is love,300000.0,0.0,,2014,unknown,,,,all you need is love,,,tt4971480,All You Need Is Love,Luo pao ba ai qing,2015,103,"Comedy,Romance",5.6,119,Comedy,all you need is love
59,2014-10-31,all you need is love,300000.0,0.0,,2014,unknown,,,,all you need is love,,,tt8161226,All You Need Is Love,All You Need Is Love,2018,113,"Comedy,Romance",5.8,244,Comedy,all you need is love
61,2012-07-03,some guy who kills people,300000.0,0.0,,2012,unknown,,,,some guy who kills people,,,tt1568341,Some Guy Who Kills People,Some Guy Who Kills People,2011,97,"Comedy,Crime,Drama",6.3,5111,Comedy,some guy who kills people
62,2013-08-07,midnight cabaret,300000.0,0.0,,2013,unknown,,,,midnight cabaret,,,tt2145676,Midnight Cabaret,Midnight Cabaret,2012,78,"Action,Crime,Drama",6.4,19,Action,midnight cabaret
63,2015-03-10,teeth and blood,300000.0,0.0,,2015,unknown,,,,teeth and blood,,,tt1991199,Teeth and Blood,Teeth and Blood,2015,96,"Action,Horror",4.0,34,Action,teeth and blood
65,2010-12-31,anderson's cross,300000.0,0.0,,2010,unknown,,,,anderson's cross,,,tt0393049,Anderson's Cross,Anderson's Cross,2010,98,"Comedy,Drama,Romance",5.5,106,Comedy,anderson's cross
66,2015-12-08,amidst the devil's wings,300000.0,0.0,,2015,unknown,,,,amidst the devil's wings,,,tt3976258,Amidst the Devil's Wings,Amidst the Devil's Wings,2014,90,"Action,Crime,Drama",4.0,33,Action,amidst the devil's wings
67,2010-12-31,death calls,290000.0,0.0,,2010,unknown,,,,death calls,,,tt1328873,Death Calls,Death Calls,2010,90,"Action,Adventure,Mystery",4.6,33,Action,death calls
68,2012-08-17,compliance,270000.0,319285.0,,2012,unknown,,,,compliance,,,tt1971352,Compliance,Compliance,2012,90,"Biography,Crime,Drama",6.4,28703,Biography,compliance
69,1981-05-01,graduation day,250000.0,23894000.0,,1981,unknown,,,,graduation day,,,tt2616818,Graduation Day,Graduation Day,2015,75,Thriller,5.0,52,Thriller,graduation day
72,2017-04-28,sleight,250000.0,3930990.0,,2017,unknown,,,,sleight,,,tt4573516,Sleight,Sleight,2016,89,"Action,Drama,Sci-Fi",5.9,7074,Action,sleight
74,2011-10-28,like crazy,250000.0,3395391.0,3731391.0,2011,ParV,3400000.0,336000.0,2011.0,like crazy,3481391.0,13.925564,tt1758692,Like Crazy,Like Crazy,2011,86,"Drama,Romance",6.7,55841,Drama,like crazy
74,2011-10-28,like crazy,250000.0,3395391.0,3731391.0,2011,ParV,3400000.0,336000.0,2011.0,like crazy,3481391.0,13.925564,tt4621872,Like Crazy,La pazza gioia,2016,116,"Comedy,Drama",7.2,7156,Comedy,like crazy
79,1997-03-28,love and other catastrophes,250000.0,212285.0,,1997,unknown,,,,love and other catastrophes,,,tt5822766,Love and Other Catastrophes,Kærlighed og andre katastrofer,2016,100,"Comedy,Drama",5.8,70,Comedy,love and other catastrophes
81,2005-07-22,november,250000.0,191862.0,,2005,unknown,,,,november,,,tt6164502,November,November,2017,115,"Drama,Fantasy,Horror",7.2,2455,Drama,november
83,2008-03-28,happy valley,250000.0,67665.0,,2008,unknown,,,,happy valley,,,tt2171902,Happy Valley,Happy Valley,2014,98,"Documentary,Drama,Sport",7.1,1059,Documentary,happy valley
84,2013-08-02,the canyons,250000.0,59671.0,,2013,unknown,,,,the canyons,,,tt2292959,The Canyons,The Canyons,2013,99,"Drama,Thriller",3.8,9838,Drama,the canyons
88,2014-08-15,nightlights,250000.0,21147.0,,2014,unknown,,,,nightlights,,,tt1997621,NightLights,NightLights,2014,97,Drama,8.0,69,Drama,nightlights
89,2014-06-06,test,250000.0,18823.0,,2014,unknown,,,,test,,,tt2407380,Test,Test,2013,89,Drama,6.2,1373,Drama,test
89,2014-06-06,test,250000.0,18823.0,,2014,unknown,,,,test,,,tt4131188,Test,Ispytanie,2014,96,Drama,7.2,423,Drama,test
91,2015-03-24,along the roadside,250000.0,0.0,,2015,unknown,,,,along the roadside,,,tt2290113,Along the Roadside,Along the Roadside,2013,108,"Comedy,Music,Romance",6.8,392,Comedy,along the roadside
93,2010-10-05,rust,250000.0,0.0,,2010,unknown,,,,rust,,,tt1360826,Rust,Rust,2010,95,Drama,5.6,404,Drama,rust
93,2010-10-05,rust,250000.0,0.0,,2010,unknown,,,,rust,,,tt1833781,Rust,Ruggine,2011,109,Drama,6.1,412,Drama,rust
93,2010-10-05,rust,250000.0,0.0,,2010,unknown,,,,rust,,,tt3490320,Rust,Rust,2015,75,"Horror,Thriller",6.1,22,Horror,rust
93,2010-10-05,rust,250000.0,0.0,,2010,unknown,,,,rust,,,tt7467324,Rust,Ferrugem,2018,100,Drama,6.6,377,Drama,rust
94,2010-12-31,the christmas bunny,250000.0,0.0,,2010,unknown,,,,the christmas bunny,,,tt1640714,The Christmas Bunny,The Christmas Bunny,2010,98,"Drama,Family",6.1,662,Drama,the christmas bunny
96,2012-12-18,the frozen,250000.0,0.0,,2012,unknown,,,,the frozen,,,tt2363439,The Frozen,The Frozen,2012,95,"Drama,Thriller",4.4,1641,Drama,the frozen
98,2010-12-31,butterfly,250000.0,0.0,,2010,unknown,,,,butterfly,,,tt1342096,Butterfly,Butterfly,2010,90,"Horror,Thriller",4.7,53,Horror,butterfly
98,2010-12-31,butterfly,250000.0,0.0,,2010,unknown,,,,butterfly,,,tt3919820,Butterfly,Mariposa,2015,103,"Comedy,Drama,Romance",6.2,224,Comedy,butterfly
98,2010-12-31,butterfly,250000.0,0.0,,2010,unknown,,,,butterfly,,,tt9121568,Butterfly,Butterfly,2018,80,"Documentary,Sport",7.8,16,Documentary,butterfly
99,2015-02-03,undivided,250000.0,0.0,,2015,unknown,,,,undivided,,,tt3564748,UnDivided,UnDivided,2013,66,Documentary,8.4,8,Documentary,undivided
100,2014-12-31,horse camp,250000.0,0.0,,2014,unknown,,,,horse camp,,,tt3421204,Horse Camp,Horse Camp,2017,108,Family,6.7,82,Family,horse camp
1,2015-02-24,give me shelter,250000.0,0.0,,2015,unknown,,,,give me shelter,,,tt2559658,Give Me Shelter,Give Me Shelter,2014,90,Documentary,7.6,56,Documentary,give me shelter
3,2015-12-31,shooting the warwicks,250000.0,0.0,,2015,unknown,,,,shooting the warwicks,,,tt2690560,Shooting the Warwicks,Reality Show,2015,95,"Comedy,Drama",6.1,115,Comedy,shooting the warwicks
5,2015-10-09,western religion,250000.0,0.0,,2015,unknown,,,,western religion,,,tt3210710,Western Religion,Western Religion,2015,105,"Adventure,Drama,Fantasy",4.0,190,Adventure,western religion
10,2012-07-20,burn,225000.0,1109276.0,,2012,unknown,,,,burn,,,tt1781784,Burn,Burn,2012,86,Documentary,7.5,663,Documentary,burn
16,1996-10-18,swingers,200000.0,4505922.0,,1996,unknown,,,,swingers,,,tt6016012,Swingers,Swingers,2016,85,Comedy,6.7,434,Comedy,swingers
16,1996-10-18,swingers,200000.0,4505922.0,,1996,unknown,,,,swingers,,,tt8630424,Swingers,Swingers,2018,86,Comedy,4.2,103,Comedy,swingers
18,2011-02-25,the grace card,200000.0,2430735.0,,2011,unknown,,,,the grace card,,,tt1544600,The Grace Card,The Grace Card,2010,101,Drama,6.6,2488,Drama,the grace card
21,2015-06-19,the overnight,200000.0,1109808.0,,2015,unknown,,,,the overnight,,,tt3844362,The Overnight,The Overnight,2015,79,"Comedy,Mystery",6.1,14828,Comedy,the overnight
23,2012-10-12,middle of nowhere,200000.0,236806.0,,2012,unknown,,,,middle of nowhere,,,tt1211890,Middle of Nowhere,Middle of Nowhere,2012,97,Drama,6.4,1406,Drama,middle of nowhere
26,2002-05-10,hybrid,200000.0,162605.0,,2002,unknown,,,,hybrid,,,tt3105014,Hybrid,Hybrid,2013,104,"Documentary,Sport",7.2,5,Documentary,hybrid
33,2014-03-14,the word,200000.0,3648.0,,2014,unknown,,,,the word,,,tt2338341,The Word,The Word,2013,104,Drama,6.7,97,Drama,the word
33,2014-03-14,the word,200000.0,3648.0,,2014,unknown,,,,the word,,,tt3509804,The Word,Obietnica,2014,97,"Drama,Thriller",4.9,344,Drama,the word
38,2014-09-12,archaeology of a woman,200000.0,0.0,,2014,unknown,,,,archaeology of a woman,,,tt1702455,Archaeology of a Woman,Archaeology of a Woman,2012,94,Drama,7.9,16,Drama,archaeology of a woman
39,2014-08-26,sanctuary; quite a conundrum,200000.0,0.0,,2014,unknown,,,,sanctuary; quite a conundrum,,,tt2049518,Sanctuary; Quite a Conundrum,Sanctuary; Quite a Conundrum,2012,82,"Comedy,Horror,Thriller",5.4,150,Comedy,sanctuary; quite a conundrum
40,2015-09-29,theresa is a mother,200000.0,0.0,,2015,unknown,,,,theresa is a mother,,,tt1989646,Theresa Is a Mother,Theresa Is a Mother,2012,105,"Comedy,Drama,Music",6.8,53,Comedy,theresa is a mother
41,2015-11-10,perfect cowboy,200000.0,0.0,,2015,unknown,,,,perfect cowboy,,,tt3581098,Perfect Cowboy,Perfect Cowboy,2014,109,Drama,5.9,37,Drama,perfect cowboy
42,2014-12-31,h.,200000.0,0.0,,2014,unknown,,,,h.,,,tt3666210,H.,H.,2014,93,"Drama,Sci-Fi,Thriller",5.9,443,Drama,h.
43,2011-09-23,weekend,190000.0,484592.0,,2011,unknown,,,,weekend,,,tt1714210,Weekend,Weekend,2011,97,"Drama,Romance",7.6,25424,Drama,weekend
43,2011-09-23,weekend,190000.0,484592.0,,2011,unknown,,,,weekend,,,tt1791679,Weekend,Weekend,2011,121,"Action,Comedy,Crime",4.0,583,Action,weekend
43,2011-09-23,weekend,190000.0,484592.0,,2011,unknown,,,,weekend,,,tt5167782,Weekend,Weekend,2012,71,Horror,3.8,44,Horror,weekend
45,2015-02-27,butterfly girl,180000.0,17503.0,,2015,unknown,,,,butterfly girl,,,tt2421956,Butterfly Girl,Butterfly Girl,2014,78,Documentary,8.6,43,Documentary,butterfly girl
48,2011-07-22,another earth,175000.0,1321194.0,1777194.0,2011,FoxS,1300000.0,456000.0,2011.0,another earth,1602194.0,9.155394285714285,tt1549572,Another Earth,Another Earth,2011,92,"Drama,Romance,Sci-Fi",7.0,85839,Drama,another earth
49,2013-08-23,sparrows dance,175000.0,2602.0,,2013,unknown,,,,sparrows dance,,,tt1822311,Sparrows Dance,Sparrows Dance,2012,81,"Comedy,Drama,Romance",6.8,550,Comedy,sparrows dance
50,2015-09-04,heroes of dirt,175000.0,0.0,,2015,unknown,,,,heroes of dirt,,,tt1934172,Heroes of Dirt,Heroes of Dirt,2015,98,"Action,Drama,Sport",6.7,81,Action,heroes of dirt
51,2016-06-03,the fits,170000.0,166425.0,,2016,unknown,,,,the fits,,,tt4238858,The Fits,The Fits,2015,72,"Drama,Music",6.7,4053,Drama,the fits
61,2015-08-21,top spin,150000.0,5858.0,,2015,unknown,,,,top spin,,,tt4219836,Top Spin,Top Spin,2014,80,Documentary,6.9,513,Documentary,top spin
62,2013-12-31,speak no evil,150000.0,0.0,,2013,unknown,,,,speak no evil,,,tt2503358,Speak No Evil,Speak No Evil,2013,74,Horror,3.6,534,Horror,speak no evil
64,2013-05-03,aroused,150000.0,0.0,,2013,unknown,,,,aroused,,,tt2403815,Aroused,Aroused,2013,66,Documentary,5.3,596,Documentary,aroused
68,2012-04-27,sound of my voice,135000.0,408015.0,,2012,unknown,,,,sound of my voice,,,tt1748207,Sound of My Voice,Sound of My Voice,2011,85,"Drama,Mystery,Sci-Fi",6.6,19387,Drama,sound of my voice
70,2014-07-18,an american in hollywood,125000.0,0.0,,2014,unknown,,,,an american in hollywood,,,tt2125430,An American in Hollywood,An American in Hollywood,2014,89,Drama,7.3,200,Drama,an american in hollywood
71,2015-08-11,the brain that sings,125000.0,0.0,,2015,unknown,,,,the brain that sings,,,tt2638024,The Brain That Sings,The Brain That Sings,2013,62,"Documentary,Family",7.9,19,Documentary,the brain that sings
73,2012-06-15,your sister's sister,120000.0,1597486.0,,2012,unknown,,,,your sister's sister,,,tt1742336,Your Sister's Sister,Your Sister's Sister,2011,90,"Comedy,Drama",6.7,24780,Comedy,your sister's sister
80,2015-07-10,the gallows,100000.0,22764410.0,42964410.0,2015,WB (NL),22800000.0,20200000.0,2015.0,the gallows,42864410.0,428.6441,tt2309260,The Gallows,The Gallows,2015,81,"Horror,Mystery,Thriller",4.2,17763,Horror,the gallows
86,2017-07-07,a ghost story,100000.0,1594798.0,,2017,unknown,,,,a ghost story,,,tt6265828,A Ghost Story,A Ghost Story,2017,92,"Drama,Fantasy,Romance",6.8,46280,Drama,a ghost story
89,2014-03-21,cheap thrills,100000.0,59424.0,,2014,unknown,,,,cheap thrills,,,tt2389182,Cheap Thrills,Cheap Thrills,2013,88,"Comedy,Crime,Drama",6.7,16429,Comedy,cheap thrills
90,2014-06-19,the past is a grotesque animal,100000.0,20056.0,,2014,unknown,,,,the past is a grotesque animal,,,tt3072636,The Past is a Grotesque Animal,The Past is a Grotesque Animal,2014,77,"Biography,Documentary,Music",7.2,118,Biography,the past is a grotesque animal
92,2012-05-18,indie game: the movie,100000.0,0.0,,2012,unknown,,,,indie game: the movie,,,tt1942884,Indie Game: The Movie,Indie Game: The Movie,2012,103,"Documentary,Drama",7.7,19538,Documentary,indie game: the movie
94,2014-06-10,echo dr.,100000.0,0.0,,2014,unknown,,,,echo dr.,,,tt2343473,Echo Dr.,Echo Dr.,2013,81,"Action,Drama,Sci-Fi",3.6,112,Action,echo dr.
95,2015-03-17,closure,100000.0,0.0,,2015,unknown,,,,closure,,,tt1570983,Closure,Closure,2010,95,Thriller,5.5,95,Thriller,closure
95,2015-03-17,closure,100000.0,0.0,,2015,unknown,,,,closure,,,tt2170576,Closure,Closure,2012,72,"Comedy,Drama,Romance",7.9,16,Comedy,closure
95,2015-03-17,closure,100000.0,0.0,,2015,unknown,,,,closure,,,tt2405862,Closure,Closure,2013,76,"Adventure,Biography,Documentary",8.0,150,Adventure,closure
95,2015-03-17,closure,100000.0,0.0,,2015,unknown,,,,closure,,,tt4338136,Closure,Closure,2015,62,Drama,6.4,21,Drama,closure
95,2015-03-17,closure,100000.0,0.0,,2015,unknown,,,,closure,,,tt7385812,Closure,Closure,2018,90,"Comedy,Drama",7.9,15,Comedy,closure
97,2015-03-25,open secret,100000.0,0.0,,2015,unknown,,,,open secret,,,tt1739304,Open Secret,Open Secret,2011,55,Documentary,6.5,39,Documentary,open secret
98,2015-11-10,the night visitor,100000.0,0.0,,2015,unknown,,,,the night visitor,,,tt2797642,The Night Visitor,The Night Visitor,2013,91,"Horror,Sci-Fi,Thriller",4.8,95,Horror,the night visitor
99,2015-07-07,tiger orange,100000.0,0.0,,2015,unknown,,,,tiger orange,,,tt2866824,Tiger Orange,Tiger Orange,2014,75,Drama,6.6,1053,Drama,tiger orange
2,2015-07-17,dawn of the crescent moon,75000.0,8799.0,,2015,unknown,,,,dawn of the crescent moon,,,tt3157318,Dawn of the Crescent Moon,Dawn of the Crescent Moon,2014,95,"Drama,Sci-Fi,Thriller",5.1,42,Drama,dawn of the crescent moon
3,2015-09-29,queen crab,75000.0,0.0,,2015,unknown,,,,queen crab,,,tt2319456,Queen Crab,Queen Crab,2015,80,"Action,Sci-Fi,Thriller",4.2,196,Action,queen crab
4,2014-07-25,happy christmas,70000.0,30312.0,,2014,unknown,,,,happy christmas,,,tt2955096,Happy Christmas,Happy Christmas,2014,82,"Comedy,Drama",5.5,7217,Comedy,happy christmas
6,2011-12-31,absentia,70000.0,0.0,,2011,unknown,,,,absentia,,,tt1610996,Absentia,Absentia,2011,87,"Drama,Horror,Mystery",5.8,15507,Drama,absentia
11,2013-01-25,supporting characters,60000.0,4917.0,,2013,unknown,,,,supporting characters,,,tt1874789,Supporting Characters,Supporting Characters,2012,87,Comedy,6.4,821,Comedy,supporting characters
12,2012-03-16,the fp,60000.0,0.0,,2012,unknown,,,,the fp,,,tt1296373,The FP,The FP,2011,82,Comedy,5.6,1541,Comedy,the fp
13,2012-12-31,hayride,60000.0,0.0,,2012,unknown,,,,hayride,,,tt1861343,Hayride,Hayride,2012,93,"Crime,Drama,Horror",3.4,622,Crime,hayride
15,2013-10-04,the dirties,55000.0,0.0,,2013,unknown,,,,the dirties,,,tt2334896,The Dirties,The Dirties,2013,83,"Crime,Drama",6.8,5728,Crime,the dirties
18,2010-11-12,tiny furniture,50000.0,391674.0,,2010,unknown,,,,tiny furniture,,,tt1570989,Tiny Furniture,Tiny Furniture,2010,98,"Comedy,Drama,Romance",6.2,13397,Comedy,tiny furniture
20,2015-07-31,counting,50000.0,8374.0,,2015,unknown,,,,counting,,,tt4462082,Counting,Counting,2015,111,Documentary,6.0,126,Documentary,counting
22,2014-02-14,down and dangerous,50000.0,0.0,,2014,unknown,,,,down and dangerous,,,tt2090488,Down and Dangerous,Down and Dangerous,2013,95,"Crime,Thriller",5.2,846,Crime,down and dangerous
24,2015-08-04,bending steel,50000.0,0.0,,2015,unknown,,,,bending steel,,,tt2181837,Bending Steel,Bending Steel,2013,92,Documentary,7.9,60,Documentary,bending steel
25,2015-09-01,"run, hide, die",50000.0,0.0,,2015,unknown,,,,"run, hide, die",,,tt2442662,"Run, Hide, Die",The Anniversary,2012,104,"Horror,Thriller",3.5,162,Horror,"run, hide, die"
26,2014-12-31,the image revolution,50000.0,0.0,,2014,unknown,,,,the image revolution,,,tt2294916,The Image Revolution,The Image Revolution,2014,81,"Biography,Documentary",7.2,156,Biography,the image revolution
27,2013-10-25,a true story,45000.0,0.0,,2013,unknown,,,,a true story,,,tt1524083,A True Story,A True Story. Based on Things That Never Actually Happened. ...And Some That Did.,2013,96,Comedy,5.2,211,Comedy,a true story
29,2013-06-21,this is martin bonner,42000.0,0.0,,2013,unknown,,,,this is martin bonner,,,tt1798291,This Is Martin Bonner,This Is Martin Bonner,2013,83,Drama,6.6,846,Drama,this is martin bonner
32,2011-02-11,raymond did it,40000.0,3632.0,,2011,unknown,,,,raymond did it,,,tt1716760,Raymond Did It,Raymond Did It,2011,83,Horror,3.3,211,Horror,raymond did it
33,2012-03-31,foreign letters,40000.0,0.0,,2012,unknown,,,,foreign letters,,,tt1492841,Foreign Letters,Foreign Letters,2012,99,"Comedy,Drama",6.9,180,Comedy,foreign letters
35,2013-10-25,her cry: la llorona investigation,35000.0,0.0,,2013,unknown,,,,her cry: la llorona investigation,,,tt2469216,Her Cry: La Llorona Investigation,Her Cry: La Llorona Investigation,2013,89,Horror,3.7,70,Horror,her cry: la llorona investigation
36,2014-12-31,happy 40th,35000.0,0.0,,2014,unknown,,,,happy 40th,,,tt3847958,Happy 40th,Happy 40th,2015,100,Drama,6.3,51,Drama,happy 40th
38,2016-03-18,krisha,30000.0,144822.0,,2016,unknown,,,,krisha,,,tt4266638,Krisha,Krisha,2015,83,Drama,7.2,5917,Drama,krisha
45,2017-01-27,emily,27000.0,3547.0,,2017,unknown,,,,emily,,,tt4393036,Emily,Emily,2017,83,Drama,6.8,13,Drama,emily
49,2015-09-01,exeter,25000.0,0.0,,2015,unknown,,,,exeter,,,tt1945044,Exeter,Exeter,2015,91,"Horror,Mystery,Thriller",4.5,5156,Horror,exeter
51,2015-04-21,ten,25000.0,0.0,,2015,unknown,,,,ten,,,tt2309562,Ten,Ten,2013,118,Drama,5.5,31,Drama,ten
51,2015-04-21,ten,25000.0,0.0,,2015,unknown,,,,ten,,,tt2496400,Ten,Ten,2014,83,"Adventure,Horror,Mystery",5.4,623,Adventure,ten
51,2015-04-21,ten,25000.0,0.0,,2015,unknown,,,,ten,,,tt6415838,Ten,Ten,2017,82,"Horror,Mystery,Thriller",4.7,191,Horror,ten
52,2015-12-01,dutch kills,25000.0,0.0,,2015,unknown,,,,dutch kills,,,tt2759066,Dutch Kills,Dutch Kills,2015,90,"Crime,Drama,Thriller",5.1,82,Crime,dutch kills
54,2014-12-31,dry spell,22000.0,0.0,,2014,unknown,,,,dry spell,,,tt2375036,Dry Spell,Dry Spell,2013,90,"Comedy,Romance",3.3,120,Comedy,dry spell
56,2013-01-04,all superheroes must die,20000.0,0.0,,2013,unknown,,,,all superheroes must die,,,tt1836212,All Superheroes Must Die,All Superheroes Must Die,2011,78,"Sci-Fi,Thriller",4.0,1977,Sci-Fi,all superheroes must die
59,2011-11-25,the ridges,17300.0,0.0,,2011,unknown,,,,the ridges,,,tt1781935,The Ridges,The Ridges,2011,89,"Drama,Horror,Thriller",2.9,127,Drama,the ridges
62,2014-12-31,stories of our lives,15000.0,0.0,,2014,unknown,,,,stories of our lives,,,tt3973612,Stories of Our Lives,Stories of Our Lives,2014,60,Drama,7.5,85,Drama,stories of our lives
68,2001-07-06,cure,10000.0,94596.0,,2001,unknown,,,,cure,,,tt1872026,Cure,Cure,2011,93,Drama,4.9,11,Drama,cure
73,2012-01-13,newlyweds,9000.0,4584.0,,2012,unknown,,,,newlyweds,,,tt1880418,Newlyweds,Newlyweds,2011,95,"Comedy,Drama",6.4,1436,Comedy,newlyweds
78,2018-12-31,red 11,7000.0,0.0,,2018,unknown,,,,red 11,,,tt7837402,Red 11,Red 11,2019,77,"Horror,Sci-Fi,Thriller",5.6,43,Horror,red 11
81,2015-09-29,a plague so pleasant,1400.0,0.0,,2015,unknown,,,,a plague so pleasant,,,tt2107644,A Plague So Pleasant,A Plague So Pleasant,2013,76,"Drama,Horror,Thriller",5.4,72,Drama,a plague so pleasant
